"baseMean","log2FoldChange","lfcSE","stat","pvalue","padj","gene_id","significance"
26.3863923693638,1.28557424875954,0.446187531158039,2.88124198680081,0.003961113956117,0.0138643890832853,"ENSRNA049471381","Up"
363.167335091304,1.35773261335193,0.123648897675928,10.9805476544596,4.74041218786713e-28,2.03126662250107e-26,"Os01g0190400","Up"
16.3354201728554,1.49994867664139,0.55910303767934,2.6827768328128,0.00730136947586809,0.0233718200505971,"Os01g0664200","Up"
18.4434895086561,1.46664516578159,0.582970285917078,2.5158146156187,0.0118757630575676,0.0353982351423978,"Os01g0824000","Up"
149.698040906519,1.30414662516751,0.202622073319435,6.43635021497144,1.22380485295172e-10,1.57822275633048e-09,"Os01g0618900","Up"
5.2375912228032,3.80910948242681,1.41832475205268,2.68563985569176,0.00723910712985353,0.0232034094842893,"Os01g0705200","Up"
42.5303015855838,2.35882310997486,0.378984632320287,6.22406005101909,4.84451514232105e-10,5.85003128693346e-09,"Os01g0232100","Up"
3.14212981772118,5.00413168251571,1.70025527932592,2.94316491374145,0.00324875307051511,0.0116463411823093,"Os01g0604900","Up"
11.8068537492144,5.01156394573296,1.18308035494084,4.23603005899255,2.27506334656511e-05,0.000139085746874638,"Os01g0285300","Up"
346.900727855292,1.13506036736201,0.128613889434929,8.82533272532964,1.0913485377103e-18,2.78811454335909e-17,"Os01g0777200","Up"
333.331835120133,1.34882486178636,0.142202704466458,9.48522650709861,2.41857236756144e-21,7.29207304125855e-20,"Os01g0734200","Up"
13.4247877086141,2.28668191957525,0.675880567250102,3.38326330179736,0.000716299226266935,0.00309075008767206,"Os01g0588400","Up"
24.3418394347743,4.45700578845081,0.740277017075056,6.02072695173098,1.7363545598213e-09,1.98728625278455e-08,"Os01g0348900","Up"
13.5328180237846,4.1729788374877,0.914198196022948,4.56463254427922,5.00369987500169e-06,3.45651285209875e-05,"Os01g0219300","Up"
2.13929295646824,4.44598340698746,1.82322098894811,2.43853237426393,0.0147470376902218,0.0426380167906764,"Os01g0139900","Up"
26.2684441264697,1.17200846621371,0.452880618429201,2.58789715991551,0.00965638053006796,0.0298102933927357,"Os01g0851300","Up"
32.4626787599468,1.58071965510046,0.42616784200633,3.70914813200988,0.000207957740943931,0.00102496564510898,"Os01g0723600","Up"
527.872614556022,1.12464208825655,0.111358883423655,10.099257945843,5.56617687357279e-24,1.9530651136664e-22,"Os01g0664500","Up"
246.03632710893,1.33665535449776,0.159493288490866,8.38063699824153,5.26420198956021e-17,1.17875610820865e-15,"Os01g0733200","Up"
26.1222622067081,2.08949874016089,0.470212387112444,4.44373393264354,8.84109287646966e-06,5.85973629340141e-05,"Os01g0213800","Up"
8.81189064986599,3.52635457901706,0.983993499032199,3.58371735431727,0.000338738634303198,0.00158843762505866,"Os01g0323000","Up"
2.34019782280979,4.57116838649873,1.7779330052261,2.57105772436988,0.0101388425858402,0.0310657212535371,"Os01g0782800","Up"
29.0097258167623,1.28570647279351,0.441140580325655,2.91450510366647,0.00356252983682258,0.0126271345175059,"Os01g0890001","Up"
54.9444710507132,1.83604683229609,0.355642353591636,5.16262141939459,2.43515318446834e-07,2.07372981661997e-06,"Os01g0692000","Up"
109.718291511059,1.04400222801243,0.219430966060747,4.75777073197324,1.95742634756797e-06,1.44954109807724e-05,"Os01g0776400","Up"
13.6173566345715,1.48509785042335,0.610833773964134,2.43126348562145,0.0150462682033512,0.0433765046951044,"Os01g0140400","Up"
43.5136408018014,2.38722079573324,0.420482166428777,5.6773413626749,1.3680429667359e-08,1.39121262647458e-07,"Os01g0631700","Up"
30.4431262190057,1.56182791780759,0.43300407987834,3.606958895737,0.000309806714616686,0.00146558811166447,"Os01g0606000","Up"
19.6421281965197,2.15576623213462,0.557831985249305,3.8645439650994,0.000111296942719455,0.000585053687183813,"Os01g0257100","Up"
26.8093869899609,2.26202640868457,0.567276901453155,3.98751721229984,6.67683616913246e-05,0.000368300377802292,"Os01g0367900","Up"
218.47086107534,2.69740375448361,0.194383378705409,13.8767201828072,8.76644401629616e-44,7.1447781909185e-42,"Os01g0844300","Up"
25.3797863031923,2.44038023163553,0.52608037089467,4.63879735236147,3.50442459187361e-06,2.48437271159677e-05,"Os01g0707500","Up"
156.927321987101,1.42754902711627,0.194086057100352,7.35523740573572,1.90588078434239e-13,3.23530699051543e-12,"Os01g0734399","Up"
966.10072553702,1.02508725982848,0.0844255819373339,12.1419033935634,6.33353491784495e-34,3.65548369411373e-32,"Os01g0652650","Up"
586.680750923894,1.18986632104849,0.103914012485226,11.4504896172464,2.33821069360048e-30,1.12652362224387e-28,"Os01g0661500","Up"
35.1078067633167,6.61011108228257,1.07563998885224,6.14528201888059,7.98215634088983e-10,9.4177456602714e-09,"Os01g0127600","Up"
17.2582008535589,1.34934335869386,0.553347141432924,2.43851148340562,0.0147478901116084,0.0426380167906764,"Os01g0217050","Up"
37.5423144118086,1.0276075470366,0.373067092833026,2.75448455995698,0.00587846635604941,0.0193763294889783,"Os01g0720200","Up"
34.2670648298833,2.49585763028304,0.430796975204648,5.79358206750964,6.89007924700322e-09,7.27898136662301e-08,"Os01g0962100","Up"
25.0175415754732,1.91158146941464,0.536063151249024,3.56596319847889,0.000362522245711494,0.00169043555333335,"Os01g0171100","Up"
78.0564568296243,3.35108245828262,0.324075430534034,10.3404397326896,4.62410791026432e-25,1.71845460985789e-23,"Os01g0755550","Up"
58.8252289245228,2.13677170440009,0.337036057386758,6.33989051785069,2.29928494007872e-10,2.88748123403047e-09,"Os01g0768600","Up"
27.5330462974311,1.25787441800532,0.445404149580383,2.82411921664934,0.00474107464514319,0.0161642353272206,"Os01g0303600","Up"
54.672453245991,3.32406251731679,0.381688312720681,8.70884018853712,3.06999744474539e-18,7.51710802899087e-17,"Os01g0652375","Up"
96.4582873565688,1.03282945691935,0.250310677197643,4.12619017487552,3.68822311398966e-05,0.000215020898550281,"Os01g0125550","Up"
73.0207685622622,1.27839575086523,0.288637858373902,4.42906470435763,9.46426279775897e-06,6.24058792686923e-05,"Os01g0871900","Up"
132.381204001326,1.94736234112374,0.206510562765658,9.42984375735563,4.10700282339802e-21,1.21769145506781e-19,"Os01g0757200","Up"
302.850957203702,1.57307331860597,0.142047346667629,11.0742886474799,1.67202686653221e-28,7.3655127433641e-27,"Os01g0247550","Up"
561.537123576493,1.00445838016842,0.100402285206083,10.0043378306251,1.45864224124663e-23,5.01237681952562e-22,"Os01g0880200","Up"
1004.07029300427,1.19520623994567,0.080839683425217,14.7848951072567,1.83342709671978e-49,1.83219617393399e-47,"Os01g0583100","Up"
2.16940887974311,4.46325665925939,1.79737891724277,2.48320296652092,0.0130206874701494,0.0383421555959282,"Os01g0223900","Up"
6.27197041270756,4.07817350817567,1.34845779850095,3.02432416699232,0.00249189275438968,0.00926547712160064,"Os01g0615100","Up"
546.366772526075,2.24325620055128,0.11599572127686,19.3391288562881,2.51691090614731e-83,6.18963107276105e-81,"Os01g0715400","Up"
6.95837512925461,4.23646156789687,1.30710221439523,3.24110962497067,0.00119065386561993,0.00483736273144622,"Os01g0711800","Up"
24.9938497386665,1.27637594396441,0.44455217869011,2.87114990129011,0.00408981532339539,0.014249607879875,"Os01g0144900","Up"
45.4114478693043,1.5940331289909,0.401130677797856,3.97384996266525,7.07201214581356e-05,0.000388055055288617,"Os01g0269500","Up"
20.3084624192186,1.17997572181152,0.497294921055255,2.37278860461238,0.0176543648292723,0.0496058710120863,"Os01g0282866","Up"
31.7641625861636,1.93474327156304,0.425895265393125,4.54276773839495,5.55204129352103e-06,3.80647951083802e-05,"Os01g0834900","Up"
69.8616114502161,2.91745552230743,0.319313282669514,9.1366556941102,6.44134585642278e-20,1.77724587478529e-18,"Os01g0700900","Up"
232.768654559596,1.32577852523604,0.16846374894749,7.86981492172111,3.55166282687199e-15,6.89393111920156e-14,"Os01g0805900","Up"
86.9767806266023,1.02580299791696,0.249518998157811,4.11112182034404,3.93741378096122e-05,0.00022799754123539,"Os01g0117400","Up"
2.62812163282485,4.7404255583388,1.70733291126522,2.77650921332378,0.00549460777515295,0.0182922898751148,"Os01g0955600","Up"
3028.08460842338,1.38391368837666,0.0574379400836408,24.0940689440014,2.8844679913824e-128,1.51065998637566e-125,"Os01g0105900","Up"
1131.54423456997,1.37271122713212,0.101108674021527,13.5765921214619,5.51325419634716e-42,4.27179018977792e-40,"Os01g0860800","Up"
12.5959842103547,2.96210973077731,0.797235244779027,3.71547764624773,0.000202820196339714,0.00100261457309622,"Os01g0823500","Up"
14.7362344725072,1.63623596101939,0.642463861670887,2.54681400563753,0.0108711357812563,0.0328960615268253,"Os01g0609000","Up"
27.5004347364146,1.23613252285149,0.437266194715528,2.82695652623152,0.00469927071279806,0.0160492931905819,"Os01g0224166","Up"
81.3098207532597,1.12601343908501,0.266519187867441,4.22488695127293,2.39060754328535e-05,0.000145580371635596,"Os01g0913100","Up"
7.13100314885106,6.17993362521749,1.3932693592632,4.43556271738125,9.18320901903989e-06,6.07651694589301e-05,"Os01g0119100","Up"
24.2661903994602,1.28615559269131,0.485034893478659,2.65167642572482,0.00800932570693382,0.0253312167655777,"Os01g0304300","Up"
10.965997614588,4.91201946266298,1.18545652869929,4.14356776798266,3.41943961623119e-05,0.000200758089654628,"Os01g0719350","Up"
228.472017087078,1.41988699647792,0.175427045220905,8.0938887996998,5.77894499018163e-16,1.18688702445408e-14,"Os01g0850700","Up"
31.4891790104593,1.05179451393419,0.429544720438996,2.44862633361959,0.0143402130790249,0.0416424238718455,"Os01g0855000","Up"
7.43117357825228,2.598779660277,1.00288294358473,2.5913090624394,0.00956115818627942,0.0295647402871384,"Os01g0110800","Up"
27.4871769436337,1.93122755984781,0.448880342188593,4.30232152834267,1.69017800807991e-05,0.000105611852069173,"Os01g0885300","Up"
807.70321877947,1.1365261832828,0.0994200560031657,11.4315584699189,2.9084142264915e-30,1.38940646519267e-28,"Os01g0117900","Up"
63.8524113875701,1.00592234400087,0.292137995174076,3.44331227234402,0.000574635383290614,0.00254442825659024,"Os01g0801600","Up"
16.4926862887659,1.78798658561216,0.63247978901162,2.82694659446155,0.00469941646021034,0.0160492931905819,"Os01g0214600","Up"
41.1106112448813,1.15903545644802,0.402861754120777,2.87700543571715,0.00401468679593621,0.0140189353347169,"Os01g0217500","Up"
16.6393442657741,2.79676125211733,0.670901777303074,4.16865977514607,3.06395943984377e-05,0.00018188882644463,"Os01g0350100","Up"
5.8101265543082,5.88216770731166,1.47317628701812,3.9928471284437,6.52846598378212e-05,0.000360960990200082,"Os01g0136100","Up"
171.501292148907,1.14045412794643,0.181214595243375,6.29339003524953,3.10606569724283e-10,3.85613011342074e-09,"Os01g0229400","Up"
57.7678527596792,1.45646560133483,0.308112211169049,4.72706224725293,2.27791451007574e-06,1.6698211575804e-05,"Os01g0731100","Up"
39.6506876025984,2.33098906036445,0.386315281179916,6.03390332695345,1.60045832536848e-09,1.83546479723219e-08,"Os01g0327400","Up"
883.394219659637,1.07964149277416,0.103527063156713,10.4285919048999,1.83588670650592e-25,6.97859031541584e-24,"Os01g0846150","Up"
41.5504073223193,1.28710240696221,0.404536582286069,3.18167123400483,0.00146427934445785,0.00579827557275445,"Os01g0603200","Up"
90.3708550877018,1.51788426969426,0.248825374900314,6.10019886557938,1.05936582673601e-09,1.23546082251221e-08,"Os01g0917300","Up"
111.844551438888,1.45045234609988,0.237555387947173,6.10574383782208,1.02323006970888e-09,1.19677293637042e-08,"Os01g0857500","Up"
13.9655060584173,1.72829208211214,0.630259127098431,2.74219286608161,0.00610304952003551,0.0200325375436542,"Os01g0170500","Up"
117.112303853945,2.25084556138379,0.243562080945711,9.24136282891054,2.43377345991538e-20,6.93147504731791e-19,"Os01g0872566","Up"
55.2708425391806,2.38459469237903,0.333616885130663,7.14770384432159,8.8241428684439e-13,1.40515531791927e-11,"Os01g0927300","Up"
36.2024166191838,1.32943344244222,0.425161878816335,3.12688768368276,0.00176667405878588,0.00684897999404022,"Os01g0225000","Up"
8.01751535382794,2.97077627991965,0.992906093049165,2.99200125844383,0.0027715512059756,0.0101531398518389,"Os01g0700200","Up"
11.4805501300177,2.81385723190696,0.756631462984086,3.71892707290992,0.000200070799319472,0.000990928594667949,"Os01g0184050","Up"
4.41080831865484,3.53890742301585,1.44165252613004,2.45475755001495,0.0140979635638334,0.0410612263181023,"Os01g0113300","Up"
142.33753737437,2.02477824659029,0.220603189361007,9.17837249975942,4.37655755045661e-20,1.22669399489062e-18,"Os01g0508000","Up"
8.38161633342802,2.52293352632048,0.974125267351735,2.58994773144459,0.00959905054654444,0.0296754206937935,"Os01g0385400","Up"
13.7149292462146,5.21505640537448,1.1622431702968,4.48706134710409,7.22122866708702e-06,4.86015154530909e-05,"Os01g0200350","Up"
8.89080226396208,1.99471696944438,0.78242055566581,2.54941789936354,0.0107902914122536,0.0327039150605449,"Os01g0940800","Up"
81.2479376325185,2.96544307211053,0.296622883577988,9.99735096746459,1.56528179876703e-23,5.36578600617338e-22,"Os01g0124700","Up"
85.1655049063011,2.30481856738974,0.274529029183184,8.39553680077968,4.63770512213349e-17,1.04458706087531e-15,"Os01g0872600","Up"
33.7922154623018,1.10336510928328,0.420861041389538,2.62168507125381,0.0087496241832042,0.0273393129516294,"Os01g0728000","Up"
744.782202742602,1.1464044908298,0.0887113540830098,12.9228609198894,3.34469726155832e-38,2.31274775682472e-36,"Os01g0511600","Up"
10.0240912669922,2.62036929825836,0.816920477769936,3.20761857434588,0.00133838875012429,0.00535980915353512,"Os01g0699450","Up"
37.9045311744868,1.37822315250776,0.396304011081425,3.47769165582477,0.000505751345711413,0.00227684715187273,"Os01g0588300","Up"
19.4847624264869,1.47615430302801,0.542930088266592,2.71886626829047,0.00655060865360126,0.0213135944929242,"Os01g0102400","Up"
26.5090952861563,2.33290261539386,0.499924658577447,4.66650839354918,3.06361136150844e-06,2.2012701451936e-05,"Os01g0652450","Up"
15.5585208444571,1.41314046978358,0.592850429576795,2.38363742232986,0.0171424827431546,0.048374232135218,"Os01g0691400","Up"
292.703106764008,1.48874555254677,0.142632832879373,10.4376076846614,1.66965346045486e-25,6.35524488763445e-24,"Os01g0108400","Up"
28.8097009125001,1.0847226177819,0.408672826075202,2.65425677601157,0.00794833174536434,0.0251580044869221,"Os01g0304100","Up"
60.0102338782187,3.51807355160817,0.376102942498428,9.35401762144648,8.43801800868977e-21,2.46269955937828e-19,"Os01g0701100","Up"
653.864491190602,1.19758688368163,0.0976698243491734,12.2615853121657,1.45622755534359e-34,8.72533294336274e-33,"Os01g0192300","Up"
18.0609127150621,2.05176377108993,0.577468217273048,3.55303324013032,0.000380816342034409,0.00176526257483611,"Os01g0650100","Up"
27.8553041058255,1.18546894597715,0.422741321382023,2.80424194659188,0.00504350424870764,0.0170107744374121,"Os01g0921100","Up"
600.45592330549,1.43324375437403,0.0997528345667946,14.3679501499712,8.22292066147866e-47,7.57499736896671e-45,"Os01g0247500","Up"
13.7882538767415,2.21106466746193,0.696115812617423,3.17628852467556,0.00149172506409794,0.0058950027275469,"Os01g0956075","Up"
28.183980427553,1.32023310953702,0.452440849832372,2.91802367099735,0.00352257607993108,0.0125043271139112,"Os01g0214001","Up"
99.6362136913504,3.15547566716651,0.294719383011378,10.7067123815358,9.466406470999e-27,3.83552208318514e-25,"Os01g0525700","Up"
204.395615018079,4.1297484863964,0.234576111099034,17.6051536835858,2.24896356875515e-69,4.13006095376392e-67,"Os01g0803300","Up"
55.3576513864886,1.68878144360749,0.311893148115752,5.41461540213362,6.14205798305621e-08,5.7008054420352e-07,"Os01g0214500","Up"
2.42224658463591,4.62705982776314,1.76078972070118,2.62783214449966,0.00859309062796402,0.0269245730167793,"Os01g0523250","Up"
67.0905610533153,1.13271759208007,0.271407946562102,4.17348720414452,2.99972515923249e-05,0.000178412675558894,"Os01g0605700","Up"
504.996049389997,1.00983075320845,0.116903458436268,8.63815978343343,5.71256858383864e-18,1.37965117096106e-16,"Os01g0559900","Up"
11.7421028392661,2.48776585962385,0.737695325970294,3.37234868114648,0.000745300280206926,0.00320331872713254,"Os01g0555100","Up"
51.376700773924,1.08217294800003,0.315138410527396,3.43396079896758,0.000594830213990397,0.00262644703854214,"Os01g0128250","Up"
536.572040349925,1.30077138953561,0.11527546593687,11.2840263013812,1.57374529810308e-29,7.22517707396969e-28,"Os01g0667200","Up"
317.421451099187,1.42654439524809,0.137486595544282,10.3758798419634,3.1925777987655e-25,1.19906099238894e-23,"Os01g0647200","Up"
101.993328808965,2.67129340587155,0.265052257781915,10.0783650296972,6.88623992466872e-24,2.39544589556649e-22,"Os01g0755500","Up"
67.3680413861727,1.55924991967041,0.364278345115024,4.28038048536227,1.86574060824707e-05,0.000115611328093417,"Os01g0290600","Up"
31.1239331911667,5.42245700670615,0.803710710576929,6.7467770870115,1.51165240918044e-11,2.14183576072305e-10,"Os01g0391100","Up"
4.59326305296307,5.5479043629007,1.52813546050829,3.63050561044854,0.00028286655557172,0.00134903019529913,"Os01g0745700","Up"
371.261177982155,1.62548387402407,0.148801341136095,10.9238523094855,8.86540438785033e-28,3.74772050063969e-26,"Os01g0901600","Up"
52.9111294930893,1.01042436856572,0.334877237655073,3.01729784813402,0.00255039083853782,0.00945192023387344,"Os01g0974701","Up"
5.97916049269558,5.92337599847858,1.48149995892871,3.99822893195478,6.38182113933966e-05,0.000353474899415717,"Os01g0124401","Up"
190.995643103066,1.25811955101118,0.187822343780083,6.69845517679345,2.10634309125253e-11,2.94170315870186e-10,"Os01g0969000","Up"
591.52194968302,3.28246814411996,0.12047327459713,27.2464424586841,1.83125218018616e-163,1.8496301038516e-160,"Os01g0124000","Up"
19.3693311740211,1.53846701021755,0.52511506424767,2.9297712348468,0.00339211628889908,0.0121035125872262,"Os01g0625200","Up"
16.714911567075,2.08703322725561,0.621899034633666,3.35590362909149,0.000791061290843203,0.00337588718369347,"Os01g0508050","Up"
34.5519053421206,1.02117101075508,0.402872647015773,2.53472410777766,0.0112535918018003,0.0338325533907425,"Os01g0910300","Up"
4.40259338250681,5.48838329898992,1.53547420800638,3.57438976856271,0.000351045665727314,0.00164070772970322,"Os01g0745850","Up"
19.0319667620233,2.83750319415547,0.664037572018243,4.27310639295801,1.92768419376023e-05,0.000119162484554608,"Os01g0945666","Up"
22.2730726956424,3.23777071382865,0.603936638726285,5.36110993473948,8.27121601291218e-08,7.52632754379566e-07,"Os01g0719300","Up"
30.7731456570967,1.368195756609,0.491727031186941,2.7824294167974,0.00539535997743395,0.0180085182959766,"Os01g0555600","Up"
99.6133747977464,2.95521856750542,0.26705948254446,11.0657690913987,1.83878650122384e-28,8.06243737071497e-27,"Os01g0692050","Up"
230.961361307306,2.40322597331467,0.172156808911179,13.9595174220182,2.75291523215468e-44,2.31024319526903e-42,"Os01g0901650","Up"
156.027237018699,2.92550296894012,0.465914659835772,6.27905327119633,3.40640872077879e-10,4.20867824518763e-09,"Os01g0849000","Up"
54.9278720365909,1.29648758737769,0.321591962172842,4.0314676356273,5.54296304078904e-05,0.000311712998294276,"Os01g0934400","Up"
163.927049015668,1.3576939473359,0.186452778628549,7.28170401815624,3.29629667590579e-13,5.46119310435217e-12,"Os01g0206650","Up"
2185.86944368202,2.02115647782152,0.0630898576630739,32.0361552979773,3.42257885304096e-225,5.69376191428537e-222,"Os01g0846450","Up"
252.123757063569,1.1870048985749,0.14522729605,8.17342834893951,2.99747406697333e-16,6.33096072353045e-15,"Os01g0741900","Up"
32.538960101308,1.04150129531344,0.389083915763526,2.67680377707115,0.00743281516052726,0.02372812343999,"Os01g0305900","Up"
277.393334820701,2.38437241636388,0.163268012837309,14.6040389352924,2.64688474898735e-48,2.5548309756352e-46,"Os01g0644000","Up"
94.3496511314087,1.35259437386678,0.234215542566351,5.7749983585466,7.6953835289316e-09,8.06646188219847e-08,"Os01g0207001","Up"
61.7456150157239,1.12469571622037,0.292086894580202,3.8505517949952,0.000117852002428948,0.000615734801532069,"Os01g0533000","Up"
89.0899722310338,1.474155662556,0.246999946820386,5.96824283378482,2.3982226431658e-09,2.69250236488177e-08,"Os01g0243100","Up"
6.80968187294206,4.15079734270069,1.29239567640208,3.21170785270356,0.0013194848180021,0.00529610419215405,"Os01g0109432","Up"
29.5559155828212,1.05697155574337,0.410550141398829,2.5745248854185,0.010037786536271,0.0308161790091491,"Os01g0147300","Up"
30.9889383593877,1.48703994380133,0.405007500696873,3.67163556537266,0.000241003182834123,0.00116989547094608,"Os01g0757301","Up"
98.4358561090291,1.48901551229639,0.234288109261007,6.35548904719514,2.07764553768947e-10,2.62078026099001e-09,"Os01g0347100","Up"
16.351477744301,3.38768909727469,0.731854460855208,4.62891090848309,3.67593861697158e-06,2.59768165983441e-05,"Os01g0200300","Up"
111.401639829795,1.01521282639389,0.234262154566123,4.33366127052901,1.46649761242044e-05,9.29702285964187e-05,"Os01g0382000","Up"
36.7847448760982,1.00098451227819,0.41716149620397,2.39951318946455,0.0164168883770357,0.0466197429652523,"Os01g0304050","Up"
143.560747446088,2.18177243647822,0.205232954898928,10.6307120001887,2.14468816723634e-26,8.56693870870212e-25,"Os01g0124200","Up"
27.1368079660453,1.31649434693742,0.483153214191424,2.7247968310438,0.00643410659617561,0.0209755583454112,"Os01g0721400","Up"
36.7295665884968,1.71699889708697,0.462296927407218,3.71406080225695,0.00020395975569656,0.00100719152276138,"Os01g0372100","Up"
4.93742961255272,3.03853098125089,1.21751513840699,2.49568230028462,0.0125715139305695,0.0371898520366564,"Os01g0875300","Up"
2.25321264624853,4.52402337648512,1.82369280186132,2.48069377247514,0.0131126970803097,0.0385649112030197,"Os01g0928400","Up"
140.213730550329,1.29184366158999,0.201290499338787,6.41780742674656,1.38250980260306e-10,1.77560216745763e-09,"Os01g0555200","Up"
65.449420658859,1.46654278903192,0.2940926102924,4.98666997301911,6.14288646332966e-07,4.93823115603826e-06,"Os01g0585100","Up"
24.7921334805664,1.50394983922648,0.539703310102805,2.78662333744071,0.00532603458070409,0.0178212948387237,"Os01g0159800","Up"
576.389060791158,2.5423291525101,0.113149788399007,22.4687044357955,8.40061589124156e-112,3.59966390939701e-109,"Os01g0794400","Up"
12.1685378082707,2.90140676479383,0.768707195956871,3.77439782020281,0.000160394632376954,0.000811180364494391,"Os01g0839200","Up"
5.09814916998858,4.68486307547591,1.46200184314788,3.20441666844194,0.00135336461089767,0.00541135367747731,"Os01g0652800","Up"
66.9911326834754,1.03790947673984,0.279502358739771,3.71341938372042,0.000204477620180204,0.00100939633030482,"Os01g0833600","Up"
13.0217520596088,7.05117670535103,1.30255018749158,5.41336278099963,6.18519970534838e-08,5.73708208812586e-07,"Os01g0823150","Up"
51.764646686935,2.01049003404289,0.343143767787894,5.85903117810849,4.65575290700112e-09,5.01979976983982e-08,"Os01g0588200","Up"
82.604262583329,1.59518900505701,0.27568476668812,5.78627910500992,7.19626095656662e-09,7.58827203999481e-08,"Os01g0571000","Up"
140.208425204932,1.47515630407316,0.198053927844818,7.44825573582667,9.45823478827565e-14,1.64709567763069e-12,"Os01g0206700","Up"
3.98057432313138,5.34128422154664,1.60287286827187,3.33231931694329,0.000861253750232102,0.00363539064333046,"Os01g0914000","Up"
9.09318860446675,2.89176067076337,0.893345118548927,3.23700282312003,0.00120792216771775,0.00489977722679655,"Os01g0924966","Up"
10.7845872790207,2.33879024318538,0.758109981833199,3.08502763349706,0.00203533241997257,0.00775235503962887,"Os01g0906000","Up"
176.967016338827,1.57145366701232,0.181573403540808,8.65464675094416,4.94440626852164e-18,1.19822411036899e-16,"Os01g0867300","Up"
25.3096679673578,4.7683875430414,0.76219224167715,6.25614809795085,3.94602047584964e-10,4.84574055916212e-09,"Os01g0226400","Up"
503.143476603426,1.13616355429503,0.114287373158219,9.94128680096735,2.75248254389487e-23,9.32251003878931e-22,"Os01g0579600","Up"
53.7304301341225,1.17658043754369,0.311999754432391,3.7710941141098,0.000162533355062733,0.000820236583606203,"Os01g0686700","Up"
360.536680910643,1.15182315756134,0.141373377016533,8.14738377103797,3.71882035664855e-16,7.79629047489827e-15,"Os01g0764800","Up"
17.8521796950192,2.17994743481298,0.591555827401763,3.68510854569342,0.000228605192015951,0.00111622642185827,"Os01g0651400","Up"
86.2585901743624,2.46411072991551,0.293577264173972,8.39339768646149,4.722906720512e-17,1.06259765284646e-15,"Os01g0124650","Up"
89.9015796030581,1.36079667543748,0.271183608524825,5.01799014638051,5.22148544706572e-07,4.24579729524053e-06,"Os01g0134500","Up"
33.4123302885413,1.30667960124155,0.443942308448886,2.94335452236355,0.00324676377246298,0.0116406853763978,"Os01g0829800","Up"
72.9398893259673,1.44226144454435,0.273715370256537,5.26920151832396,1.3701847593864e-07,1.20641952615837e-06,"Os01g0867450","Up"
16.3413471708558,3.85185713534628,0.767775641336844,5.01690458509398,5.25106293766677e-07,4.26616808216472e-06,"Os01g0945600","Up"
10.1340337682522,6.68585762989528,1.34108194743582,4.98542064687306,6.18271510352698e-07,4.96883676734432e-06,"Os01g0378100","Up"
55.2164153927634,1.05385110092277,0.305830740982393,3.44586387077235,0.000569237033136427,0.00252408161400616,"Os01g0783800","Up"
4.49294115233142,5.51362769694994,1.52659552827029,3.61171482219468,0.000304178960233513,0.00144240194070489,"Os01g0315700","Up"
299.217642934374,1.33369132785445,0.157698199483164,8.45723877777587,2.73782947249611e-17,6.26444622262641e-16,"Os01g0242600","Up"
7.57826448694236,4.34589170653187,1.25099321428957,3.47395306136801,0.000512850740736576,0.00230294248948414,"Os01g0184100","Up"
20.5170356587752,2.39075950787226,0.634470293864189,3.76811890326896,0.000164482356368919,0.000829036806357049,"Os01g0350300","Up"
43.3238045417175,2.09975312108266,0.38260381775117,5.48806107953752,4.06369560753452e-08,3.87475979354969e-07,"Os01g0217000","Up"
2.85577982917793,4.85592615284361,1.77175785462435,2.74073917051897,0.00613011490254884,0.0201073741079777,"Os01g0581800","Up"
7.59453866768494,6.27096211925455,1.39817063683638,4.48511930807227,7.28731470286749e-06,4.90229655356316e-05,"Os01g0977100","Up"
14.9794755329757,2.17655579406293,0.695046811943101,3.13152403070243,0.00173901553572971,0.00675657348069405,"Os01g0813800","Up"
3280.11371571391,1.05424400348423,0.153387349195434,6.87308313895558,6.28289231850089e-12,9.28351502923322e-11,"Os01g0256500","Up"
31.5279594411184,1.26214620307368,0.414196414795482,3.04721662957149,0.00230971186823777,0.00867015680191562,"Os01g0388000","Up"
78.5053278445813,1.36304366977498,0.279304581460429,4.88013358981759,1.06014004848795e-06,8.24582527813194e-06,"Os01g0644500","Up"
23.4250486403291,2.15558521144987,0.497175458453399,4.33566294312959,1.45321477976966e-05,9.22729393503944e-05,"Os01g0155800","Up"
20.9750636101139,1.38529303929147,0.551520911305234,2.51176883939546,0.0120127747897442,0.0357501087897248,"Os01g0642100","Up"
54.8974372416064,1.00050405006041,0.326018522807773,3.068856460804,0.00214879807587722,0.00814176827222448,"Os01g0844500","Up"
37.1547192247851,8.56162254420061,1.22335906681808,6.99845431846033,2.58801713464552e-12,3.96273484487871e-11,"Os01g0611000","Up"
5.64127379912831,5.84531869549631,1.45305567422152,4.0227768276174,5.75159905721419e-05,0.000321655077985119,"Os01g0907200","Up"
188.7243162021,1.84706442293134,0.193734616397655,9.53399272301496,1.51347640247952e-21,4.62231383785349e-20,"Os01g0889900","Up"
35.4057647864539,1.0365817615386,0.372776716819837,2.78070414478053,0.00542411442959109,0.0180895495499134,"Os01g0105700","Up"
494.781999921919,4.37182767216694,0.161636013641957,27.0473613748669,4.10242470986291e-161,4.00071286964252e-158,"Os01g0910800","Up"
16.725061972974,1.60806749951388,0.56622095209666,2.83999999215741,0.00451135349399617,0.0155006181707819,"Os01g0578200","Up"
11.8964815502574,6.91673199690065,1.33529630408574,5.17992296970855,2.21977544798313e-07,1.90177126459894e-06,"Os01g0108500","Up"
22.1268298336797,1.49766722178736,0.553150810217016,2.70752061485689,0.00677878606186011,0.0219499483186931,"Os01g0236400","Up"
20.3066974180976,7.68974361324062,1.2602906272855,6.10156375581664,1.05035726953837e-09,1.22697868400721e-08,"Os01g0823100","Up"
32.0624863934754,1.62411601436254,0.409632922776303,3.96480830533598,7.34549528652237e-05,0.000401814220886149,"Os01g0525800","Up"
192.361026663819,1.47506847370877,0.172971929729323,8.52779104688862,1.49168667386255e-17,3.47785579748614e-16,"Os01g0590700","Up"
116.463831464373,3.15576224985671,0.25837670239579,12.213803414143,2.62332735982847e-34,1.54563168881894e-32,"Os01g0692100","Up"
8.16252593272748,3.36980555009959,1.00376746036411,3.35715759193589,0.000787482143708845,0.0033621350401917,"Os01g0849600","Up"
116.532586616739,1.0379030985394,0.210033442366529,4.94160875927634,7.7480575422215e-07,6.13445731667318e-06,"Os01g0530316","Up"
119.910086018527,2.07170048313791,0.244611014462433,8.46936712024506,2.46729900428841e-17,5.66837393503498e-16,"Os01g0511100","Up"
2.73531613607844,4.8014768109373,1.72462828139622,2.78406475339146,0.00536823157712973,0.0179349033943066,"Os01g0294700","Up"
29.7304918343091,3.69542283326251,0.557997138534757,6.62265552645361,3.52802538789947e-11,4.82010077271425e-10,"Os01g0652300","Up"
69.6958371902943,1.00876991149731,0.28233702708632,3.57292814870114,0.000353011646246322,0.00164934337622159,"Os01g0706700","Up"
93.0688245430593,2.17217760130829,0.276025502071316,7.86948156966695,3.56113868620034e-15,6.90758320880876e-14,"Os01g0849050","Up"
29.5962293060236,3.96780963396102,0.611323406653328,6.49052464011263,8.55379741354177e-11,1.12255194734281e-09,"Os01g0132000","Up"
144.316168188229,1.31480356872859,0.201822217439235,6.51466218839092,7.28534263205914e-11,9.62338977007308e-10,"Os01g0658900","Up"
27.8826175740979,1.22701599768234,0.435842678433138,2.81527270824759,0.00487358579362137,0.0165373248705956,"Os01g0687800","Up"
4.71137277206474,4.55944417410753,1.48726384140323,3.06565926446897,0.00217190671163521,0.00821611740392662,"Os01g0634900","Up"
12.0701094921772,1.69926815609892,0.685072439328974,2.48042113292916,0.0131227290463988,0.0385881427016845,"Os01g0529800","Up"
22.8216821000999,4.95828184258567,0.844570377546303,5.8707740342383,4.3376515263545e-09,4.71094941692902e-08,"Os01g0226450","Up"
31.6925025382603,1.12730625955916,0.390433002658546,2.88732318191106,0.00388534918438772,0.0136346395686399,"Os03g0777100","Up"
14.6645270492394,2.55867651002184,0.662483331226085,3.86225039849137,0.000112347327088815,0.000590136470542123,"Os03g0266900","Up"
258.246907014716,1.53879922643783,0.151288129637492,10.1713150273258,2.66288960382439e-24,9.49674412178531e-23,"Os03g0401300","Up"
95.6592161533453,2.2835763851879,0.267311768446848,8.54274541841567,1.31069945661551e-17,3.07107633243936e-16,"Os03g0689300","Up"
105.386608333321,2.86809373073261,0.28757793411497,9.97327468659674,1.9953912232851e-23,6.81541777605384e-22,"Os03g0689350","Up"
14.1738889064344,2.05029039573485,0.733301080750328,2.79597350877616,0.00517436415883538,0.0173878556055161,"Os03g0400700","Up"
23.3573774357693,1.66169857484112,0.546033363207881,3.04321802806854,0.00234062681632778,0.0087745581909552,"Os03g0376000","Up"
22.5476556723234,1.56309468819508,0.498410892739033,3.13615675533303,0.00171177682423521,0.00665989274538395,"Os03g0785800","Up"
60.2864228307214,1.39686537033558,0.307633528763345,4.54067986656342,5.60731185950032e-06,3.84165422901305e-05,"Os03g0104100","Up"
9.28942144635527,2.08269921886281,0.795251901982981,2.61891762052948,0.00882092464519572,0.0275438412157205,"Os03g0626750","Up"
4.19141955316772,5.41322076368607,1.57484930695132,3.43729443813597,0.000587556515373064,0.0025971687732519,"Os03g0717200","Up"
38.5926365827843,1.8496147699552,0.393172110609691,4.70433868538388,2.54690149456047e-06,1.85593715969247e-05,"Os03g0163000","Up"
131.6616612404,1.1649424075241,0.201638587307639,5.77737834349509,7.58735445942717e-09,7.9650323484432e-08,"Os03g0704200","Up"
35.5135797557799,1.29010736346574,0.396803903714926,3.25124665203039,0.00114900128713889,0.00468293780106284,"Os03g0587200","Up"
2.02376567810391,4.36205304045068,1.83977720131936,2.3709680918551,0.0177415626476418,0.0497964602260776,"Os03g0594100","Up"
51.3766187755712,2.43132546987082,0.403872192015515,6.02003682832764,1.74377390854961e-09,1.9948740931442e-08,"Os03g0604200","Up"
4.84094939280097,5.61976222214866,1.50337000227379,3.73810985562368,0.000185408934312343,0.000924299325099131,"Os03g0235000","Up"
25.7622819834633,1.86624510480885,0.507242959242591,3.67919370945138,0.000233972505931001,0.00113948276911222,"Os03g0218100","Up"
153.803621129088,1.03117216771035,0.214565028046537,4.80587249981251,1.54078072113438e-06,1.166037451817e-05,"Os03g0316200","Up"
189.142035010966,1.54885397227451,0.173918077882111,8.90565254133265,5.30729190442126e-19,1.38592356739555e-17,"Os03g0694000","Up"
36.5369220998729,1.15873306577255,0.390954233356553,2.96385859752483,0.00303807854676809,0.0109964663179715,"Os03g0608600","Up"
53.7991490594081,1.18003769160886,0.312268022355202,3.77892581734346,0.000157506333457862,0.000798429219666931,"Os03g0192550","Up"
397.759993803189,1.16809819043567,0.119658210487806,9.76195603856786,1.6396182217386e-22,5.30549690263035e-21,"Os03g0749300","Up"
52.546897875361,1.18923986058159,0.348452599230529,3.4129171749837,0.000642714724408457,0.00281110657608963,"Os03g0816500","Up"
10.2779953277573,2.29012663328531,0.835669832758333,2.74046823699042,0.00613517116642123,0.0201169595081228,"Os03g0832850","Up"
35.9073425104824,2.523983939465,0.427303722714049,5.90676796222074,3.48884607906547e-09,3.84221401721381e-08,"Os03g0161600","Up"
82.5105694678415,2.98649595073224,0.300978463765698,9.9226234108801,3.31915431392026e-23,1.11748813276165e-21,"Os03g0305600","Up"
29.7681303464031,1.34570691701647,0.437185845786356,3.07811181442981,0.00208316735743986,0.00791642784678267,"Os03g0161950","Up"
25.6261185961288,1.99675233888142,0.501660075491206,3.98028951561728,6.8831387402472e-05,0.000378425440732759,"Os03g0270000","Up"
16.1603111234489,2.1465590879645,0.649389119708418,3.30550516295734,0.000948053573731742,0.00395514133628963,"Os03g0644850","Up"
3.40472670310127,5.11383104772323,1.62242570634955,3.15196623654918,0.00162175024547044,0.00634366786890035,"Os03g0730500","Up"
8.48360325525285,6.43156615439518,1.36013565130097,4.72862111087479,2.26049771448575e-06,1.65834334275932e-05,"Os03g0859900","Up"
51.0923229319592,1.35013280576144,0.317924749711062,4.24670557101477,2.16936736898598e-05,0.00013311321015902,"Os03g0144800","Up"
9.90274772357786,4.75996086158511,1.23806767979348,3.84466934988489,0.000120715096207568,0.000628603136778902,"Os03g0243900","Up"
31.725615221039,1.1714059514117,0.486893693248445,2.4058762059462,0.016133730778608,0.0459401973570088,"Os03g0135550","Up"
53.2674585147502,2.0850183671825,0.351383931717895,5.93373281751664,2.9612358464504e-09,3.28978795599354e-08,"Os03g0356414","Up"
54.7023536527225,1.7073619488041,0.318565013134232,5.35954005747857,8.34340934192928e-08,7.58957734316829e-07,"Os03g0332900","Up"
78.5964400522331,1.03260713394016,0.258528760157016,3.99416735419694,6.49219972126548e-05,0.000359166471668836,"Os03g0188900","Up"
9.38252111345887,2.97167952324487,0.884067942633889,3.36137007116376,0.000775568358505157,0.00331878480055747,"Os03g0356498","Up"
28.6069628898326,2.65998113827887,0.486638447389814,5.46603161453072,4.6022229127161e-08,4.35011584874746e-07,"Os03g0146800","Up"
4.56995336685916,3.52901627083743,1.38652096961649,2.54523108425367,0.0109205442190878,0.0330067234220395,"Os03g0797300","Up"
18.3613294483791,3.07397331604394,0.62882192397594,4.88846396545417,1.01625794517297e-06,7.92193796787124e-06,"Os03g0367150","Up"
37.6893072433435,2.25756959938503,0.448368288887845,5.03507865149164,4.77652672409349e-07,3.91323731993302e-06,"Os03g0268400","Up"
14.3925857482768,2.14427043163211,0.661576653051053,3.2411519084647,0.00119047726401055,0.00483734015854631,"Os03g0613100","Up"
1247.95495775001,1.34544315691706,0.0774620314121118,17.3690662688546,1.41509948583459e-67,2.45524101588269e-65,"Os03g0170900","Up"
19.5653927610965,2.79056146128999,0.680617045760297,4.1000463897767,4.13067329559354e-05,0.000238504637551411,"Os03g0633800","Up"
125.394764179845,1.1731163603748,0.203891781859605,5.75362258191742,8.73510558498587e-09,9.08894485095604e-08,"Os03g0808150","Up"
63.9609914071863,1.32140230671929,0.284580779868254,4.64332941715541,3.42839065696029e-06,2.43675084617979e-05,"Os03g0149200","Up"
34.7828285089901,1.20397200937366,0.374005742743556,3.219127066183,0.00128581493772157,0.00517491564731801,"Os03g0690500","Up"
11.4649119275948,1.88084134037811,0.740692686921129,2.53930054068211,0.0111074360630925,0.033474999925439,"Os03g0563200","Up"
263.997240510535,1.04102012963562,0.158134617486356,6.58312611231654,4.60658079130955e-11,6.23045008890604e-10,"Os03g0162500","Up"
45.3202077184492,1.23555527872475,0.393339157527733,3.14119572150057,0.00168259546971702,0.00656170469926463,"Os03g0189600","Up"
5.33829202747582,5.76560061313907,1.46652481079605,3.93147157872455,8.44274785662068e-05,0.000455492850311121,"Os03g0367200","Up"
355.225580804088,1.94723429087631,0.133296254606648,14.6083196157501,2.48573554032694e-48,2.40750297315021e-46,"Os03g0184100","Up"
4.20990345231329,3.46652179557176,1.41129408854588,2.45627174641076,0.0140386953476171,0.0409121555175733,"Os03g0438900","Up"
31.7110214658472,8.3332391071463,1.23155526176401,6.76643538935496,1.31993942723592e-11,1.88626614156944e-10,"Os03g0113500","Up"
17.3522166156033,1.6163620214998,0.569623745067834,2.83759593151671,0.00454546852003,0.0155969904410299,"Os03g0814800","Up"
145.636069428791,1.18241595042425,0.189560077372648,6.23768446823217,4.44095274795272e-10,5.3949563859472e-09,"Os03g0233000","Up"
5.69981398524354,3.93485411615171,1.33759944344249,2.94172828453399,0.0032638617311581,0.0116945741313673,"Os03g0161400","Up"
51.5257506364551,2.29935952316356,0.351289749574633,6.54547855708226,5.93051675074162e-11,7.9039087760473e-10,"Os03g0192633","Up"
96.3200091637469,5.58912221814258,0.485706468581162,11.5072015294946,1.21352630104641e-30,5.91719608963682e-29,"Os03g0277300","Up"
200.122273896435,1.06981170697339,0.163562844381004,6.54067683294481,6.1241037510423e-11,8.15806774296879e-10,"Os03g0654400","Up"
3.44829299942953,5.12954439314648,1.61193245068009,3.18223284789773,0.0014614427223027,0.00578866409375949,"Os03g0335200","Up"
12.6729726760706,1.55974597169905,0.638559088793363,2.44260241389154,0.0145817916558479,0.0422441763797413,"Os03g0850100","Up"
16.6596499023727,2.08202628174045,0.614240136091147,3.38959660791605,0.000699955405438445,0.00302868560373992,"Os03g0228800","Up"
760.630990150866,2.61648959327579,0.10155739740645,25.7636534619349,2.26652252639379e-146,1.68682956760376e-143,"Os03g0826800","Up"
166.505737450467,1.16475046872862,0.181698166000364,6.41035897261776,1.45177393699223e-10,1.86033614463422e-09,"Os03g0146600","Up"
57.4584231679637,1.24629716140382,0.341410344957187,3.65043760334826,0.000261793903097532,0.00125979128356326,"Os03g0644700","Up"
55.798945274939,2.43258249571749,0.338039877593978,7.1961406240931,6.19407478363832e-13,9.99855188105453e-12,"Os03g0857600","Up"
4.5817961513285,3.53169616031652,1.39735244839509,2.52741973893043,0.0114904084121739,0.034436521977103,"Os03g0267000","Up"
92.9604074266939,1.01587210455651,0.246846055039825,4.11540749311393,3.86495986105398e-05,0.000224123292660381,"Os03g0678100","Up"
3.94384686231283,5.32243938355382,1.611058407916,3.30369113708219,0.000954208971825879,0.00397788678245986,"Os03g0708000","Up"
81.6065653026101,3.62977042814156,0.351161027040725,10.3364842583189,4.81893400083949e-25,1.78850751283125e-23,"Os03g0348900","Up"
118.712370930659,2.48227928126696,0.238172104906085,10.4222082692923,1.96340669274652e-25,7.45330264128379e-24,"Os03g0676300","Up"
11.2665586120173,1.80023330085768,0.705431619963733,2.55196003398633,0.0107118805523188,0.0325115576196747,"Os03g0762450","Up"
151.044026335866,2.16558134603891,0.207820999220972,10.4204163879334,2.00075326557516e-25,7.58489317744386e-24,"Os03g0244333","Up"
5.05036821746076,5.68491326537355,1.47831025399051,3.84554815203902,0.000120283239642293,0.000626826957653728,"Os03g0654700","Up"
18.7212374455496,5.69787193127393,1.12130159595703,5.08148026527224,3.7450492630081e-07,3.11510994726859e-06,"Os03g0111300","Up"
39.1090085240792,2.54461054117311,0.401627409934156,6.33574919996193,2.36190723430799e-10,2.96217731678334e-09,"Os03g0305550","Up"
39.9667880586973,1.63206240532717,0.375422821641112,4.34726476721053,1.37845781800929e-05,8.79011624602499e-05,"Os03g0626700","Up"
12.2239233676386,2.27161015848658,0.731578068362757,3.10508236471653,0.00190226045585879,0.0073028883323735,"Os03g0619800","Up"
44.9058322898771,1.39912851916793,0.351254772533604,3.98322991905848,6.7984924708133e-05,0.000374426807336068,"Os03g0262700","Up"
5.69317287056731,5.85660885911709,1.44967314164895,4.03995127650321,5.34623067531002e-05,0.000301549161803835,"Os03g0405200","Up"
19.2206058934384,1.37633407784588,0.508999345565107,2.7039997002704,0.00685103509594676,0.0221445736224047,"Os03g0765000","Up"
47.2481020904038,2.16339630224449,0.383141155213362,5.64647329791482,1.63772588307188e-08,1.65003654076081e-07,"Os03g0341600","Up"
24.9882284765952,1.15692840948069,0.471202532067756,2.4552678110701,0.0140779664583215,0.0410114307177369,"Os03g0101200","Up"
75.3384216714467,1.5119170578565,0.270091972519099,5.5977859828825,2.17106530382356e-08,2.14835191943436e-07,"Os03g0854600","Up"
156.868732300162,1.13943675224007,0.194009474827299,5.87309848271257,4.27724198238421e-09,4.64891162581891e-08,"Os03g0817200","Up"
181.438299599507,1.3438159621684,0.186223559568934,7.21614367848535,5.3482549354159e-13,8.70276167022423e-12,"Os03g0211900","Up"
105.645462628515,1.34161756893364,0.230670737447011,5.81615849406051,6.02153758373845e-09,6.42380627709193e-08,"Os03g0777500","Up"
2.1828592527965,4.47091335366269,1.82670633691314,2.4475271494475,0.0143840287945241,0.041752511376161,"Os03g0245800","Up"
72.3484444235506,1.04018576499608,0.287323181130511,3.62026398602204,0.000294302595575379,0.00139861732573808,"Os03g0637900","Up"
14.6809820921061,1.95812950096022,0.615934370575598,3.17912036493486,0.00147722735033295,0.0058462729771573,"Os03g0762400","Up"
22.5668280762087,1.37190752702491,0.488661848827315,2.80747828036341,0.00499310468216801,0.0168629082298058,"Os03g0399800","Up"
61.5089190215528,1.38620914114558,0.320931433953864,4.31933115453209,1.56502793165068e-05,9.85100265635719e-05,"Os03g0183800","Up"
3.49861824939672,5.15652847325909,1.60129599789679,3.22022192026452,0.0012809139656446,0.00515739291890587,"Os03g0730600","Up"
243.589943348914,3.69729075075349,0.195117171997576,18.9490792271191,4.49377500396067e-80,1.02490686199203e-77,"Os03g0397700","Up"
120.018137877887,2.23415355358706,0.225883809883961,9.89072016597722,4.56730296871321e-23,1.5268072725553e-21,"Os03g0192600","Up"
5.68272093460834,3.27726709675828,1.23802823274292,2.64716668819201,0.00811693324364914,0.0256256964795313,"Os03g0356596","Up"
8.51433092959448,2.27711395403038,0.875660219116317,2.60045381110079,0.00931005511363966,0.0288640285758434,"Os03g0140551","Up"
96.8943921311198,1.09440849413208,0.232681200563118,4.7034676264497,2.55779668863432e-06,1.8619574813711e-05,"Os03g0187200","Up"
3.70273829290637,5.2354711829385,1.57114306462815,3.33226890714603,0.000861409781660182,0.00363550664604262,"Os03g0388800","Up"
42.7986631013492,1.49811657617839,0.360570710663347,4.15484822220385,3.25503540346571e-05,0.00019182258021549,"Os03g0114700","Up"
378.50297474932,2.0972255111166,0.322767536491184,6.49763459459278,8.15926859234789e-11,1.07326639562879e-09,"Os03g0244200","Up"
327.861084254892,1.07737083365932,0.158406067163363,6.80132303611981,1.03662681478738e-11,1.50035020209835e-10,"Os03g0749401","Up"
3.33455449285674,5.0879453168413,1.62514325614356,3.13076727088965,0.00174350268785062,0.00676935742931127,"Os03g0198600","Up"
18.5236315023703,2.14409863336572,0.602171815254187,3.56060941254891,0.000369995101368573,0.00172215791010609,"Os03g0756500","Up"
5.53071670261137,5.81522810332521,1.45134977370981,4.00677232233333,6.15541463286837e-05,0.00034241007323397,"Os03g0620500","Up"
106.772645121627,1.04962297109707,0.234539741681709,4.47524570280078,7.63234909378273e-06,5.11615228066531e-05,"Os03g0775200","Up"
16.1384107433395,1.99155543487468,0.608281424339033,3.27406913179821,0.00106010672445929,0.00436085502173574,"Os03g0399900","Up"
159.970633605904,1.1162672151098,0.184827165776479,6.03951919308096,1.54574126953541e-09,1.77559337301913e-08,"Os03g0559900","Up"
61.8693463486878,1.03741541592855,0.308224353155211,3.36578017054397,0.000763275103826967,0.00327162522148082,"Os03g0847900","Up"
2.82215389654446,4.84075446180372,1.73601297012765,2.78843219785839,0.0052963832689679,0.0177304705527558,"Os03g0372600","Up"
92.9964017642406,1.10660059449908,0.229331367900363,4.82533464405908,1.39768385868082e-06,1.06458112597232e-05,"Os03g0713200","Up"
736.762203479738,1.01725601108842,0.0943218887531097,10.7849410623139,4.05503181399743e-27,1.66686562109973e-25,"Os03g0238700","Up"
47.9928964091246,1.90381127722463,0.33639508809152,5.65945028515599,1.51858631355874e-08,1.53767058839079e-07,"Os03g0190300","Up"
5.03279047157103,3.05776247312814,1.20126392744919,2.54545433626822,0.0109135636869887,0.0329891507729506,"Os03g0289350","Up"
29.2427749534416,1.27749407389508,0.429800556036018,2.97229507024654,0.00295582460298793,0.0107405467810744,"Os03g0251700","Up"
25.3826853417226,1.43714794729088,0.47949939075174,2.99718409451527,0.00272486108474264,0.0100015309977426,"Os03g0268450","Up"
444.470242213031,5.1606754801529,0.204713098709878,25.2093076245535,3.16687575776811e-140,2.08284682105674e-137,"Os03g0826900","Up"
267.342645757657,1.31292366879622,0.14163315035481,9.2698896092276,1.86338677832804e-20,5.3392544557138e-19,"Os03g0248300","Up"
71.811528646653,6.31499394529364,0.688551186118413,9.17142265180503,4.66816977425816e-20,1.30455048800193e-18,"Os03g0130300","Up"
147.509650095571,1.48739528425865,0.19504811338151,7.62578657374317,2.42550838915959e-14,4.42839268907826e-13,"Os03g0416500","Up"
26.362936798514,1.1448439651053,0.440650234133757,2.59807864928489,0.00937470189897395,0.0290389862436892,"Os03g0246500","Up"
74.7721373602578,1.27329126542284,0.277145458898901,4.59430679644409,4.34190190354988e-06,3.03193401813072e-05,"Os03g0833600","Up"
14.117760511666,2.53438425593768,0.75204308683065,3.369998741187,0.000751685270661089,0.00322830844944059,"Os03g0832800","Up"
237.967309139328,1.73208667846117,0.153264647383155,11.301279897451,1.29319339087259e-29,5.96619939433404e-28,"Os03g0401333","Up"
26.4590441566372,1.29826169483887,0.435386077913759,2.98186313411709,0.00286500049092854,0.0104535000495355,"Os03g0693900","Up"
84.2733635291402,1.17189952253651,0.270456964886637,4.33303510237835,1.4706764988957e-05,9.32142583264662e-05,"Os03g0125100","Up"
38.8952136211228,1.22473190063604,0.376611174066353,3.25197972065551,0.00114604198337824,0.00467289696250289,"Os03g0175800","Up"
139.1377382984,1.10137731144408,0.19812916054787,5.55888546844154,2.71502777504901e-08,2.64133816670661e-07,"Os03g0209500","Up"
5.71856256537843,3.91748965049058,1.31703356857792,2.97447972774189,0.00293485847385978,0.010671217857962,"Os03g0436600","Up"
29.1610212511882,1.45706842323931,0.434199539164241,3.35575764553762,0.000791478946904084,0.00337715994227435,"Os03g0287700","Up"
368.612803104586,1.07040066503779,0.121615355820852,8.80152557884682,1.34968671564882e-18,3.41689161158889e-17,"Os03g0266800","Up"
22.145499253325,3.23916124559652,0.5968311383774,5.42726583335247,5.7223868539603e-08,5.32701851931702e-07,"Os03g0752500","Up"
13.0960211960083,2.20900147848869,0.695247056514267,3.17728994001625,0.00148658336425825,0.00587752879412401,"Os03g0421800","Up"
8.98745988133993,2.61515181062266,0.863226063273449,3.02950979110353,0.00244950963837818,0.00913310244996352,"Os03g0122300","Up"
38.096970376413,1.45809021071643,0.412248289361761,3.53692240415074,0.000404818583605914,0.00186430131297164,"Os03g0200200","Up"
3.93057767246694,5.32520498363149,1.61177780330624,3.30393244819968,0.000953388019684486,0.00397505035894102,"Os03g0723400","Up"
12.6095704631441,2.15357741059227,0.686207302416194,3.13837728483702,0.00169886053497553,0.006616922571222,"Os03g0635100","Up"
3.12689067287625,4.98886639977087,1.64297055652081,3.03649166442483,0.00239348726491533,0.00894544909991681,"Os03g0448950","Up"
10.974267045454,6.80255606466886,1.32748737326498,5.12438476001309,2.98510855300239e-07,2.51780062593082e-06,"Os03g0269500","Up"
314.715380674877,1.07404997727443,0.133018707737386,8.07442799245113,6.77936929101918e-16,1.38631484395744e-14,"Os03g0298300","Up"
117.233720365501,3.91936173578093,0.29950056794028,13.0863248865773,3.94225741767721e-39,2.78727455073323e-37,"Os03g0341300","Up"
4.84767457932767,5.62144239593684,1.49983092881092,3.74805072221945,0.000178214219719127,0.000892522817049165,"Os03g0234900","Up"
9.93143724147617,4.76422397144401,1.20121246524114,3.96617926412177,7.30339413359137e-05,0.000399743157522929,"Os03g0797800","Up"
135.699988753257,1.09066248680716,0.210953810941811,5.17014829899425,2.33908297740183e-07,1.9979343305316e-06,"Os03g0749650","Up"
48.7374828531619,1.0672372271069,0.323417128736902,3.29987849213483,0.000967266980053083,0.00402461048446098,"Os03g0409600","Up"
34.301361832552,1.93178203212116,0.433233195955662,4.4589889467262,8.23471670410125e-06,5.49000525951644e-05,"Os03g0353000","Up"
6.61894361727945,3.08000623718412,1.17378943473793,2.62398531289539,0.00869075326741311,0.0271963821473345,"Os03g0250200","Up"
66.3475542243037,2.44935367948482,0.316496207056945,7.73896692873834,1.002278456903e-14,1.88467001593574e-13,"Os03g0679800","Up"
71.523309032797,1.45054042751607,0.284944266622921,5.09061103319419,3.56911501930376e-07,2.97902054616782e-06,"Os03g0244466","Up"
678.780055672982,1.33057957574305,0.106134032308378,12.5367852968874,4.6966417150458e-36,2.99157036809032e-34,"Os03g0279950","Up"
41.8389731727248,1.8979937605646,0.3834228081447,4.95013264794699,7.41629168561133e-07,5.88661647939304e-06,"Os03g0167600","Up"
62.4974286965331,1.75306897001826,0.302413925626242,5.79691879726764,6.75443752310514e-09,7.14368913952642e-08,"Os03g0381500","Up"
64.84544305337,1.65661774369771,0.302382275360213,5.47855439517499,4.28814766728407e-08,4.06820208582558e-07,"Os03g0231150","Up"
53.0208387018315,1.51579218233938,0.321206880383932,4.71905265705263,2.36945486484434e-06,1.73422756295711e-05,"Os03g0789500","Up"
31.6336284656414,1.58636868277386,0.431475114427638,3.67661686555948,0.000236347604864073,0.00115005963750187,"Os03g0300900","Up"
12.5499742605402,2.59568307106074,0.715848419059096,3.6260233339238,0.000287819358375829,0.00137033994515603,"Os03g0405400","Up"
5.69861547253787,2.78446699943405,1.09541826670764,2.54192127706886,0.011024500087301,0.0332794270791132,"Os03g0834300","Up"
13.0065129147639,7.04724890838892,1.29990664135309,5.42135002945546,5.9150609165583e-08,5.49913996650839e-07,"Os03g0286900","Up"
11.986339492784,1.68821312866619,0.663041456349078,2.54616526990943,0.0108913609830646,0.0329466873421809,"Os03g0190500","Up"
98.7596854966352,1.14813590407464,0.237729970901001,4.82957996302773,1.36821361979881e-06,1.0438211324934e-05,"Os03g0724700","Up"
54.9394428358301,1.02781945398488,0.304588565758442,3.37445186566854,0.000739628495834963,0.00318056096866171,"Os03g0817100","Up"
2.36358855955797,4.58366461800076,1.78846421008254,2.56290542028191,0.0103800320554005,0.0316777475513953,"Os03g0839800","Up"
44.7563809730735,2.59960130252006,0.410946820417008,6.3258825068463,2.51789353038205e-10,3.14664370007665e-09,"Os03g0604432","Up"
23.6019358314363,1.40959904613405,0.498096017028664,2.82997453893097,0.0046551708568142,0.0159174086569414,"Os03g0107700","Up"
58.3326414025706,1.01805344242163,0.304555474208457,3.34275207190926,0.000829519770435553,0.00352105839228121,"Os03g0566600","Up"
46.3100292307897,1.10461220571383,0.339626772061838,3.2524297157372,0.00114422890236254,0.00466617701336915,"Os03g0720800","Up"
58.5213766616543,3.5943183718976,0.397566543187338,9.0407969017753,1.55533767072292e-19,4.18122667925047e-18,"Os03g0820500","Up"
45.739885809239,3.28787387903362,0.417466217090201,7.87578430166296,3.38611969482992e-15,6.59069862969614e-14,"Os03g0722500","Up"
11.0953973813907,2.77845110203801,0.803860010850204,3.45638676453052,0.000547469174097441,0.00243826389175586,"Os03g0259001","Up"
4281.67722816914,1.30202632656637,0.0525170580103702,24.7924460336158,1.08149753632405e-135,6.79685151661788e-133,"Os03g0648450","Up"
4.43353674183972,4.46645141170695,1.53308524340686,2.91337447210795,0.00357545554434576,0.0126681856990281,"Os03g0621600","Up"
93.4479952288913,1.15378697517322,0.249114038543987,4.63156144036216,3.62918264446398e-06,2.56784874576147e-05,"Os03g0850200","Up"
160.830436399534,3.81950293452574,0.255128245915058,14.9709136314033,1.1374780385489e-50,1.16554407276092e-48,"Os03g0397900","Up"
148.39169224546,1.35967659966306,0.190297604481737,7.14500113317793,8.99951471294884e-13,1.42986109885902e-11,"Os03g0818250","Up"
6.22917438989917,4.04670985530084,1.31906684164823,3.06785807021296,0.00215598990412572,0.00816464253864214,"Os03g0412300","Up"
242.911319252389,2.79346749645558,0.18107987642647,15.4267141748902,1.0824251650984e-53,1.2294002447449e-51,"Os03g0607200","Up"
3.57813185401753,4.14595670840629,1.56182604953317,2.65455727905519,0.0079412556077891,0.0251412347300888,"Os03g0449200","Up"
26.9634340287584,1.61467766747954,0.469122631666927,3.44190955303548,0.000577623348380673,0.00255622922179929,"Os03g0290400","Up"
92.2753312970507,1.05454048856287,0.251829717672695,4.1875140801828,2.82026529596056e-05,0.000168483149207986,"Os02g0306600","Up"
54.3790314308451,3.76099864977526,0.417447927426811,9.00950370734481,2.06991067800368e-19,5.51216044111319e-18,"Os02g0208500","Up"
3076.5960481059,1.00448739207413,0.0651364864494977,15.4212707320795,1.17764146732464e-53,1.33219513349633e-51,"Os02g0474000","Up"
142.383031215177,1.1955998982838,0.217887184670781,5.48724285960328,4.08255675324691e-08,3.89012087394124e-07,"Os02g0581900","Up"
3372.02267998924,1.17094360759562,0.158429819294988,7.39092938946914,1.45806038181965e-13,2.50214840159232e-12,"Os02g0716500","Up"
11.6969017410438,3.60095265582197,0.853761911015681,4.21774807397777,2.46754282560914e-05,0.000149591808469565,"Os02g0232900","Up"
13.2522106007734,2.32391691163687,0.776064611802633,2.99448895915883,0.00274905004933042,0.0100811572153934,"Os02g0751300","Up"
2.28493615810744,4.54161879833976,1.79347673323436,2.53229869904662,0.0113317414298925,0.0340240980336332,"Os02g0270350","Up"
59.4798244981832,1.00390209296122,0.299009704000469,3.35742311881504,0.000786726189528236,0.00335941467100227,"Os02g0131600","Up"
4.35730165863179,3.52352576033666,1.4618437624305,2.41032992094748,0.0159381005497073,0.0455022634409723,"Os02g0639600","Up"
7.83556014403474,2.67314175105281,1.00198377647963,2.66784933429224,0.00763384827492627,0.0242958432436631,"Os02g0178800","Up"
93.9445310944892,6.21583371819938,0.584549789116961,10.6335402628221,2.08061228874665e-26,8.32274344243905e-25,"Os02g0106201","Up"
10.8739693369261,2.53366609938388,0.75721489020109,3.34603311711294,0.000819766042024954,0.00348314354484792,"Os02g0716800","Up"
798.1166024695,1.07147186020801,0.108719271333578,9.85539957235794,6.49578031949848e-23,2.15113774257303e-21,"Os02g0578500","Up"
34.0738821734449,4.519341606464,0.613737218513748,7.36364272873695,1.78958259535306e-13,3.04886658910722e-12,"Os02g0192500","Up"
28.7215681397619,1.62794484223384,0.444709067597992,3.66069630877298,0.000251530752091196,0.00121640581393487,"Os02g0628900","Up"
3.38133596635309,5.10526259683856,1.61434832020065,3.16242940445716,0.00156458666064659,0.0061455660207981,"Os02g0270200","Up"
559.615232202766,1.83731005550264,0.131084473349607,14.0162294477278,1.24031557444211e-44,1.05337431714106e-42,"Os02g0257400","Up"
42.473430517562,1.01147414741549,0.398003701634725,2.54136869396202,0.0110419412475154,0.0333166692010012,"Os02g0318100","Up"
360.674796336145,1.00911611795759,0.125617815472133,8.03322454036352,9.49436758694974e-16,1.92204874535809e-14,"Os02g0224800","Up"
22.2897058634349,1.35543686731131,0.486863036918765,2.78402089402706,0.0053689575444178,0.0179352100535884,"Os02g0201401","Up"
21.2587335661953,1.7711585297099,0.506004020074583,3.50028549071375,0.000464760121331789,0.00210808035146501,"Os02g0768300","Up"
35.8822734308447,1.0837593835348,0.42444733561398,2.55334241164949,0.0106694548148529,0.0323966986921683,"Os02g0312600","Up"
47.0149170783627,2.63767649141454,0.395849320047243,6.66333465243731,2.67683177311215e-11,3.70369272873701e-10,"Os02g0723400","Up"
12.4781099598597,2.80720045704976,0.81030527087678,3.46437393158293,0.000531467183041026,0.00237634756647961,"Os02g0182600","Up"
2.20624998954468,4.48424339892076,1.82367627478564,2.45890318414536,0.0139362194455018,0.0406739135333578,"Os02g0750800","Up"
6.49155806780166,3.01497562829006,1.06402727083252,2.83355108551971,0.00460339494336571,0.0157651504472422,"Os02g0740001","Up"
51.0205204356567,2.08427865093213,0.379656996493159,5.48989922531214,4.02163131310074e-08,3.83853375517388e-07,"Os02g0136150","Up"
1097.31436396405,1.02441880731066,0.0831591949493604,12.3187677313913,7.17827606297335e-35,4.39413041854869e-33,"Os02g0134300","Up"
498.735519916643,1.03940135414955,0.117375274093155,8.855368919732,8.34074840158014e-19,2.15027078892514e-17,"Os02g0674233","Up"
6.61068566009402,3.03848280696275,1.03100222605069,2.94711566104161,0.00320753206323928,0.0115190113372026,"Os02g0291000","Up"
9.78412008580194,3.66645965467058,0.978387819743387,3.74745022442351,0.000178641271933795,0.000894344806436477,"Os02g0121750","Up"
501.061429660534,1.3865200393684,0.11471707144433,12.0864316174707,1.24581075140293e-33,7.03248979250023e-32,"Os02g0766700","Up"
44.3076458748267,1.20820856893794,0.357981564261052,3.37505807437858,0.00073800115452434,0.00317580807229197,"Os02g0669000","Up"
32.3674572404403,4.26109750537494,0.59121674958973,7.20733556404126,5.70572762040907e-13,9.24720245460108e-12,"Os02g0824500","Up"
26.711111749163,2.33640945427755,0.496924151486454,4.70174260455771,2.57950541092109e-06,1.87631153616922e-05,"Os02g0613900","Up"
3.40823671245987,5.11503839968514,1.6509247223081,3.09828687557236,0.00194642912975501,0.0074487398424156,"Os02g0513100","Up"
35.0356965297876,1.19300269971696,0.390126448098707,3.05798980184783,0.00222827159144555,0.00839676867124204,"Os02g0675700","Up"
419.739801184631,1.09502250993801,0.117161271483684,9.3462839389764,9.07812561589503e-21,2.64406251846681e-19,"Os02g0617800","Up"
14.75956221647,2.85593389142543,0.712714892086385,4.00711970962896,6.14637145176171e-05,0.000342032120204114,"Os02g0646200","Up"
19.3449138538496,1.2557472745276,0.508121867099453,2.47135058700754,0.0134603786117714,0.0394643341819933,"Os02g0724850","Up"
27.7864663203253,1.15007070940458,0.460784711522566,2.49589598058585,0.0125639438181417,0.0371713458647207,"Os02g0212500","Up"
75.0114354559679,1.31707521753823,0.305492513790462,4.31131748924498,1.62284693551655e-05,0.00010176437734666,"Os02g0517900","Up"
26.0432720572033,6.17507295811847,1.11071863129893,5.55952946507888,2.70502928282112e-08,2.63432965383829e-07,"Os02g0237100","Up"
35.0586690323598,1.31907061823673,0.39729487115287,3.32012999415031,0.000899755411342455,0.00378002073038902,"Os02g0519700","Up"
3.63911008598104,5.2058781157381,1.63587261349211,3.18232487835656,0.00146097837436143,0.00578763543988173,"Os02g0527700","Up"
15.7250160845256,7.3220127808204,1.27969630712244,5.72168001116206,1.05475822921963e-08,1.08730795071494e-07,"Os02g0813600","Up"
19.3147837567713,1.32836157027618,0.513758473549493,2.58557598300754,0.0097216442638766,0.0299790449707441,"Os02g0278700","Up"
41.0521138246441,1.71135117047434,0.356805054889518,4.79631985876503,1.61607155871369e-06,1.21650571604955e-05,"Os02g0232000","Up"
96.9941309641931,1.02868086237329,0.234778268835213,4.38149947811101,1.17865326315641e-05,7.62431219929696e-05,"Os02g0681100","Up"
312.60814602635,1.34789213889954,0.148046034484832,9.10454740371745,8.66268640145729e-20,2.37623117477802e-18,"Os02g0715400","Up"
14.3621509910142,2.02545125075646,0.747950016992119,2.70800348250785,0.00676893121250587,0.0219230581334034,"Os02g0819400","Up"
523.553294629889,2.66192066565872,0.131939750552181,20.1752743545316,1.61465243382495e-90,4.52118668128746e-88,"Os02g0140400","Up"
19.1326206941531,1.51026809437034,0.541599674362859,2.78853213149921,0.0052947494852359,0.0177304705527558,"Os02g0784400","Up"
139.467191598491,5.4130026636724,0.38113103280949,14.202471585089,8.84373892964554e-46,7.79158195231481e-44,"Os02g0106100","Up"
130.245560410646,3.46368774161971,0.268492059149274,12.9005220958658,4.47057999852226e-38,3.0762158865744e-36,"Os02g0453500","Up"
129.692675601116,1.03741151729581,0.206598872247216,5.02138034932953,5.13014573284446e-07,4.17753099540957e-06,"Os02g0162600","Up"
7.69910523165011,2.60073238247779,0.944227303342528,2.75434990417169,0.00588088576504071,0.0193820452535971,"Os02g0218600","Up"
17.7867463179706,1.28848395399998,0.530355601852513,2.4294717534789,0.0151208431062953,0.0435515392493264,"Os02g0475500","Up"
7.50632499688717,2.08080993360545,0.877573562091138,2.37109459934864,0.0177354910888578,0.0497843596510162,"Os02g0713700","Up"
3.37239508168977,4.06424397439327,1.59711164686848,2.5447463127341,0.0109357154760678,0.0330384541586021,"Os02g0762600","Up"
68.6316571779031,3.0677424226927,0.677242592185899,4.52975412073703,5.90523691059052e-06,4.03493609732811e-05,"Os02g0269200","Up"
194.377585917151,1.95160296398312,0.186387567647461,10.4706713468918,1.17804539187243e-25,4.52667143037285e-24,"Os02g0743400","Up"
58.8228021449628,1.96916172542623,0.311912152776632,6.31319333952465,2.73335663069035e-10,3.40687787009932e-09,"Os02g0149600","Up"
28.0354589564556,1.06775183255526,0.427626325599442,2.49692726718472,0.0125274648525939,0.0370866987853247,"Os02g0551700","Up"
7.52778937374234,2.60947219507238,0.944394026210668,2.76311806581703,0.00572520529024972,0.0189373720249769,"Os02g0712500","Up"
37.9615705898065,2.17773646997408,0.425570111643199,5.11722137056446,3.10069624323889e-07,2.61062192482998e-06,"Os02g0302700","Up"
4.68400219226658,3.60667483542405,1.37079964004662,2.63107366682806,0.00851155840646664,0.0267135038612011,"Os02g0823200","Up"
9.2360707685929,2.05243764073759,0.782565508677741,2.62270393721476,0.008723504155181,0.0272727637643902,"Os02g0463401","Up"
48.2587650765817,2.46431622312867,0.373253949482805,6.60225089792974,4.04961377500067e-11,5.50876032567551e-10,"Os02g0229900","Up"
443.020333698705,1.17018311756798,0.114674988035689,10.2043447975229,1.89596462509402e-24,6.8305446576158e-23,"Os02g0170100","Up"
29.5511740495024,1.64994965357517,0.42066606320648,3.922231427462,8.77326624763981e-05,0.000471884257796693,"Os02g0583000","Up"
25.6636247477924,1.15532806064514,0.471670062119819,2.44944115268365,0.0143078087596039,0.0415568593540473,"Os02g0232050","Up"
5.66269279112351,3.27242511815282,1.23634355731741,2.64685741983665,0.00812435994374912,0.0256376951092578,"Os02g0712512","Up"
111.826481865084,1.74554045832455,0.237517795869268,7.34909336766205,1.99555762589338e-13,3.38347513296706e-12,"Os02g0532300","Up"
46.6416798330557,1.91529915605038,0.356948775328763,5.36575354344982,8.06119530572342e-08,7.34940891170742e-07,"Os02g0682700","Up"
512.213511508662,1.56587992377119,0.141699685695155,11.0506944040789,2.17525740400437e-28,9.49358867942094e-27,"Os02g0626100","Up"
253.320772513234,1.33340415213038,0.147713927689445,9.02693586845606,1.76545818726452e-19,4.7191798671104e-18,"Os02g0510600","Up"
901.652232634335,1.93180207521352,0.0917952687066551,21.0446802153482,2.55837405435833e-98,8.51216195662445e-96,"Os02g0301100","Up"
11.9571300438483,1.92759709329302,0.741859615043204,2.59833134761051,0.00936780500994814,0.0290208011267766,"Os02g0707200","Up"
35.4671713532309,1.2681588218429,0.390732596691844,3.24559259345093,0.00117206441734023,0.0047693746455826,"Os02g0782550","Up"
712.518243407958,1.02412020738465,0.12769692052875,8.0199287746651,1.05806499417552e-15,2.13736686430557e-14,"Os02g0580900","Up"
14.5571796311706,1.52413374093798,0.597520634161435,2.55076336079499,0.0107487280004406,0.0326058968765912,"Os02g0792000","Up"
15.553928992582,1.56706201296724,0.582723899012689,2.68920155089284,0.00716231602520347,0.0229917661190442,"Os02g0669900","Up"
2.7820976095748,4.82263792749174,1.67585187052624,2.87772327155464,0.00400556344744191,0.0139939888643737,"Os02g0216300","Up"
3.16709437594116,5.00526309442061,1.69229869269057,2.95767119364891,0.0030997257290594,0.0111901127576626,"Os02g0197750","Up"
136.233130383404,1.83914020627217,0.221458101010241,8.30468697185804,1.00082950670237e-16,2.18230218034307e-15,"Os02g0104500","Up"
24.0786756182825,2.51662964087711,0.534877455559933,4.70505835442735,2.53793350299464e-06,1.85035569472007e-05,"Os02g0158350","Up"
19.6198863039364,1.56280356830596,0.560447980554485,2.78848996254708,0.00529543883667764,0.0177304705527558,"Os02g0601700","Up"
23.1770305029662,1.62888290393987,0.507275761187282,3.21104028335094,0.00132255393654811,0.00530465861289423,"Os02g0207500","Up"
14.3959878980795,7.19597410030534,1.29345497284844,5.56337425836975,2.64607547247124e-08,2.58297938165601e-07,"Os02g0229800","Up"
28.6666998325209,4.68385106757577,0.704818998116585,6.64546653834806,3.02258126625492e-11,4.15362588877335e-10,"Os02g0649300","Up"
15.3785516536209,3.4894085309056,0.749264579021965,4.65711129099471,3.20677114691657e-06,2.2930643440189e-05,"Os02g0747500","Up"
10.2850147724058,2.27572203554219,0.782139966447465,2.90960970307997,0.00361880359636046,0.0128041266744239,"Os02g0592833","Up"
133.707879006326,1.70743558579868,0.213783103539457,7.98676582727944,1.3852486967277e-15,2.77648606606351e-14,"Os02g0753300","Up"
1044.50383188347,2.09604017726426,0.0864773398107416,24.2380279255989,8.84324665124495e-130,4.90384036360507e-127,"Os02g0259900","Up"
77.2396951930981,1.21946732584712,0.262817872436167,4.63997107404978,3.48457949286984e-06,2.47187968825342e-05,"Os02g0761150","Up"
24.2682740215057,1.22216578424383,0.45294480758416,2.69826646377162,0.00697016241047997,0.0224718608220228,"Os02g0632800","Up"
209.465744915765,1.61675715350039,0.166464028919294,9.7123514551257,2.6710270263167e-22,8.57426961762345e-21,"Os02g0258800","Up"
259.413949869363,1.13808103030056,0.148202815501917,7.67921328920929,1.60068535897954e-14,2.96456991730847e-13,"Os02g0170150","Up"
3568.39127811998,1.30905335333961,0.0651056113477413,20.1066133354882,6.45858256995858e-90,1.75629974674037e-87,"Os02g0148050","Up"
128.095707099929,1.69997440601703,0.225298618317579,7.54542756947029,4.50806005895538e-14,8.03355050581709e-13,"Os02g0269650","Up"
3.92367130273275,5.31567832550355,1.57285982741133,3.37962622788344,0.000725844678328677,0.00312825561533272,"Os02g0257250","Up"
221.35858972196,2.17589392764332,0.181933541650495,11.9598283411826,5.76810351570062e-33,3.14918408354303e-31,"Os02g0651900","Up"
152.003164539983,1.13771595784011,0.210893572815991,5.39473983321813,6.86229107007366e-08,6.31951982262303e-07,"Os02g0709600","Up"
23.5808846874903,1.26838591116877,0.455325180588027,2.78567047298091,0.00534171439675267,0.0178631931955259,"Os02g0149750","Up"
21.8264896643754,1.88609549060265,0.500015011175901,3.77207773456053,0.000161893798945446,0.000817446621670442,"Os02g0207100","Up"
9.10117766030704,1.87008612764296,0.787854576052795,2.37364379732643,0.0176135331570454,0.0495157386893044,"Os02g0595900","Up"
29.4869393621755,1.41385506899998,0.440275855929065,3.21129366954833,0.00132138823068611,0.00530073483007573,"Os02g0149650","Up"
8.47047788622737,3.42817247137369,1.01085973806667,3.39134337067403,0.000695509043994219,0.00301266522793697,"Os02g0702600","Up"
16.2270639452145,1.64528978936548,0.59499931714329,2.76519609680369,0.00568885857845205,0.0188391814352696,"Os02g0777400","Up"
4.3689336827611,5.47184001039545,1.52569630717801,3.58645425347879,0.000335204836697237,0.00157369322487293,"Os02g0257200","Up"
22.0425759437281,3.09911459690337,0.594081230479286,5.21665125559194,1.82186811906803e-07,1.58389954735207e-06,"Os02g0499300","Up"
8.61261096481688,2.77994111463577,0.957325900922427,2.9038607562557,0.00368592050566604,0.0130122978180928,"Os02g0532401","Up"
52.7070443658742,1.09359575687649,0.324197411570155,3.37324024760092,0.000742891024852114,0.00319344901563196,"Os02g0140500","Up"
24.4598863624874,1.62256088056021,0.519430470700471,3.12373064747652,0.0017857384556153,0.00690868252575325,"Os02g0158300","Up"
179.692212261201,2.04386619837973,0.209346289021542,9.76308779072462,1.62141796551226e-22,5.2526141446337e-21,"Os02g0743450","Up"
19.5111934222173,1.47798401529275,0.544074327911561,2.71651121817494,0.00659739593295241,0.0214436219261955,"Os02g0654600","Up"
5.06004332609758,3.75227631352123,1.44427638462688,2.59803203421526,0.00937597465766178,0.0290397480334392,"Os02g0540400","Up"
134.797598158573,1.45875798803815,0.210272230832726,6.93747330430239,3.99174722813781e-12,6.02726125781982e-11,"Os02g0142950","Up"
15.0474686107928,4.30869630870016,0.895834493510906,4.80970127842896,1.51156020175504e-06,1.14484290481613e-05,"Os02g0686800","Up"
28.9016049025707,2.54358972250674,0.476226554690976,5.34113374706137,9.23670750392352e-08,8.34579312838533e-07,"Os02g0652100","Up"
34.6377788130987,1.38861565415176,0.396986011776245,3.49789567632027,0.000468944527712724,0.00212467481388073,"Os02g0782500","Up"
30.4807171967826,1.02795180457193,0.416674257797806,2.46703938468584,0.0136235372161431,0.0398889384004288,"Os02g0720500","Up"
154.836265730831,1.83547924456155,0.193334458546193,9.49380290696081,2.22756002496349e-21,6.72333245101307e-20,"Os02g0503900","Up"
36.0894295056595,2.39634101441929,0.427101158192663,5.6107106441943,2.01497438316883e-08,2.0023011430217e-07,"Os02g0212300","Up"
859.237491348817,1.12942662569756,0.0934351040926648,12.087818991216,1.22495474758314e-33,6.94247399126229e-32,"Os02g0578400","Up"
28.5597778306096,1.09164641881671,0.447727418209074,2.43819425485117,0.0147608395033454,0.0426667316020145,"Os02g0179200","Up"
11.1747323892358,1.79907627259366,0.695592119349615,2.58639542132221,0.00969855963674104,0.0299274375435541,"Os02g0155000","Up"
192.735804684271,2.34189256253921,0.189786909601126,12.339589529442,5.54377836446651e-35,3.42322261846021e-33,"Os02g0140800","Up"
28.9288003368008,2.32650029225356,0.460410217279803,5.05310309141052,4.346891128784e-07,3.58409411117027e-06,"Os02g0532500","Up"
125.861378307306,1.17044352068118,0.234633525938798,4.98838994128434,6.08845809227178e-07,4.90004790288954e-06,"Os02g0712700","Up"
48.5405659175947,1.15929818859559,0.325280218290597,3.56399843398993,0.000365248133270546,0.00170174340313415,"Os02g0807800","Up"
50.8948585813275,1.46457151835916,0.331813239315635,4.41384292374782,1.01551652870888e-05,6.671271300445e-05,"Os02g0191800","Up"
13.4213368231445,1.68424459688483,0.638317407469354,2.63856911495194,0.00832567272386098,0.0261911401894897,"Os02g0788600","Up"
25.6984201103295,1.45927274301559,0.510602492452315,2.85794285101706,0.00426397178887989,0.0147600227859623,"Os04g0581000","Up"
107.778449339719,1.72171522551587,0.23479931690434,7.3327096867889,2.25545178333353e-13,3.79681142169378e-12,"Os04g0415000","Up"
33.8084693635543,8.42511666990171,1.22881739836275,6.85628042142562,7.0676578193626e-12,1.03833990020464e-10,"Os04g0507950","Up"
27.6774377918432,1.60634685080568,0.462536062826653,3.47291158442644,0.000514844931264062,0.00231153032244466,"Os04g0129900","Up"
6.86477841514967,4.21222413010024,1.2799756757821,3.29086263887511,0.000998806716901317,0.00413587175383573,"Os04g0690500","Up"
9.38284611748679,2.09036891648045,0.774991725402445,2.69727901339197,0.00699086681124363,0.0225283391395603,"Os04g0689400","Up"
88.8807170893781,1.40411964424983,0.272014809890574,5.1619235173801,2.44425159501859e-07,2.08038273573776e-06,"Os04g0571200","Up"
5.69966656914828,3.93485130904834,1.33667608680502,2.94375828810822,0.0032425313208027,0.0116284590773042,"Os04g0139100","Up"
30.387978443959,1.16548030942606,0.417386633927331,2.79232781955585,0.00523303096963746,0.0175578774293887,"Os04g0381400","Up"
18.0492553459188,1.60452950783489,0.571240178916489,2.80885268063306,0.00497183919891311,0.0168051373711559,"Os04g0620600","Up"
9.00867084349409,2.04010614146223,0.856140678844868,2.38290994911585,0.0171763954303924,0.0484650942000326,"Os04g0384800","Up"
3978.06768887779,1.46686068721337,0.0615712536408187,23.8237911440041,1.89343782527083e-125,9.56219913151504e-123,"Os04g0608100","Up"
15.5075656585826,2.63129822440935,0.707938711852281,3.71684466516136,0.000201726382582065,0.000998079745591915,"Os04g0686800","Up"
18.663282063467,1.77332565972214,0.561522650701917,3.15806612165233,0.00158819530200976,0.00622791893179948,"Os04g0166500","Up"
43.8396699965016,1.23195848540829,0.339163884417552,3.632339827467,0.000280862910915213,0.00134093603282801,"Os04g0669600","Up"
9.57167028838775,6.6054721456552,1.34080875745438,4.92648344436244,8.37227024025287e-07,6.60832192756326e-06,"Os04g0574200","Up"
77.6186377590118,1.07103459609511,0.273378237752763,3.91777562434845,8.93698327466184e-05,0.000480142142839497,"Os04g0446401","Up"
31.7782631746651,1.77445764522512,0.466148918695873,3.80663254607444,0.000140871808575769,0.000721869110043724,"Os04g0677000","Up"
5.06703376768224,5.68901809127287,1.47465861036746,3.85785432050288,0.000114386788557632,0.000599513114751368,"Os04g0386700","Up"
479.29220850452,1.01195696675959,0.120146881724776,8.42266525965863,3.68014815335773e-17,8.3262615940088e-16,"Os04g0410050","Up"
5.37337813259808,5.77373466226153,1.45802830811789,3.9599606057818,7.49621282719262e-05,0.000408879264625409,"Os04g0609500","Up"
112.270238557633,1.46127791949576,0.244092680229571,5.98657001152766,2.14312362295458e-09,2.41954807108896e-08,"Os04g0352400","Up"
25.2546531853621,1.12169665549588,0.453062901388603,2.47580777869468,0.0132935127815611,0.0390277000908679,"Os04g0526800","Up"
251.883352259209,1.17713535708356,0.157747425353518,7.46215257995845,8.51202306329417e-14,1.48597854477174e-12,"Os04g0564300","Up"
50.9105862183723,1.02564360480152,0.33255806307509,3.08410385638411,0.00204166309490879,0.00777228078975846,"Os04g0373000","Up"
20.3890652552303,3.38496072714194,0.647449977542511,5.22814247363178,1.71221549138584e-07,1.49177961527674e-06,"Os04g0578600","Up"
523.146201278222,1.13655917370645,0.103696877576422,10.9603991968692,5.92374880849005e-28,2.52303524176065e-26,"Os04g0409900","Up"
4298.0479024505,1.51835872480053,0.0535728642340927,28.3419366596845,1.05223299439597e-176,1.1903280525805e-173,"Os04g0449900","Up"
2.82215389654446,4.84075446180372,1.73601297012765,2.78843219785839,0.0052963832689679,0.0177304705527558,"Os04g0610600","Up"
31.1439198575815,1.8148607126888,0.423219949154371,4.28822109240135,1.80109771312592e-05,0.000111924509832815,"Os04g0630100","Up"
6.77807317883965,3.04383829915861,1.08675159893382,2.80085927837128,0.00509667386117509,0.0171696287632987,"Os04g0160600","Up"
112.40826654548,1.80221052389737,0.21961169829398,8.20635028961374,2.28013549037873e-16,4.85942063326307e-15,"Os04g0201500","Up"
187.016129613708,1.6323650253481,0.182188581691151,8.95975483312841,3.25401097269393e-19,8.60062470268758e-18,"Os04g0430200","Up"
61.5352476431321,1.20405343460018,0.307222731956446,3.91915476739811,8.88600432315049e-05,0.000477584736341731,"Os04g0165000","Up"
3.25908350146206,5.05021446707173,1.64288384636106,3.07399362301712,0.00211213947289338,0.00801575636512314,"Os04g0540750","Up"
36.8023857306646,1.27777997629703,0.38679599492525,3.303498467051,0.000954864914682484,0.00397944807723774,"Os04g0613700","Up"
5.81205972098879,2.83670238845632,1.08674552439768,2.61027289717024,0.00904700195813373,0.0281503204288679,"Os04g0543600","Up"
42.7080895826399,1.90881430477915,0.377080411157355,5.06208821328192,4.14689056803047e-07,3.43219819006349e-06,"Os04g0390100","Up"
771.402729796552,1.46931843388241,0.0937979646263412,15.6647155376523,2.63606430272283e-55,3.15892095530951e-53,"Os04g0635400","Up"
335.438812277582,1.49684716831635,0.130481811521425,11.4716921145026,1.83044558164486e-30,8.8728398956144e-29,"Os04g0571300","Up"
193.352450084713,1.53654241183562,0.184022830624766,8.34973794620477,6.84145867902944e-17,1.51990017990284e-15,"Os04g0612500","Up"
7.22133019106999,3.23110971763479,1.11840344863273,2.88903769170677,0.00386422752734728,0.0135723073399042,"Os04g0565200","Up"
8.29063935976873,2.48703538857626,0.86922704562521,2.86120341180527,0.0042203617636602,0.0146371502220027,"Os04g0685151","Up"
9.85264612939004,2.0085292448087,0.741973073254337,2.70701096469602,0.00678920150080067,0.0219761254027863,"Os04g0476650","Up"
2.57125237953846,4.71330125331715,1.73916313858974,2.71009725812099,0.00672634812875197,0.021795125049179,"Os04g0527900","Up"
162.545048044705,1.12898036484453,0.177272236325523,6.36862482386351,1.90730515328626e-10,2.4188563695107e-09,"Os04g0623500","Up"
119.767194486708,1.0797283292355,0.205446863330191,5.25551138495687,1.47613720867531e-07,1.29567462441175e-06,"Os04g0635201","Up"
112.068320909261,1.19031575470332,0.245616310412541,4.8462406780073,1.25822864743368e-06,9.65643538075218e-06,"Os04g0585900","Up"
41.7974639846545,1.79685379615792,0.381871985340941,4.70538260237566,2.53390287320366e-06,1.84789342849595e-05,"Os04g0559550","Up"
481.780513584193,1.32529012963724,0.118507412148276,11.1831834449228,4.92895563714578e-29,2.20912510894009e-27,"Os04g0233851","Up"
34.890318388773,1.11151211761821,0.413415400772605,2.68860839615791,0.0071750536355435,0.0230274275836139,"Os04g0607450","Up"
56.3390307568622,1.31701211881238,0.328375262392702,4.01069224647433,6.05409818170254e-05,0.00033743782159387,"Os04g0506100","Up"
14.3370021469921,1.58954944606686,0.599910362076004,2.64964492456205,0.00805764055679752,0.0254640890140564,"Os04g0686200","Up"
278.782526104223,1.41124727357201,0.150021629507943,9.40695870455989,5.10699938753421e-21,1.50605891218827e-19,"Os04g0323800","Up"
50.8601368391709,9.01604731093656,1.21567019325134,7.4165241205947,1.20233992869834e-13,2.07971715740171e-12,"Os04g0418800","Up"
53.5535915697642,1.4620196476383,0.322863066392783,4.52829635787347,5.94611479115298e-06,4.06090491206466e-05,"Os04g0673700","Up"
674.830060968008,1.28940050544104,0.106677564215023,12.0868948867456,1.23880762329364e-33,7.00694367887348e-32,"Os04g0635450","Up"
3.05671846263172,4.96059483442376,1.68148018408202,2.95013576810715,0.00317634316109184,0.011424421653757,"Os04g0469300","Up"
265.259788609825,1.05379454756284,0.148391664139635,7.10144032464806,1.2346332155547e-12,1.9441348535135e-11,"Os04g0573900","Up"
77.8485582686175,1.04519013569655,0.289725930823146,3.6075132547751,0.000309145749814635,0.00146276576049986,"Os04g0652700","Up"
61.2868758204576,3.18212485727876,0.359376219415141,8.85457825355678,8.40008162395062e-19,2.1635947942345e-17,"Os04g0676800","Up"
58.4009796635558,1.01196845732451,0.287713438946785,3.51727907124867,0.000435995128038324,0.00199327161591527,"Os04g0497250","Up"
6.58142179975536,2.66726891749033,1.04965797965796,2.54108382842903,0.0110509420205407,0.033336713736844,"Os04g0528200","Up"
70.4143254778012,3.27937527205308,0.352003488822261,9.3163146849063,1.20451447821967e-20,3.48311594668001e-19,"Os04g0518400","Up"
10.6324177804618,2.29146153875874,0.790273430648323,2.89958063866436,0.00373662216156825,0.0131715581891202,"Os04g0505200","Up"
1713.88874957162,1.88739331365123,0.0712109869560093,26.5042431558654,8.66006373360559e-155,7.42167461969999e-152,"Os04g0690800","Up"
44.5724184100726,1.30236477236395,0.34005782445639,3.82983327746062,0.000128230107389233,0.000662905175803482,"Os04g0681400","Up"
22.5071660822225,1.42295716744806,0.499499943218628,2.84876342183134,0.00438895031876692,0.0151315255351758,"Os04g0632200","Up"
3.38073699703458,4.06185063656812,1.65769908032733,2.45029431744998,0.0142739487205794,0.041479813375124,"Os04g0499100","Up"
120.635414750577,1.32906183903568,0.204332797026555,6.50439801332017,7.8005115793766e-11,1.02846744977319e-09,"Os04g0164900","Up"
27.3530764751705,4.02827235538137,0.635125818619995,6.34247929667546,2.26096601962951e-10,2.84441192175899e-09,"Os04g0107900","Up"
113.064065186295,2.2442695789444,0.243612125517441,9.21247074289706,3.18703015653738e-20,9.00423574995341e-19,"Os04g0266900","Up"
66.7924812786016,1.34255390236226,0.280850087825638,4.78032217385585,1.75014503276231e-06,1.30718217293062e-05,"Os04g0623550","Up"
317.937576592491,1.05613142448523,0.139702063904564,7.55988419188073,4.03428383825484e-14,7.21198364283724e-13,"Os04g0464200","Up"
8.33535921871709,5.41517390305249,1.35875562609974,3.98539207421466,6.73687931398907e-05,0.00037132271268549,"Os04g0604251","Up"
199.29875034033,1.50449130271264,0.163924912481878,9.17792957723228,4.39459269877781e-20,1.23052946647659e-18,"Os04g0586200","Up"
128.411362706592,1.14406870711025,0.208538715094894,5.48612139760065,4.10854602218903e-08,3.91224882335111e-07,"Os04g0432000","Up"
7.52777109327422,2.62929954411158,0.953665725202786,2.7570452356904,0.00583262820100169,0.019240937612566,"Os04g0340800","Up"
28.2267744820636,1.25614598875856,0.442864932957981,2.83640879030207,0.00456240078918163,0.0156399099053146,"Os04g0192350","Up"
51.6352011806185,4.10825915472806,0.459994338464071,8.93110808373341,4.21762786725016e-19,1.1054562902104e-17,"Os04g0541100","Up"
18.8970034994598,1.51238474279972,0.560118574832621,2.70011531621079,0.0069315445747711,0.0223677558328505,"Os04g0685500","Up"
347.953846783441,1.08284983842232,0.125694298209578,8.61494796380359,6.99733688221596e-18,1.67279530317793e-16,"Os04g0586100","Up"
828.020838250652,1.09998531215355,0.090961907135277,12.09281276961,1.15271493372675e-33,6.57256674208192e-32,"Os04g0530600","Up"
17.2476823969915,3.29719258281224,0.675490972048576,4.88117934842677,1.05453280622041e-06,8.20446830611259e-06,"Os04g0541234","Up"
16.0889284464506,2.00608240881329,0.597954455407752,3.35490837248686,0.000793912761706981,0.00338652289801435,"Os04g0465100","Up"
23.6831964692758,1.25401552070478,0.472908861808685,2.65170653793351,0.00800861150855667,0.0253312167655777,"Os04g0566600","Up"
109.308711044724,1.18090901058584,0.237036454090916,4.98197214059277,6.29394980674387e-07,5.05105546210339e-06,"Os04g0223300","Up"
29.327728429534,1.13790710272832,0.465297263493592,2.44554866750037,0.0144631927215289,0.0419306564179967,"Os04g0607400","Up"
2.43730454627334,4.634783315247,1.74574769291276,2.65489871993696,0.00793322232828004,0.0251206568904496,"Os04g0639000","Up"
484.140331099627,1.18386257526618,0.118247952569043,10.0116961820117,1.35410711002256e-23,4.6644949060351e-22,"Os04g0338000","Up"
18.6390504163798,1.46041223020304,0.529423641893201,2.75849454886573,0.00580682736519305,0.019171478486461,"Os04g0229100","Up"
9.82761534978629,2.21206269355479,0.838871938341051,2.63694920815846,0.00836553564086183,0.0262960668510852,"Os04g0559100","Up"
2001.03361024766,1.00425545374788,0.0614822377511185,16.3340745308121,5.64828432722838e-60,7.94722035116148e-58,"Os04g0611300","Up"
68.9440932708876,2.417642770945,0.306990213655603,7.87530892974078,3.39901947901679e-15,6.61125652586479e-14,"Os04g0342100","Up"
124.00300340744,1.02597644193435,0.202984781026753,5.05445007623072,4.31632642408609e-07,3.56096929987103e-06,"Os04g0635100","Up"
22.1660923412578,2.74182505610834,0.564701369038617,4.85535400910431,1.20171862370645e-06,9.25791457287992e-06,"Os04g0650300","Up"
98.5413160859683,1.1393730364784,0.234151606672763,4.8659629232044,1.13900871013423e-06,8.81321623291548e-06,"Os04g0691900","Up"
30.2212957794466,1.31335262923445,0.412214604298154,3.1860895163348,0.00144209969352173,0.00572086147180361,"Os04g0456900","Up"
187.051584213795,1.44371790171237,0.168547815604672,8.56562807730839,1.07488312421196e-17,2.52481475380719e-16,"Os04g0541700","Up"
55.4961059643544,2.09279995293739,0.324115885445036,6.45694964954839,1.06834422100684e-10,1.38659214843022e-09,"Os04g0121100","Up"
48.9481567305573,1.10498600896361,0.33128474192392,3.33545699251483,0.000851593252003612,0.00360106291266659,"Os04g0486950","Up"
21.5659377422263,1.23069888191269,0.508536181925631,2.42008125607209,0.0155170393167374,0.0445023211557297,"Os04g0167800","Up"
13.8706876312604,1.83539897602245,0.616277050298014,2.97820432406968,0.00289942627359108,0.0105613954718482,"Os04g0582700","Up"
36.6895347302031,1.2657240979115,0.388971235635136,3.25403007203026,0.00113780234581646,0.00464398732025333,"Os04g0387300","Up"
14.9971914458085,5.36396662963663,1.14105864547539,4.70086848814143,2.59057322478495e-06,1.88387763872829e-05,"Os04g0108101","Up"
44.2978195597402,1.08664180117587,0.334530521509465,3.2482590714675,0.00116113496079758,0.00472963183804988,"Os04g0638100","Up"
18.8704139791023,1.40653940583115,0.589586658474068,2.38563642106738,0.0170495975260272,0.04816498527955,"Os04g0435200","Up"
30.8699905582477,1.15364893827021,0.460462043119813,2.50541593060263,0.0122307470342483,0.0363274107798321,"Os04g0616266","Up"
594.7624807128,1.33339610778564,0.0999339497390321,13.3427740149136,1.30511078176883e-40,9.66226126157182e-39,"Os04g0119400","Up"
18.5428805154626,1.68016645075208,0.53437333021583,3.14418096066559,0.00166552411179799,0.00649961189537174,"Os04g0581050","Up"
1173.91043153691,1.19635062169781,0.078437527809308,15.2522734348066,1.58999211291185e-52,1.75650652129922e-50,"Os04g0573200","Up"
4.47452059743064,5.50853182626569,1.51653277961749,3.63231965724808,0.000280884871768083,0.00134093603282801,"Os04g0609525","Up"
15.0703890790752,2.31735274554603,0.673024413584129,3.44319269668865,0.000574889531949516,0.00254515511162559,"Os04g0443300","Up"
23.3541882271685,2.16071010235799,0.547007452434043,3.95005606001048,7.81328909100887e-05,0.000424611123717952,"Os04g0495400","Up"
39.0030699405373,4.11028309834418,0.530160085145817,7.75290938248148,8.98107097262879e-15,1.69668449015975e-13,"Os04g0344100","Up"
121.030252909876,1.03611931909627,0.229225351648904,4.52009043346678,6.18132209479598e-06,4.21441586699434e-05,"Os04g0182701","Up"
8.13222940031376,3.37840988709846,1.02071431116148,3.309848652219,0.000933464301493129,0.00390118278565497,"Os04g0511200","Up"
5.5143761564178,2.73076878519869,1.11582736371448,2.4473040131479,0.0143929378652252,0.041774084130381,"Os04g0653300","Up"
9.82330645936868,3.00427926059015,0.876686364209719,3.42685752081742,0.000610609364023008,0.00268856350987618,"Os04g0161100","Up"
19.5920642523034,1.43660251337279,0.545495146002198,2.63357524608844,0.00844911118853266,0.0265381290007655,"Os04g0249600","Up"
9.49796734117894,3.65941728881022,1.01184603275822,3.61657522027824,0.000298526595318624,0.00141639049916973,"Os04g0604300","Up"
9.55366882766571,2.12676243504334,0.804472235104526,2.64367412850116,0.00820115702410946,0.0258511950288497,"Os04g0481600","Up"
167.541533920731,1.08614117699787,0.176229055748919,6.16323552539111,7.1273373923564e-10,8.46214226671836e-09,"Os04g0684100","Up"
564.626826582632,1.32012278278733,0.102643093082127,12.8612919110988,7.43239740647916e-38,5.06495496512379e-36,"Os04g0233400","Up"
555.250434847875,2.33286704390799,0.11155339819567,20.9125592016124,4.11555188310632e-97,1.30777441355202e-94,"Os04g0401000","Up"
40.6248312911484,3.93187998941901,0.502452427160312,7.82537764150258,5.06135257298642e-15,9.71099810831946e-14,"Os04g0508500","Up"
2308.90466062849,1.14024493158977,0.0626454952950265,18.2015470740526,5.01706443877243e-74,1.02077409635196e-71,"Os04g0602100","Up"
71.2316931302909,1.10328385119872,0.287171042651352,3.84190495327271,0.000122083113738473,0.000634676622108294,"Os04g0460600","Up"
26.9499628144083,1.32151286792537,0.45338663981173,2.91475917436415,0.00355963108284944,0.0126200233990303,"Os04g0301500","Up"
33.8242266977399,1.21475093467631,0.402072816822727,3.02122124115615,0.00251757333954499,0.00935112839712003,"Os04g0681450","Up"
22.0142901641412,4.28419499655365,0.72908080481073,5.87615936160304,4.19894123301046e-09,4.56907491384259e-08,"Os04g0460300","Up"
29.6694079077375,2.44925739986635,0.482088144002478,5.08051780641541,3.76407448734073e-07,3.12909437320644e-06,"Os04g0635350","Up"
9.51709123007997,2.96854485309284,0.893295220688837,3.32313974634695,0.000890103110112449,0.00374486850001341,"Os04g0685400","Up"
19.3278871686653,1.3231936698456,0.533081154828569,2.48216178317375,0.0130587970683818,0.0384303683549328,"Os04g0453500","Up"
133.90894347259,1.15249988323322,0.222934539048118,5.16967845428596,2.34497117138985e-07,2.00235898846848e-06,"Os04g0556900","Up"
2287.76427848373,1.38379072885096,0.0603834347416265,22.9167276550603,3.16487631383385e-116,1.44364301663766e-113,"Os04g0449950","Up"
11.3898651947249,2.81775925138223,0.763671247813507,3.68975427508872,0.000224470766281868,0.00109721157525201,"Os04g0357200","Up"
22.2940944065231,4.91388156002323,0.836004132135997,5.87781970343642,4.15705325524394e-09,4.53027919175951e-08,"Os04g0476600","Up"
2.27324078973336,4.53522920731489,1.79882738217461,2.52121423781765,0.0116950623801896,0.0349332550881011,"Os04g0167900","Up"
112.444940958393,1.37602136044935,0.222513718886204,6.1839843733548,6.25035576618722e-10,7.47110361046241e-09,"Os06g0542200","Up"
186.091590415363,1.40380452711833,0.174606219645822,8.03983116962195,8.996233461755e-16,1.82512538401645e-14,"Os06g0698300","Up"
321.395751181158,5.04933764777067,0.231538181171073,21.8077969785897,1.95673948769296e-105,7.3784732601926e-103,"Os06g0109200","Up"
9.99096207736237,3.71024178932659,1.00711842187045,3.6840173993003,0.000229586559077528,0.00112043787355851,"Os06g0118075","Up"
129.496968403153,2.29100888400633,0.233049416634843,9.83057120282791,8.31458279212808e-23,2.7470177096282e-21,"Os06g0531600","Up"
7.01237248986895,2.45157591347657,0.967999236228954,2.53262174361542,0.0113213048014708,0.0339999810014225,"Os06g0244700","Up"
63.6053133888023,1.0687646711841,0.305008189860742,3.50405237207586,0.000458235229283275,0.00208182337660406,"Os06g0206401","Up"
66.633234540286,3.6342675495967,0.380942430551575,9.54020150586683,1.42555051449433e-21,4.36320282472013e-20,"Os06g0319366","Up"
9.60878492870551,3.65842326324324,1.01475170238418,3.6052398381276,0.000311864777765442,0.00147439782346781,"Os06g0153200","Up"
137.787385838063,1.32502122649377,0.229907904123017,5.76326956460266,8.24998679555814e-09,8.62542981756672e-08,"Os06g0713000","Up"
5.44884610278655,2.73264781372325,1.1121040781632,2.45718711708764,0.0140029729396032,0.0408308153113638,"Os06g0227300","Up"
46.7321079321435,1.25055477768581,0.350641585108293,3.5664759423774,0.000361814008175815,0.00168741127394792,"Os06g0505700","Up"
4.42244034278415,5.48765899542626,1.57947087924894,3.47436541409091,0.000512063171011282,0.00230050175367277,"Os06g0118800","Up"
93.6708359156708,1.04264776028009,0.234305515488758,4.4499497082053,8.58904001164313e-06,5.70739287051879e-05,"Os06g0128100","Up"
478.407452508752,2.13967018362233,0.130406031026582,16.4077548160804,1.68315576650534e-60,2.41631107779378e-58,"Os06g0561050","Up"
37.4643183489607,1.23278426371592,0.362496910783385,3.4008131574191,0.000671857322937276,0.00292168012076004,"Os06g0341400","Up"
28.2899184237358,1.03904744012589,0.415084988343749,2.50321613477724,0.0123070361397354,0.0365067431369684,"Os06g0703300","Up"
58.4209965322349,1.63788088708556,0.312113043549902,5.24771687993772,1.53995711058413e-07,1.34876206393403e-06,"Os06g0640800","Up"
15.936072074902,5.46260224844924,1.14740493267934,4.76083211154875,1.92796384650071e-06,1.42847119577906e-05,"Os06g0166500","Up"
250.433665672002,1.25958292249628,0.165106805152845,7.62889767826493,2.36769462572113e-14,4.32563124741726e-13,"Os06g0233800","Up"
2.72859094955175,4.79859866444717,1.70449712229109,2.81525770955669,0.0048738132748565,0.0165373248705956,"Os06g0242700","Up"
106.14309694872,1.38246631767439,0.26507051648816,5.21546619363888,1.83355499593282e-07,1.59308045591325e-06,"Os06g0356800","Up"
68.3061486072215,1.20158063380546,0.297535770553783,4.03844092953609,5.38076391718173e-05,0.000303315495997243,"Os06g0142700","Up"
90.0153798899499,1.14944922573477,0.247839905937252,4.63786984338909,3.52018337466233e-06,2.49447020843962e-05,"Os06g0494250","Up"
185.511981275864,1.02215753571723,0.168126167003584,6.07970522337215,1.20403689293253e-09,1.39554784299282e-08,"Os06g0108500","Up"
11.945115760098,1.77822218260646,0.693979260337209,2.56235637610036,0.010396457786451,0.0317141864587013,"Os06g0574900","Up"
3.8476351091318,4.25863526556992,1.56673490336821,2.71815943872482,0.00656461964726153,0.0213518123340084,"Os06g0687050","Up"
37.7210250161414,1.65923160248436,0.40057739352162,4.1420999520154,3.4414029612201e-05,0.000201841688664946,"Os06g0640933","Up"
8.33311598618719,3.43532200089931,1.00260008847318,3.42641302389155,0.000611609601281055,0.0026921293593509,"Os06g0536200","Up"
72.5808831876542,1.32787822345252,0.27888414456255,4.76139733772025,1.92257094550209e-06,1.4252222518937e-05,"Os06g0308300","Up"
4.6897708071081,4.56046787471218,1.53112665772071,2.97850465323427,0.00289658631339851,0.0105524098324389,"Os06g0158800","Up"
22.0851520915655,2.21579062487649,0.53477176582643,4.14343233220668,3.4214605912208e-05,0.000200835049772344,"Os06g0335975","Up"
124.530111454847,1.46504919275097,0.252567442295271,5.80062568412205,6.60679325070926e-09,6.99800449150968e-08,"Os06g0531900","Up"
9.54491393717003,3.62991498540421,0.959858883239717,3.7817173428166,0.000155750153751714,0.000790660581269471,"Os06g0529900","Up"
23.0904546552686,1.124688980954,0.47390328195619,2.37324581571049,0.0176325247112778,0.0495543507263886,"Os06g0355800","Up"
23.9664909937362,4.41570030807242,0.735634529725451,6.00257346500636,1.94214337584731e-09,2.20759385754307e-08,"Os06g0230000","Up"
15.2897696960856,1.56316746488028,0.613996658527411,2.54588920504767,0.0108999778121565,0.0329612785718938,"Os06g0335900","Up"
80.2778969540022,1.71762351252367,0.269263140497242,6.3789774915043,1.78274233450002e-10,2.26494770718756e-09,"Os06g0274950","Up"
18.6844466404863,7.56879288115633,1.27045549751468,5.95754270492963,2.56058815235611e-09,2.87251065199457e-08,"Os06g0156600","Up"
11.9295641393419,2.21694437274006,0.751683167164851,2.94930692821256,0.00318487502506714,0.0114478203589125,"Os06g0266800","Up"
8.14468922717752,2.25902940133019,0.896723918997114,2.51920279304768,0.0117620891844347,0.0351112142943843,"Os06g0681600","Up"
66.204688473344,1.29163766875833,0.3112243447555,4.15018198455218,3.32211038439326e-05,0.00019544956060126,"Os06g0187700","Up"
8.86172741899727,6.49292296264645,1.36335569846758,4.76245705353675,1.91249908258984e-06,1.4184995162529e-05,"Os06g0118000","Up"
80.2991286285451,1.980069562662,0.272288941233847,7.27194264184782,3.5435406563494e-13,5.86051890656242e-12,"Os06g0591400","Up"
26.2849393924493,1.32857928610083,0.475293984089905,2.79527898642521,0.0051854944471661,0.0174149113478571,"Os06g0341500","Up"
6.26573894797835,4.02616529083468,1.28784149272361,3.12628946464513,0.00177027209317279,0.00685916770338671,"Os06g0106800","Up"
24.1288050131394,1.83946913856598,0.503172265851988,3.65574429157245,0.000256436873560961,0.001236326495257,"Os06g0254700","Up"
8.34433022420547,3.86464816694617,1.08622357727738,3.55787542066883,0.000373866543334188,0.00173703297388437,"Os06g0638500","Up"
135.211235764127,1.31096441837354,0.198372212377668,6.60860915276623,3.8794744748445e-11,5.28749000593143e-10,"Os06g0316800","Up"
78.3591134749896,2.21462819565569,0.278275638200802,7.95839768789831,1.74281420572972e-15,3.45641855205064e-14,"Os06g0275000","Up"
1054.56629697581,1.59532329367778,0.0836681499466877,19.0672710546881,4.72318436874456e-81,1.10393700109475e-78,"Os06g0668200","Up"
3.04999327610502,4.95802968287121,1.6523104449421,3.00066473467397,0.00269390992810342,0.00990592467516483,"Os06g0262501","Up"
22.1625402345211,1.19635586850692,0.484961363712867,2.46690965100314,0.0136284739836671,0.0398992621875868,"Os06g0222400","Up"
74.8121139312991,1.01670327851165,0.271329796396048,3.74711252511172,0.000178881853943214,0.000895390745374873,"Os06g0679850","Up"
2315.53833129637,1.28471419396783,0.0608138058304996,21.125370734872,4.6496198550573e-99,1.58428794121537e-96,"Os06g0326400","Up"
91.8334197883928,1.27218959472078,0.234483736241396,5.42549182776194,5.77951743540418e-08,5.3748941989696e-07,"Os06g0133600","Up"
905.357637893825,1.23829780955019,0.0876706913345933,14.1244216362371,2.6859594138571e-45,2.32298526554412e-43,"Os06g0129900","Up"
20.7237590602882,1.94065651610507,0.518796052605665,3.74069252523814,0.000183513912211058,0.000915982518750608,"Os06g0591200","Up"
90.6222439623633,1.33075878823905,0.256413173890756,5.18990022254479,2.10406796496017e-07,1.81141997312142e-06,"Os06g0211200","Up"
238.041992596245,1.33672384021034,0.154574848435238,8.64774478993182,5.2527139755315e-18,1.27076136819509e-16,"Os06g0102100","Up"
6.42629269515974,4.0635171161429,1.30640485187062,3.11045776531251,0.00186797606880349,0.00718751444922877,"Os06g0666800","Up"
53.8707246469259,1.06317991801953,0.30192322663598,3.52135849191019,0.000429341751595662,0.00196571378936003,"Os06g0477400","Up"
3.50534343592342,5.15876994630858,1.6178480365761,3.18866162314369,0.00142933082230265,0.0056773742957221,"Os06g0698200","Up"
43.3475200062731,1.61106413403656,0.441755722765344,3.6469570194846,0.000265364290703519,0.00127567015219891,"Os06g0627100","Up"
16.9509470149564,3.87450382868367,0.767986496326646,5.04501556630982,4.53484447228101e-07,3.72494732850941e-06,"Os06g0318500","Up"
29.8955850817875,4.76769468332742,0.709414896413361,6.72060131163272,1.80976149996234e-11,2.55016766220403e-10,"Os06g0351500","Up"
63.6101178352697,6.4650028045084,0.76337614571619,8.4689609975211,2.4759155639763e-17,5.68355260266344e-16,"Os06g0697000","Up"
145.934668604241,2.23878449973472,0.203621564866622,10.9948300475993,4.04675140680087e-28,1.73930359476801e-26,"Os06g0230100","Up"
2.27324078973336,4.53522920731489,1.79882738217461,2.52121423781765,0.0116950623801896,0.0349332550881011,"Os06g0148250","Up"
843.670133530024,4.64820065787296,0.136924706935679,33.9471287680497,1.34474732427884e-252,4.22564434199222e-249,"Os06g0567950","Up"
122.065980610648,1.64914148481277,0.235959707854917,6.98908088929643,2.76692867806471e-12,4.2245588565621e-11,"Os06g0179000","Up"
10.2767814420986,2.26302870912576,0.766655105504804,2.95182108992239,0.00315905910387992,0.0113792990474511,"Os06g0147000","Up"
2.7753724230481,4.81969381295799,1.68610759036294,2.85847346901543,0.0042568470423527,0.0147425779089857,"Os06g0517700","Up"
17767.5148159793,1.03046053200512,0.0426568419395143,24.1569812755073,6.30620274827888e-129,3.36501358347311e-126,"Os06g0612800","Up"
11.0428316671145,6.81032731355869,1.3321608107973,5.11224114863634,3.18359058657255e-07,2.67563522671199e-06,"Os06g0553100","Up"
13.6245671718098,1.7140613814859,0.653357488963742,2.62346634184065,0.00870400446874908,0.0272238387945911,"Os06g0173000","Up"
32.6560219267945,1.7038542497416,0.410280455029226,4.15290133579535,3.28286305602055e-05,0.00019327742470786,"Os06g0267450","Up"
20.6866370013923,1.46138495207834,0.523533489941025,2.79138771474383,0.00524825637400615,0.017601935350854,"Os06g0720900","Up"
60.687841770567,1.43444780032255,0.298541149356755,4.80485790120809,1.54861450674532e-06,1.17102585201242e-05,"Os06g0217700","Up"
188.520914646354,1.05486452903623,0.167432993599337,6.30021900916674,2.97225373973772e-10,3.69487068191307e-09,"Os06g0705500","Up"
7.59505615158477,2.62931264099605,0.974161286191864,2.69905269103272,0.00695371656421362,0.0224290668513373,"Os06g0528350","Up"
4.75396421623971,5.59723089610974,1.50912590151579,3.70892242356174,0.000208143181934527,0.00102570087616141,"Os06g0142350","Up"
20.2895176040065,1.75959798117313,0.532496657044196,3.30443009903644,0.000951697052767855,0.00396917038037571,"Os06g0230201","Up"
1275.98216921162,1.09576834246255,0.0783005212641173,13.9943939679071,1.68661257423157e-44,1.42811647340847e-42,"Os06g0486800","Up"
61.5932521414949,1.04968970030141,0.289218485678731,3.62940044388251,0.000284080264763438,0.00135390528610967,"Os06g0725350","Up"
724.292561105495,1.95130261356302,0.106997059058372,18.2369742751387,2.62598123204308e-74,5.38154892923263e-72,"Os06g0561000","Up"
48.7044200885636,2.42889844906877,0.362816675950821,6.69456122076924,2.16319711267965e-11,3.0181242004782e-10,"Os06g0544100","Up"
38.2306583422217,1.61070959461023,0.372161001161228,4.32799135208806,1.50475376351817e-05,9.52247509197974e-05,"Os06g0627001","Up"
54.9908917216941,1.66816878794064,0.317950601743162,5.2466288121328,1.54907554054864e-07,1.35632833938873e-06,"Os06g0651200","Up"
9.24018018204444,6.55516976923288,1.34611009354738,4.86971296081598,1.11760476496501e-06,8.65707487208312e-06,"Os06g0220100","Up"
57.4146313630918,1.63939275405964,0.312225817597165,5.25066365964263,1.51552183985361e-07,1.32818323994112e-06,"Os06g0308550","Up"
3.4784089227044,5.14078797730206,1.64779093491489,3.1198059586167,0.00180970210197336,0.00698800998715299,"Os06g0148200","Up"
38.802959303869,1.20315586433621,0.359104558196694,3.35043328432828,0.000806852430345336,0.00343601770555586,"Os06g0618050","Up"
80.4493667403412,2.33313364396219,0.284692934981529,8.19526358851709,2.50044611659746e-16,5.3009832551344e-15,"Os06g0714800","Up"
16.4785139668704,2.77082315185396,0.658553842116148,4.20743601305309,2.58284503849205e-05,0.000155946713350969,"Os06g0131700","Up"
92.7576745442726,1.07892770560109,0.259501998667693,4.15768553282982,3.21488152506279e-05,0.000189733022559058,"Os06g0210000","Up"
119.498789404618,1.15246452236997,0.237227473787139,4.85805671650012,1.18543456559414e-06,9.13993319235762e-06,"Os06g0102200","Up"
53.9705364914257,1.26759400591158,0.319278180010593,3.97018676900979,7.18163137145483e-05,0.000393459350670504,"Os06g0104300","Up"
21.1757142358967,2.1970349467178,0.569650382675958,3.85681290407834,0.000114875020345131,0.000601514617733875,"Os06g0267400","Up"
25.9012065853532,4.54103725209045,0.725789799322068,6.25668376206452,3.93249679993611e-10,4.83123119022559e-09,"Os06g0553001","Up"
29.9576624278926,3.25888199911271,0.507956299880549,6.41567394651678,1.40201227474249e-10,1.79819996108809e-09,"Os06g0142200","Up"
362.75544943018,2.11866024260262,0.136404320773109,15.5322077086307,2.10022975658865e-54,2.47485823942015e-52,"Os06g0223700","Up"
39.7830640982226,1.10397703124375,0.402403806463355,2.74345573653088,0.00607962439770845,0.019967234652374,"Os06g0207500","Up"
72.5484669858996,3.28593710964334,0.33331345185127,9.85839932769824,6.30464164910674e-23,2.09028804781228e-21,"Os06g0319133","Up"
8.83269227838346,1.99461840795003,0.811256675635714,2.45867734325516,0.0139449883738462,0.0406953065938236,"Os06g0290701","Up"
84.3814050133718,2.32608061537832,0.295157763089443,7.88080445871054,3.25280009998826e-15,6.34430618122538e-14,"Os06g0230301","Up"
3.91712729941355,5.3212438937074,1.5850769579837,3.35708866809615,0.000787678479850048,0.00336246567375686,"Os06g0226500","Up"
7.89591285075339,6.3272584655391,1.37837572732005,4.59037281354414,4.42455002465457e-06,3.08077364406606e-05,"Os06g0220000","Up"
8.14553537847809,6.37363317284586,1.37364040670334,4.63995754765414,3.48480758002418e-06,2.47187968825342e-05,"Os06g0681200","Up"
1983.18755826382,1.22987830854131,0.0764659072518411,16.0840085829452,3.30297501508059e-58,4.26536239276229e-56,"Os06g0246000","Up"
120.672316329411,1.31064272687615,0.209071214603772,6.26888177485385,3.63650090675403e-10,4.47926315957799e-09,"Os06g0682900","Up"
269.149275375177,3.7309903845258,0.186827298132263,19.9702635633283,9.99247450959569e-89,2.66601105288562e-86,"Os06g0109100","Up"
233.006512218164,2.20357449172851,0.183218940970202,12.0270015756007,2.56300734725082e-33,1.42685848007087e-31,"Os06g0289900","Up"
837.378736308932,4.36503203332179,0.134285935161343,32.5055042292943,8.91463216026536e-232,1.80081937231761e-228,"Os06g0567900","Up"
206.526560426134,2.53310272209511,0.21942458423159,11.5442976955653,7.88831514486766e-31,3.87981635846961e-29,"Os06g0174700","Up"
75.6995041098999,1.54533495479843,0.334907330337976,4.61421657519092,3.94580813631502e-06,2.77521511820754e-05,"Os06g0720700","Up"
119.639022183568,2.78563067580499,0.266147518201954,10.4664912700453,1.23122352894872e-25,4.71180414373462e-24,"Os06g0246500","Up"
13.0260392135777,1.77292163189003,0.701480112572649,2.52740113385099,0.0114910172164323,0.034436521977103,"Os06g0474866","Up"
199.911169996884,2.4220059299213,0.207741563911671,11.6587450499367,2.07071846194189e-31,1.05517096976898e-29,"Os06g0174800","Up"
15.2770120158252,1.54743087719775,0.61051836708825,2.5346180567473,0.0112569988636731,0.0338391990713797,"Os06g0268600","Up"
16.8093020638169,2.20106343713432,0.60368002627032,3.64607630093879,0.00026627494245247,0.00127874369969406,"Os06g0258000","Up"
46.2190650807273,1.57038198941872,0.381840055277547,4.11266960528084,3.91109935355168e-05,0.00022656657275255,"Os06g0561800","Up"
50.2135237311262,1.61701509416272,0.341728082598184,4.73187653138843,2.2245371413901e-06,1.63493074053154e-05,"Os06g0713800","Up"
4.91145020234825,5.64402427887207,1.49331195192472,3.77953465891538,0.000157121722769227,0.000796908077768383,"Os06g0347100","Up"
110.402879021879,1.40035275687492,0.240941734107568,5.81199750247392,6.17317618583266e-09,6.57317754938003e-08,"Os06g0532101","Up"
26.0160393270094,1.51747870162914,0.452567262391683,3.35304567460254,0.000799275154987858,0.00340682752949685,"Os06g0473800","Up"
5.56068520979099,5.82197719588157,1.50172512498479,3.87685941922329,0.000105813454699101,0.000559661550840708,"Os06g0142300","Up"
28.862728919681,1.34328042133933,0.424157333045532,3.16693904993771,0.00154052602860417,0.00606200314664734,"Os06g0134750","Up"
265.144166899191,1.03361023552172,0.151266349021348,6.83304807849797,8.31290794593802e-12,1.21059397332169e-10,"Os06g0178900","Up"
211.189878687564,1.63137246186951,0.181267335949018,8.99981484986538,2.2609865881384e-19,6.00967685142312e-18,"Os06g0686400","Up"
9.0226097654814,6.5222298381998,1.35717156597469,4.80575190470902,1.54170984535032e-06,1.16642846806721e-05,"Os06g0731000","Up"
533.507053990723,1.18549605632344,0.138957712973296,8.53134403954434,1.44657134917101e-17,3.37545250213741e-16,"Os06g0318800","Up"
10.9859927249597,1.89839832623755,0.711906338265273,2.666640573623,0.0076613558677923,0.0243669371679076,"Os06g0148700","Up"
19.1418022069962,1.71877693120137,0.597171112237886,2.87819838565246,0.00399953533200022,0.0139832932036467,"Os06g0722201","Up"
26.7131554787676,2.04494636303039,0.611452012340305,3.34441022641082,0.000824577114231206,0.00350200711331622,"Os06g0720400","Up"
125.776448541149,1.06758494763497,0.204928735534116,5.20954245314828,1.89306890136753e-07,1.63924928351424e-06,"Os06g0314300","Up"
821.072352880145,1.61386331373786,0.0899075959857203,17.950244315221,4.77797250687724e-72,9.25519455253391e-70,"Os06g0668250","Up"
18.293053286896,7.54082499225741,1.26752912432922,5.94923213006883,2.69403343304985e-09,3.01265162198825e-08,"Os06g0156650","Up"
3.98729950965808,5.34350991486259,1.56450676278895,3.41545977425948,0.000636744334590133,0.00278779836484444,"Os06g0291100","Up"
32.7880620017181,2.13900769850622,0.429168525816251,4.98407401716601,6.22592450403133e-07,4.99930070694236e-06,"Os06g0552900","Up"
324.288094244091,4.10699799952948,0.197121838910528,20.8348198364445,2.0930086917323e-96,6.57693097898679e-94,"Os06g0498800","Up"
6.78284749228626,6.10891669393473,1.40158341630969,4.35858231686221,1.3090768354592e-05,8.38170749006604e-05,"Os05g0542500","Up"
58.7895097362833,2.22704641224277,0.315846354683148,7.05104358249412,1.77580858935899e-12,2.762466596021e-11,"Os05g0121850","Up"
3.93375908252279,5.31895126025949,1.5824850067219,3.36113848640981,0.000776218958301034,0.00332106631765681,"Os05g0172800","Up"
35.6881430218719,1.60190219980804,0.384647430716684,4.16459872570406,3.11900642649039e-05,0.000184807502090037,"Os05g0541301","Up"
277.427970992699,1.16094951538401,0.142470762376338,8.14868606035352,3.678996665506e-16,7.71852408732753e-15,"Os05g0382900","Up"
21.8932735201816,1.70470978894829,0.545354283784114,3.12587585655259,0.00177276370843175,0.00686599978610768,"Os05g0125350","Up"
684.857332777747,1.74228398779229,0.0975441406685443,17.8614930210168,2.3526123060937e-71,4.46538447172054e-69,"Os05g0457300","Up"
62.7902565626395,1.873415626106,0.31565103578064,5.93508467815679,2.93693878555727e-09,3.2656663627504e-08,"Os05g0561000","Up"
42.3884680623622,1.05441913390797,0.355713172523955,2.96423977337236,0.00303431758122308,0.0109876485934149,"Os05g0130100","Up"
28.8398529363337,1.16214926198237,0.413640207855693,2.80956551106805,0.00496084217707454,0.0167820068911298,"Os05g0494600","Up"
65.4565399479363,1.37535970424812,0.306502646446549,4.48726860989099,7.21420962552898e-06,4.85732314967615e-05,"Os05g0501400","Up"
377.060166488713,2.50166484737254,0.152463483894124,16.4082886175537,1.66842412299745e-60,2.40738278686177e-58,"Os05g0580000","Up"
10.6739017346364,2.71595852542877,0.819034775368876,3.31604787379823,0.000913001871210423,0.00382697582921328,"Os05g0585450","Up"
52.378053432715,1.38252765114856,0.318981302904403,4.33419651421668,1.46293451097651e-05,9.27859405806834e-05,"Os05g0537100","Up"
37.7325453155628,1.10111856005013,0.366867062233399,3.00141024747978,0.00268732246618555,0.00988684358868135,"Os05g0525900","Up"
18.9141055377444,4.67711767202699,0.859860610685571,5.43939054063414,5.34631441316642e-08,5.00162480710418e-07,"Os05g0477600","Up"
14.5670680780618,4.27060048195812,0.889972252190831,4.798577114562,1.59796783378125e-06,1.20480214095355e-05,"Os05g0477666","Up"
7.10685033265278,2.50462584062044,1.02689261521996,2.43903384199908,0.0147265890488523,0.0425982064938724,"Os05g0134400","Up"
20.8669118018223,2.09636434456331,0.563747678906101,3.71862168662248,0.000200312790195684,0.000991606164803804,"Os05g0585400","Up"
43.1896091354133,4.88601314721646,0.597618898543332,8.17580093120529,2.93906902373444e-16,6.21224297909072e-15,"Os05g0493800","Up"
80.0088903053932,1.03463004084364,0.253734757836751,4.07760469895614,4.5502041979428e-05,0.000260231192966674,"Os05g0443800","Up"
54.6668894776029,1.01369054091004,0.327476919367853,3.09545644580638,0.00196510231057019,0.00751623727958286,"Os05g0170000","Up"
8.5964505467484,2.80045185864287,0.925456629236042,3.02602171746787,0.00247794504134827,0.00921967684704257,"Os05g0219900","Up"
62.5779703015631,1.36417158946604,0.298483115142177,4.57034760179396,4.86915903274005e-06,3.37346121031165e-05,"Os05g0535900","Up"
10.2516150867565,1.97622637378584,0.820347850224793,2.40901024272119,0.015995849043202,0.0456481992032368,"Os05g0543100","Up"
120.806628498062,1.52490403133608,0.217729171663378,7.0036735072582,2.49336785276452e-12,3.82194776390424e-11,"Os05g0401500","Up"
201.689210413332,1.74172949408517,0.174298624452508,9.99278967092333,1.63902900339208e-23,5.6117892548343e-22,"Os05g0424300","Up"
172.345203182116,1.2020506234331,0.183924596628044,6.53556210246333,6.3371079319312e-11,8.41802486721213e-10,"Os05g0446900","Up"
68.5899852798258,1.34934105156645,0.287319716405044,4.69630510724938,2.64909754031436e-06,1.92297555281392e-05,"Os05g0491000","Up"
240.920857551151,2.02729127020832,0.157801233561015,12.847119280753,8.92731774574487e-38,6.05451974022567e-36,"Os05g0215000","Up"
564.518436467714,1.14306011826253,0.102360306209797,11.1670251935327,5.91280836480887e-29,2.641708268012e-27,"Os05g0569300","Up"
24.025722953061,1.18023586322167,0.486057387818727,2.42818212992956,0.0151747206877566,0.0436666947263374,"Os05g0215033","Up"
175.113199779292,1.92253168316227,0.191631789335353,10.0324256733723,1.09785792383259e-23,3.80030843866701e-22,"Os05g0247100","Up"
14.7884137723319,2.08886293129098,0.649217616701246,3.21750808597084,0.00129309382053261,0.00520051000262839,"Os05g0115100","Up"
6.71744355307595,3.11560263548628,1.10465413417773,2.82043269389964,0.0047958933111316,0.0163187875716566,"Os05g0200700","Up"
207.319477049541,1.07378863961297,0.174457359997166,6.15502057139017,7.50677509446706e-10,8.8902473386358e-09,"Os05g0569400","Up"
35.6010217540557,1.10274794567742,0.388716166003841,2.83689756722525,0.00455542242672094,0.0156235631397156,"Os05g0475475","Up"
2.72859094955175,4.79859866444717,1.70449712229109,2.81525770955669,0.0048738132748565,0.0165373248705956,"Os05g0516700","Up"
39.0863170795193,2.2101547053155,0.392001104352077,5.63813387456796,1.71902847803939e-08,1.72887071079061e-07,"Os05g0551100","Up"
57.7315057852371,1.0305759491684,0.296657736517296,3.47395608578141,0.000512844960174675,0.00230294248948414,"Os05g0583400","Up"
109.031228597559,1.39060705967853,0.222605788399111,6.24694923559359,4.18547015695523e-10,5.11314390966958e-09,"Os05g0584300","Up"
8.495130479926,3.48454595929698,1.02247485995207,3.40795269964909,0.000654522393363528,0.00285480379498981,"Os05g0465800","Up"
52.1594170731954,1.00157507359508,0.318433557917089,3.14531885441503,0.00165905901890491,0.00647974701196655,"Os05g0501500","Up"
4.27879609920789,3.46236843550904,1.44747549538331,2.39200487093024,0.0167566199919308,0.0474653415456524,"Os05g0514701","Up"
485.664485896582,1.26736847065804,0.119253066789601,10.6275545340403,2.21853553975281e-26,8.84942222845546e-25,"Os05g0178300","Up"
23.6434713728137,1.65631489690503,0.472039721302866,3.50884644269655,0.000450054667003664,0.00204992688637955,"Os05g0200400","Up"
6.64566318017873,3.07723576854337,1.07853634395714,2.85315908525903,0.00432869456291655,0.0149529511339737,"Os05g0463300","Up"
40.2165752278768,1.13924316555039,0.36714753537839,3.10295741023092,0.00191597211089358,0.00734558513651045,"Os05g0166900","Up"
5.51268751718949,3.86327989790788,1.34595831679348,2.8702819765708,0.00410105903333286,0.0142782285512356,"Os05g0512600","Up"
25.289843347424,6.13630556686831,1.09661558352681,5.5956760591833,2.19763703041584e-08,2.17236535677002e-07,"Os05g0514600","Up"
36.9373002872647,1.53828348973865,0.385840712994132,3.98683559804133,6.69603895130255e-05,0.000369215592867591,"Os05g0475400","Up"
158.853517744189,1.63070367024987,0.189240125418556,8.61711366256561,6.86629667389819e-18,1.64424840164703e-16,"Os05g0373900","Up"
113.803341598111,1.67764971753887,0.219141432623976,7.65555694991527,1.9247622753145e-14,3.53698517921827e-13,"Os05g0253200","Up"
20.7013765761291,2.23927046492932,0.559732474807001,4.00060844370596,6.31798253763291e-05,0.000350419423704248,"Os05g0461900","Up"
23.2764605178465,2.0635946911966,0.540307672495003,3.81929555371191,0.000133833330840099,0.000689047957307271,"Os05g0440300","Up"
12633.1943222768,1.19086869339171,0.0533384588432031,22.3266423368635,2.0366637019186e-110,8.22841230770855e-108,"Os05g0355450","Up"
12.6153233839493,1.66746642521519,0.64411294612139,2.58877955373518,0.00963167320968577,0.0297470077583404,"Os05g0206600","Up"
68.066495729617,1.05928780619047,0.277562989075885,3.81638708286452,0.000135420004848404,0.000696203082551847,"Os05g0400200","Up"
4.93805611626452,5.65080139470582,1.4975858158664,3.77327384837486,0.000161119268867899,0.000814117213302316,"Os05g0550600","Up"
209.708288224864,1.29897452438052,0.161451994470144,8.04557744017667,8.58397003521603e-16,1.74524267840363e-14,"Os05g0477900","Up"
213.979336590762,1.22503294481785,0.157070070817621,7.79927670778395,6.22630044279647e-15,1.18496637161997e-13,"Os05g0196200","Up"
206.430855730848,1.34292749773019,0.160046154817095,8.39087636478939,4.82531575403874e-17,1.08391385893542e-15,"Os05g0521700","Up"
311.70859046285,3.48092782077297,0.172859587600229,20.1373141582593,3.47686401497754e-90,9.54652341821163e-88,"Os05g0160300","Up"
34.1616154326182,1.00269650528199,0.386785509090275,2.59238384509375,0.00953133611874568,0.0294890115928379,"Os05g0462500","Up"
22189.388555472,1.04991786578352,0.0531822870193233,19.7418713001576,9.42229929560611e-87,2.42247314890033e-84,"Os05g0355400","Up"
1217.30159791636,1.30134650698902,0.0825383287505067,15.7665720482744,5.28409664491083e-56,6.52574398317568e-54,"Os05g0455500","Up"
146.993193483619,1.64855241762599,0.202959819359454,8.12255560154154,4.56468266028524e-16,9.46435412870431e-15,"Os05g0267800","Up"
2.1309601813575,4.4411753140985,1.8130925617616,2.44950280408379,0.0143053595922725,0.0415540134171176,"Os05g0571600","Up"
10.0769963712649,3.74595109268723,0.975836914722158,3.8387060749324,0.000123684383310132,0.000641466723710587,"Os05g0541100","Up"
17.6028974932631,1.70529130829389,0.565113022800276,3.01761106095866,0.0025477566481061,0.00944339525099458,"Os05g0125400","Up"
61.2292292673528,2.21749260467302,0.308875784424337,7.17923746856959,7.01012942714996e-13,1.12644017232516e-11,"Os05g0528000","Up"
118.958067886745,1.72342395764625,0.216118915692864,7.97442441408267,1.53092603264104e-15,3.05547770847714e-14,"Os05g0200340","Up"
705.86112247379,1.01525259939566,0.114050955534783,8.90174566828622,5.49751235070826e-19,1.43163118591511e-17,"Os05g0595200","Up"
29.8470885407643,3.84012999187033,0.618950199725583,6.2042632728334,5.49537241187713e-10,6.59934722633958e-09,"Os05g0339300","Up"
15.5366403946294,2.65193504639231,0.652139607245939,4.06651431216045,4.7721555747893e-05,0.000271934982491671,"Os05g0559350","Up"
16.8032188932492,1.49045678010072,0.5804217785636,2.5678856913144,0.0102320890901982,0.0313073365314178,"Os05g0406700","Up"
7.32709771487839,3.23463045792432,1.0183746987899,3.17626749934765,0.00149183319264005,0.0058950027275469,"Os05g0304900","Up"
1154.51585404469,1.30949996893366,0.0749835925722686,17.4638200706585,2.70230612029926e-68,4.86776556612634e-66,"Os05g0178600","Up"
17.4762623421627,1.63230620416188,0.54816622785029,2.97775769690007,0.00290365435125784,0.010572711305256,"Os05g0253301","Up"
223.567604357268,2.05325526010773,0.182068860655715,11.2773554616259,1.6977305719819e-29,7.75662654381585e-28,"Os05g0382600","Up"
4.86788390601999,5.63302376913599,1.4978917451002,3.76063476386884,0.000169482737952196,0.000852114011026854,"Os05g0572700","Up"
179.7232506637,2.20658807564107,0.19804393278557,11.1419120222695,7.84174646389422e-29,3.49247924008492e-27,"Os05g0106700","Up"
21.796039017997,1.35708136909805,0.501710100830295,2.70491139574861,0.00683226105735916,0.0220927481092127,"Os05g0515200","Up"
356.930294398836,2.02110613050524,0.140153816857848,14.4206285338284,3.83831083998835e-47,3.57076542321416e-45,"Os05g0267100","Up"
5.34486979790726,5.76697840630499,1.4944135851468,3.85902434481583,0.000113840598238717,0.00059687170166651,"Os05g0572800","Up"
92.7901277073628,2.09150052688735,0.251269412106921,8.32373709696654,8.52325366056917e-17,1.86857470367873e-15,"Os05g0560900","Up"
2.19119202790724,4.47559562374058,1.80521208582372,2.4792630510771,0.0131654171754798,0.0386877767185936,"Os05g0125900","Up"
120.542297311549,1.13899420435035,0.215416122243874,5.28741392466848,1.24057704355018e-07,1.10018060108632e-06,"Os05g0424800","Up"
23.1301351531046,1.38253847171745,0.488585470283293,2.82967577999367,0.00465951961563271,0.0159283226613139,"Os05g0328000","Up"
11.2833355914664,1.83747250787017,0.714754946411659,2.57077270621907,0.0101471900601024,0.0310845626180413,"Os05g0413200","Up"
4286.7784972373,1.32225261812988,0.0523285354380646,25.2682901797411,7.13029123799822e-141,4.8012325357578e-138,"Os05g0230700","Up"
94.0501291366013,1.71563015120535,0.246048973041336,6.97271819507707,3.10874960270299e-12,4.72680362978727e-11,"Os05g0171200","Up"
138.558753049127,1.58103777313071,0.198634652933191,7.9595264460853,1.72698957174308e-15,3.42743804059411e-14,"Os05g0196250","Up"
7.72750498130339,2.63259697912613,0.903162858705674,2.91486408431245,0.00355843476595727,0.0126189459079671,"Os05g0371166","Up"
65.9203079417003,1.09033722970961,0.302896987957969,3.59969650758266,0.00031858879847421,0.0015021690246164,"Os05g0515900","Up"
208.953007594067,6.17899955164598,0.387978659980284,15.9261325145047,4.17387455273514e-57,5.24628205448456e-55,"Os05g0550300","Up"
34.6281545965592,1.04813830733653,0.410318012560284,2.55445355858596,0.0106354616486903,0.0323142985481963,"Os05g0576300","Up"
190.965824602644,1.8984132960914,0.183074730793403,10.3696085629302,3.40918375292256e-25,1.27533235074607e-23,"Os05g0142400","Up"
163.451777194831,1.44746419454684,0.182641117041542,7.92518255469064,2.2781140489054e-15,4.49284124247515e-14,"Os05g0111200","Up"
66.2647237671296,1.7976296842439,0.325118939689349,5.52914476763961,3.21795712520468e-08,3.11028863492528e-07,"Os05g0121900","Up"
10.3770276467386,4.81729160972726,1.19699326714113,4.02449348878358,5.70980737807238e-05,0.000319697213342437,"Os05g0299000","Up"
79.9323428628788,1.60428616455562,0.292378472132211,5.48701877007612,4.08773712867701e-08,3.89374515783478e-07,"Os05g0127266","Up"
266.514586168825,1.28649992202995,0.142816126440026,9.00808581004467,2.09684269027808e-19,5.57862729292139e-18,"Os05g0179950","Up"
193.354783643788,1.03618639327808,0.16214704399895,6.3904118615002,1.65439542014851e-10,2.1075656251e-09,"Os05g0569450","Up"
756.5939642328,1.53124542807395,0.0948735648476838,16.1398533989137,1.3385887770087e-58,1.75262172234181e-56,"Os05g0457200","Up"
4.77085823320071,3.59448021806755,1.3833409215033,2.5984051813933,0.00936579072107225,0.0290177396343826,"Os05g0162500","Up"
44.705252090617,1.49262764395939,0.344283841033509,4.33545657989249,1.45457885613616e-05,9.2338820719162e-05,"Os05g0563600","Up"
33.5085505590494,1.13985364102002,0.3819200928013,2.9845343633519,0.00284010298483057,0.0103747032438638,"Os05g0459300","Up"
7.55487072898798,2.60150479894035,0.902893319699181,2.88129809156977,0.00396040886557344,0.0138636369757745,"Os05g0477500","Up"
9.70088887198292,3.0146020014715,0.845743713572974,3.5644391475709,0.000364635031210399,0.00169916680139418,"Os07g0525100","Up"
8.01542255859949,3.34008220679046,1.01782055261296,3.28160224139292,0.00103219096207172,0.00425965162678392,"Os07g0645050","Up"
6.11000796654911,3.98694829885114,1.29635834937774,3.07549860790028,0.00210150909500821,0.00797969639043062,"Os07g0416900","Up"
12.1349812622944,5.05186210922714,1.1831788345803,4.26973671399314,1.95703848382075e-05,0.000120844989871036,"Os07g0671400","Up"
17.2594136841352,1.68678717344632,0.570611996200836,2.95610184271806,0.00311554197908704,0.0112386023865511,"Os07g0531800","Up"
31.016083570268,1.27993696769934,0.409440341241717,3.12606462718756,0.00177162613617713,0.00686253372924605,"Os07g0687100","Up"
19.7249087351817,1.62479735054021,0.576237541386431,2.81966590831783,0.00480736723527824,0.0163468982542869,"Os07g0153150","Up"
217.247044053212,1.12769327028372,0.160242249425564,7.03742785892154,1.95820859924312e-12,3.03286404135787e-11,"Os07g0208500","Up"
62.6447911015176,1.28547597770321,0.287371557547507,4.47321923113668,7.70507084706699e-06,5.16245222994318e-05,"Os07g0243200","Up"
166.578527043213,2.47792925077272,0.20571219532063,12.0456118165991,2.04553059188557e-33,1.14327372863865e-31,"Os07g0598000","Up"
403.568017867997,1.19975835114268,0.122697296328309,9.77819713266064,1.39676310748818e-22,4.54566829031912e-21,"Os07g0605400","Up"
3.01315216630346,4.94269622008452,1.69271247651692,2.91998569671742,0.00350047451470779,0.012441487966627,"Os07g0628900","Up"
29.3083168778059,1.20510590928405,0.448523373754692,2.68682967221046,0.0072133725708032,0.0231346552137543,"Os07g0505300","Up"
62.5915036457915,1.74970975532793,0.308155183766903,5.67801499861011,1.3626676916528e-08,1.3862447837278e-07,"Os07g0148800","Up"
58.8055928041053,1.4034988178948,0.311928626596987,4.49942293917167,6.81381740252442e-06,4.60567805833636e-05,"Os07g0638000","Up"
6504.91045270445,5.40863148322821,0.205218516655013,26.3554749902052,4.4419183918354e-153,3.69476158939697e-150,"Os07g0209100","Up"
46.3484109434164,1.40097080160281,0.33541519593193,4.17682567335776,2.95605397514094e-05,0.000175926267826096,"Os07g0691100","Up"
70.0381610669891,1.32469718539082,0.274577839266902,4.82448688840893,1.40364150260574e-06,1.06833046715194e-05,"Os07g0634600","Up"
436.02956611921,1.11841467309137,0.120659252659933,9.26919940606233,1.87548326703529e-20,5.36847593876772e-19,"Os07g0198300","Up"
3.43423451682356,4.08756502811469,1.57653846591647,2.59274677813745,0.0095212845411598,0.0294672190970169,"Os07g0590700","Up"
29.6876353709758,1.8296904883478,0.451536624523816,4.05214192819324,5.07508610854367e-05,0.000287171889227138,"Os07g0652900","Up"
70.1358518624126,1.12281118897732,0.293055268084942,3.83139738901359,0.000127417513349653,0.000659015123453099,"Os07g0679050","Up"
5.03040284415208,3.71613898247957,1.37542893327612,2.70180370106664,0.00689644651310488,0.0222727892943863,"Os07g0640900","Up"
11.2138017933886,6.83498702365093,1.31882867827906,5.18261934716941,2.18791275233122e-07,1.87617830650938e-06,"Os07g0568700","Up"
15.4010821285901,2.58999652063552,0.733242977568545,3.53224865408738,0.000412041716059293,0.00189448086032724,"Os07g0671301","Up"
3.91633800665348,4.2856757151992,1.53892525463252,2.78484981794816,0.00535525204603832,0.0179042301825286,"Os07g0689800","Up"
38.6063918440505,2.04476288049719,0.404515176728601,5.05484836696022,4.30732851686171e-07,3.55458295259311e-06,"Os07g0586200","Up"
44.9866352858417,1.43749355983589,0.335460287860489,4.28513779977949,1.82625955705557e-05,0.000113363578869817,"Os07g0208900","Up"
85.3028013519317,2.53595485805295,0.284206296323126,8.92293693300066,4.54083346246284e-19,1.18906769585103e-17,"Os07g0603300","Up"
4.74062749216933,5.58771855506735,1.55438575549819,3.59480813260313,0.000324630729220869,0.0015278551594434,"Os07g0190600","Up"
33.4755984636943,1.76367652504854,0.446280714217797,3.95194430066235,7.75187860552911e-05,0.000421597843928786,"Os07g0145250","Up"
36.6475914587369,1.2457504938709,0.393590567448945,3.16509234950732,0.00155033736015745,0.00609636970002959,"Os07g0484500","Up"
2.7820976095748,4.82263792749174,1.67585187052624,2.87772327155464,0.00400556344744191,0.0139939888643737,"Os07g0593400","Up"
9.21021167486482,6.55107186278176,1.35788342537818,4.8244729557379,1.40373961880294e-06,1.06833046715194e-05,"Os07g0645000","Up"
38.111943497698,1.25754116048214,0.360326892362217,3.49000084961186,0.000483019011511726,0.00218424379030431,"Os07g0181750","Up"
363.185706036862,1.28040733479182,0.124799217095664,10.2597385191154,1.06996069877967e-24,3.90445916415329e-23,"Os07g0666900","Up"
41.9809682583153,6.86932751293439,1.06947094659429,6.42310811229574,1.3351959158257e-10,1.71561452500984e-09,"Os07g0188700","Up"
10.715676351658,2.35197139895049,0.77991410712212,3.01568003126557,0.00256403674626215,0.00949254133015316,"Os07g0460900","Up"
328.908237212344,1.43854980425369,0.135714582973998,10.5998174457737,2.9856244693586e-26,1.18424187402427e-24,"Os07g0108900","Up"
38.9431344404418,2.78383481497559,0.448274425667813,6.21011294772926,5.29465318444108e-10,6.3691232117898e-09,"Os07g0687900","Up"
5.30805826523824,3.82365196502995,1.36014901686255,2.81120077111106,0.00493569766073719,0.0167089376997018,"Os07g0194300","Up"
57.2155727825393,1.81203296472992,0.365964477953065,4.95139029576066,7.36851539835762e-07,5.8519793311135e-06,"Os07g0656200","Up"
35.3775662098703,3.95441955419983,0.538141852068586,7.34828473013067,2.00766477876185e-13,3.39789153848976e-12,"Os07g0443500","Up"
9.31498281746341,2.66934897594194,0.863739351347866,3.09045659639847,0.00199849011251132,0.00763464796324904,"Os07g0154201","Up"
25.9551543071304,1.5573104893241,0.452539589609723,3.4412690625966,0.000578992477070285,0.00256131491381585,"Os07g0570575","Up"
10.8119886047249,1.86985299521576,0.701087267691641,2.66707595670983,0.00765143769712949,0.0243408672117569,"Os07g0429700","Up"
7.56652103358541,3.22386616333505,1.04872176242421,3.07409103047772,0.00211144995088116,0.00801421501286675,"Os07g0501800","Up"
21.4536852671452,2.62070673329062,0.562412191732131,4.65976159801817,3.16575828587878e-06,2.26717675570873e-05,"Os07g0529000","Up"
7.01758964630618,3.12836625207337,1.06011321215456,2.95097374148873,0.00316773846141504,0.0114007141037514,"Os07g0108800","Up"
187.363328031607,1.01940081452273,0.179791099901976,5.66991811651699,1.42865783666458e-08,1.45024667188482e-07,"Os07g0469600","Up"
7.16451543250152,6.19012790937966,1.40891934142329,4.39352894618253,1.11525331900721e-05,7.25068485398688e-05,"Os07g0688700","Up"
219.158023384221,1.47431569935774,0.15862843905816,9.29414490939543,1.48394165533959e-20,4.26931372885646e-19,"Os07g0559100","Up"
4915.52094496262,1.19295086407414,0.0684786862254683,17.4207615512119,5.74079329694218e-68,1.00841847969455e-65,"Os07g0492000","Up"
15.7687786925465,1.68360304782663,0.575436105161064,2.92578625624368,0.003435869136025,0.0122380119692598,"Os07g0613600","Up"
7.4859177590548,6.25305749424402,1.3927019079269,4.48987501105099,7.12649781323462e-06,4.80554326790864e-05,"Os07g0694400","Up"
17.5096837775512,1.72796647169408,0.554169021129725,3.11812173869167,0.00182007607128168,0.00702423190118957,"Os07g0686300","Up"
17.9391651245658,1.59822036755419,0.541557555753989,2.95115514606578,0.00316587851486386,0.011396126276806,"Os07g0687000","Up"
40.6902513087526,1.37712638726052,0.373045505091997,3.69157748441683,0.000222867478039672,0.00109084720429906,"Os07g0565400","Up"
36.5847031204987,1.607655462055,0.382636415522011,4.2015223769587,2.65126034983713e-05,0.000159566490644273,"Os07g0164800","Up"
8.36456596752992,6.4103836138427,1.37547699980168,4.66048041135327,3.15472184957895e-06,2.259845203342e-05,"Os07g0445800","Up"
33.5676756040047,1.20559006522611,0.401947737649409,2.9993701974202,0.00270538371903503,0.009941317830045,"Os07g0134200","Up"
30.9234924238463,1.02962839223565,0.400169620890276,2.57297990273471,0.0100827062382371,0.0309238710686024,"Os07g0196300","Up"
224.660864866416,1.87892791897316,0.15860441097659,11.8466309190511,2.24017346872253e-32,1.18863688309459e-30,"Os07g0539300","Up"
29.2693822546401,1.10423899939287,0.410447664254287,2.69032837937836,0.00713817401441686,0.0229350942174191,"Os07g0577350","Up"
38.5062933265544,1.43234560284649,0.373635364648943,3.83353862713794,0.000126312955355925,0.000653738001733705,"Os07g0618700","Up"
26.9433365065384,7.12740360114271,1.24008997043882,5.7474891105043,9.05784310763584e-09,9.40744990551043e-08,"Os07g0188750","Up"
42.0099320407289,3.68561275351811,0.463019427247038,7.95995272904974,1.72105018167473e-15,3.42045117272965e-14,"Os07g0418700","Up"
978.176567689423,2.14884065441361,0.087579741792816,24.5358185628937,6.12906027178386e-133,3.68799901162381e-130,"Os07g0665200","Up"
49.0277394492423,3.4706323840288,0.426222849766719,8.14276472021232,3.86352579613174e-16,8.06974690106365e-15,"Os07g0249800","Up"
10.2050164421544,1.91448154101373,0.734759444867026,2.60558956320759,0.00917162915038737,0.0284785731227608,"Os07g0408400","Up"
30.6490998519953,1.87277675675346,0.434722300663258,4.30798409443489,1.64749229241612e-05,0.000103149722209033,"Os07g0546501","Up"
39.8372407924582,1.14630771025212,0.396324691063583,2.89234492853795,0.00382377892055674,0.0134419256248931,"Os07g0617100","Up"
9.697047816184,2.15875530455956,0.836693487358353,2.58010291364318,0.00987708752463859,0.0303788920374447,"Os07g0152101","Up"
6.89372045259705,3.10999085252044,1.08406203832651,2.86883106553697,0.00411991781932076,0.0143371302180338,"Os07g0591100","Up"
113.131545029051,1.52543102860798,0.231117273631573,6.60024672599631,4.10474078699918e-11,5.57838415171186e-10,"Os07g0663800","Up"
3.56879045964125,5.18114756764656,1.59108251872145,3.2563663459831,0.0011284804525222,0.0046079346921427,"Os07g0417200","Up"
91.4325752429486,1.48268989173868,0.250262718813023,5.92453362119202,3.1318493302757e-09,3.46932357655806e-08,"Os07g0194351","Up"
18.1107651101317,1.6465543706014,0.563078481184532,2.92420049002333,0.00345342238942857,0.0122927927747551,"Os07g0667300","Up"
12.4199421239832,2.60283346053343,0.78015722600124,3.33629347237411,0.000849034858299617,0.00359293054430218,"Os07g0133500","Up"
256.785783504071,1.86637838516369,0.179962960224068,10.3709028949062,3.36331719889051e-25,1.25984071128242e-23,"Os07g0613833","Up"
21.3675330668282,1.32119594094557,0.497401166584994,2.65619791368103,0.00790272192835854,0.0250472799345408,"Os07g0567050","Up"
26.2849347262026,1.08244370561398,0.439575889044226,2.46247288032006,0.0137982607542875,0.0403212040082667,"Os07g0671450","Up"
175.338507613508,1.01522302093852,0.193780927800759,5.23902446159382,1.61427642714862e-07,1.40992438654077e-06,"Os07g0413800","Up"
72.890848574496,2.54999250641442,0.301455930658275,8.45892300359166,2.69858135856085e-17,6.18464987045863e-16,"Os07g0618450","Up"
16.0950147775187,2.32913067653895,0.647493010499347,3.59715184375924,0.000321720690880284,0.00151491556090332,"Os07g0512150","Up"
88.1364210701884,1.03610844262168,0.246535297625502,4.20267788264368,2.63775818056645e-05,0.00015885527918356,"Os07g0613000","Up"
1587.12501145746,1.00797454029287,0.0748485655422636,13.4668518092537,2.450954147447e-41,1.87339011470132e-39,"Os07g0489800","Up"
103.783463734007,1.23628200794397,0.232331744655975,5.32119280460188,1.03089073618212e-07,9.23783932508449e-07,"Os07g0245200","Up"
118.431298716375,1.75309736147087,0.224030917562134,7.82524742811293,5.06659427488657e-15,9.71444740566936e-14,"Os07g0567400","Up"
16.7923179193025,2.91336497720098,0.679327324013112,4.28860267240591,1.79800681643044e-05,0.000111759388040347,"Os07g0130200","Up"
25.9292265911203,1.25964140546421,0.436680406248587,2.88458421179343,0.0039193092002062,0.0137299620328294,"Os07g0604300","Up"
10.4638745474387,4.81864897487942,1.19767155307508,4.02334760519887,5.73767157744785e-05,0.000320939655620654,"Os07g0480800","Up"
27.4487350520357,1.82524848745259,0.462937848494416,3.94275061628409,8.05524043629376e-05,0.000436264663183365,"Os07g0571600","Up"
253.406786018023,1.12051411079423,0.145564948420554,7.69769180666306,1.38546032977881e-14,2.57101073402064e-13,"Os07g0683600","Up"
22.415796734368,1.82757034540581,0.511097665328778,3.5757751783706,0.000349191650818537,0.00163285202989402,"Os07g0674400","Up"
50.3260716305299,1.09875440471385,0.312897311026099,3.51154952757712,0.000445502442138407,0.00203115501630119,"Os07g0600700","Up"
85.0043599022811,1.66921907157812,0.251550931361925,6.63571016231494,3.22943869319892e-11,4.43142919370979e-10,"Os07g0208533","Up"
6.18864208753151,4.03415258017275,1.39546525854577,2.89090147925057,0.00384138523788178,0.013500461776132,"Os07g0549600","Up"
3.63256608266184,5.21160445796381,1.60287963989977,3.25140099620313,0.00114837763320096,0.00468107060313584,"Os07g0558100","Up"
300.975478679303,1.02760464567164,0.142845537017145,7.19381695172114,6.30046517347488e-13,1.01529034513415e-11,"Os07g0169600","Up"
451.565998643709,1.75035844580947,0.148289452222558,11.8036611476754,3.73691604978018e-32,1.96438146475526e-30,"Os07g0613800","Up"
7.06074384554986,2.50189530557648,0.959472332808262,2.60757420514016,0.00911863037385061,0.0283295601013808,"Os07g0519300","Up"
264.925084211011,4.45155805838301,0.222934246273066,19.9680315285899,1.04490943766119e-88,2.7617835333174e-86,"Os07g0418600","Up"
4.12146666942866,3.38330977825267,1.39849018813857,2.41925885998238,0.0155521683985564,0.0445804656881789,"Os07g0199000","Up"
6.27986700754806,2.60436599599297,1.01630714589187,2.56257766810002,0.0103898346228981,0.0316974016149062,"Os07g0642800","Up"
158.57912906751,1.82987314606567,0.19125087259607,9.5679205078998,1.09077460423709e-21,3.37138760463705e-20,"Os07g0539350","Up"
108.368858171172,2.40804009214736,0.534255515079543,4.50728167361799,6.56634392801348e-06,4.45437209470255e-05,"Os07g0618400","Up"
47.685944472627,1.03061696958612,0.360223292534602,2.86105032890709,0.00422240016279723,0.0146394138781499,"Os07g0535800","Up"
15.4115840985701,2.39325468592585,0.712583393264327,3.35856084852387,0.000783494696744369,0.00334814347516281,"Os07g0512100","Up"
53.0148888708073,1.01987997822007,0.321821081456748,3.16909002233014,0.00152917023988516,0.00602234557223119,"Os07g0680150","Up"
21.7158438291151,1.51323544811933,0.532782785524319,2.84024838871273,0.00450784185654339,0.0154923168726338,"Os07g0160100","Up"
5291.37069986478,5.42528176472142,0.0802531206234087,67.6021283979696,0,0,"Os07g0209201","Up"
35.0755017981814,1.19708574261831,0.387447476866898,3.08967231455104,0.00200377434905652,0.00764966824590543,"Os07g0130100","Up"
9.26020832552926,6.55784302117084,1.34851028210306,4.86302782277907,1.15603589867703e-06,8.93274624330194e-06,"Os07g0142100","Up"
29.2520580041936,1.25641042355743,0.421096196112782,2.98366604865014,0.00284817445856531,0.0103961308547606,"Os11g0154900","Up"
2.35013818650458,4.57666478260712,1.79827537829557,2.54502999810014,0.0109268350764154,0.0330222080354888,"Os11g0251400","Up"
106.61617709322,1.17410000244641,0.218735714846121,5.36766482452299,7.97626052924823e-08,7.27901336004096e-07,"Os11g0635400","Up"
3.14691881636108,4.99715436075866,1.67972817201337,2.97497800180902,0.00293009559122568,0.0106580107286757,"Os11g0694125","Up"
11.395802143574,1.95800738268908,0.749393996854061,2.61278765363581,0.0089807081675571,0.0279717409346567,"Os11g0466300","Up"
8.4920896791778,4.52497061444748,1.21865090907925,3.71309829643201,0.000204737321288753,0.00101050195172203,"Os11g0147150","Up"
41.3320232227146,2.99808096172314,0.429042468445272,6.98784195556988,2.79146580628999e-12,4.25811458833265e-11,"Os11g0634902","Up"
5.72844015889707,5.86917637584493,1.48656668300785,3.94814201268759,7.87600811146403e-05,0.000427608726051669,"Os11g0668800","Up"
18.854945233221,1.36781702247306,0.553855663879476,2.46962721820374,0.0135253916495531,0.0396344007088395,"Os11g0477400","Up"
974.033893673993,8.24388576480389,0.348202227205652,23.6755687376318,6.43828925960829e-124,3.13933204398245e-121,"Os11g0115350","Up"
91.7963490101031,1.0619478726936,0.237713402621239,4.46734538727568,7.91962105582797e-06,5.29241028071528e-05,"Os11g0586300","Up"
3.84599375343551,4.24998785450981,1.64459451358416,2.58421624260899,0.00976005796534938,0.030087660706131,"Os11g0590700","Up"
74.6718429728333,1.15796059022,0.301581116061413,3.83963228647312,0.000123218722696123,0.00063952077382438,"Os11g0275200","Up"
36.7118187895427,3.6625754810271,0.508293009189249,7.20563811583614,5.77726504628259e-13,9.35242316965758e-12,"Os11g0634800","Up"
2.76864723652141,4.81668593894961,1.72214437341916,2.79691181139856,0.00515936137693255,0.0173477468910985,"Os11g0427700","Up"
28.8608992608021,2.23639264905567,0.485589620816024,4.6055198735456,4.11436688258775e-06,2.88658917902417e-05,"Os11g0657000","Up"
9.8918688612738,3.06571042445058,0.90724923519864,3.37912704195265,0.000727163968929327,0.00313298662481571,"Os11g0533400","Up"
52.6540533591769,1.44900929717837,0.323094727010908,4.48478163225937,7.29886440860109e-06,4.90773143936394e-05,"Os11g0463700","Up"
35.3276232695079,1.05539807973085,0.404551277125799,2.60881163749896,0.00908572395654736,0.0282521560434432,"Os11g0707900","Up"
65.6511418330928,2.16297253358075,0.312030850666333,6.93191884379954,4.15170130847888e-12,6.23880258794321e-11,"Os11g0552100","Up"
2.30671930627157,4.5533642525734,1.76368831894559,2.58172841746528,0.00983069123342283,0.0302625208199011,"Os11g0663100","Up"
15.0436153169382,7.25889509220745,1.30199602477091,5.57520526491984,2.47238167171549e-08,2.42313099541498e-07,"Os11g0453900","Up"
9.98404966521578,1.87143894281529,0.76365874319775,2.45062203436422,0.014260961235557,0.0414463307679363,"Os11g0454000","Up"
12.1426633245039,2.40267772780011,0.782212430704381,3.07164349924292,0.00212883810674794,0.00807371201514531,"Os11g0644650","Up"
16.5436252255476,1.68962840731688,0.575272783796311,2.93709081136565,0.00331307071323562,0.0118543715638938,"Os11g0505300","Up"
5427.70222460317,2.05130175759544,0.0632332192746333,32.4402549977136,7.43311406725121e-231,1.31384936834957e-227,"Os11g0115375","Up"
18.73354845949,1.59333580471176,0.594069222726973,2.68207095024689,0.00731679399963911,0.0234132440714861,"Os11g0275500","Up"
570.492174515807,1.43389278513785,0.108677877614513,13.1939711798933,9.50435787075614e-40,6.86885664598358e-38,"Os11g0157200","Up"
7462.39962934348,2.23728568490685,0.0508894508866149,43.9636436614668,0,0,"Os11g0115400","Up"
39.7477105752948,2.58426231398251,0.399572858759161,6.46756219130526,9.95965558098162e-11,1.29681869008168e-09,"Os11g0502700","Up"
27.4835738311087,1.32137642118527,0.466473939936543,2.83269076374347,0.00461580153922034,0.0157980737420659,"Os11g0689650","Up"
33.3796881820213,2.71552404420742,0.481014113312277,5.6454144879622,1.64783760364407e-08,1.65963302238811e-07,"Os11g0499600","Up"
41.6809412354493,1.36923703516515,0.37649903299709,3.63676109408689,0.000276087779162374,0.00132093359541382,"Os11g0282900","Up"
88.11914349888,2.0677351516654,0.263657334281868,7.84250951067738,4.41630268825207e-15,8.51380070391662e-14,"Os11g0121500","Up"
35.1806017978411,1.14702332874994,0.391032865783684,2.93331693859326,0.00335361355702927,0.0119751950765587,"Os11g0559533","Up"
11.3575901107706,2.61062153510665,0.748516617821853,3.48772688935542,0.000487145404683288,0.00220149555606393,"Os11g0552500","Up"
50.8970198170488,1.44139427696523,0.340436012063606,4.23396534411268,2.29606343184315e-05,0.000140187758885916,"Os11g0630501","Up"
20.469941946586,2.22715260557034,0.620071072901782,3.59176988397122,0.000328439805833204,0.00154372713125625,"Os11g0288350","Up"
90.7552288722102,1.03084560821945,0.248224147454808,4.15288205756506,3.28313973443852e-05,0.00019327742470786,"Os11g0670900","Up"
5.17247326625653,5.7202942163226,1.51588978553364,3.77355548596751,0.000160937405449522,0.000813634387471923,"Os11g0539200","Up"
21.3012429727416,4.25123330094636,0.749221629561296,5.67419990722326,1.39338342573702e-08,1.41596394765608e-07,"Os11g0308800","Up"
378.030329626611,1.09364533992172,0.129669362241871,8.43410749473537,3.33739855552979e-17,7.59332007634256e-16,"Os11g0582300","Up"
74.022268375449,7.69428028768172,1.04632497637685,7.35362383714186,1.92904118556953e-13,3.27265829448662e-12,"Os11g0454200","Up"
22.8679156563056,1.85038292862817,0.50567241756988,3.65925224381546,0.0002529522642075,0.00122160911612915,"Os11g0657050","Up"
28.5807267444963,4.32148291287622,1.497819311204,2.88518306617535,0.00391186116387363,0.0137055680841811,"Os11g0126900","Up"
9.77254212161614,1.9757832592239,0.759180409010304,2.60252139777896,0.00925410401073704,0.0287000017027804,"Os11g0417400","Up"
85.1490512251642,7.89712012540207,1.04284924395031,7.5726382995569,3.6571953306104e-14,6.56692959650747e-13,"Os11g0659200","Up"
31.0378785454986,1.74131104135064,0.419834701025983,4.14761104095318,3.35962536857986e-05,0.000197492340571206,"Os11g0498600","Up"
10.8964056584195,2.38017781235356,0.781452236047344,3.04583914737095,0.00232031931027589,0.0087065079493051,"Os11g0274700","Up"
16.4699309752809,3.21204548094171,0.684855413881022,4.69010745310357,2.73061613250079e-06,1.97859479485664e-05,"Os11g0521000","Up"
5.38668108955622,5.77678040381682,1.47609653604023,3.91355190041538,9.09483412523302e-05,0.00048769625312043,"Os11g0694100","Up"
112.993629108606,1.93674838796862,0.232437964996383,8.33232380088495,7.92707845659999e-17,1.74327920552958e-15,"Os11g0439600","Up"
8.95717205915885,3.5653090934403,1.04443802851194,3.41361478241074,0.000641071479217274,0.00280522087323901,"Os11g0421800","Up"
77.6033391711211,1.0544468475527,0.255461877656422,4.12760939998593,3.66554057194283e-05,0.000213830760963521,"Os11g0143400","Up"
359.739056484212,1.29185515123243,0.127998464164143,10.0927394689344,5.94858000013827e-24,2.082076621088e-22,"Os11g0635500","Up"
97.8981031329587,8.09702786845581,1.04031780052245,7.7832253417076,7.06985415701088e-15,1.34369990197866e-13,"Os11g0289700","Up"
188.954899372862,10.9087946619365,1.1875467342427,9.18599188342087,4.07751896594029e-20,1.14628542620037e-18,"Os11g0454300","Up"
7.59278366300564,6.27079502261636,1.42693658774976,4.39458562941835,1.10984250135014e-05,7.22048672203436e-05,"Os11g0117600","Up"
11211.7403749444,1.55406936325272,0.0495975581178325,31.3335862132689,1.62821548617888e-215,2.42355590340131e-212,"Os11g0116000","Up"
64.9826009045834,5.89802540189882,0.656691273389388,8.98142801785271,2.67274943023779e-19,7.09080925296012e-18,"Os11g0512600","Up"
7.13345682063769,2.53071604427334,1.05922307039592,2.38921915034139,0.0168842274907534,0.047769391523209,"Os11g0124500","Up"
85.9161308140862,3.42849401786911,0.310962903647716,11.0254116412329,2.88196930854753e-28,1.25199652864874e-26,"Os11g0149400","Up"
49.6694517690095,2.04568411146065,0.351003727593489,5.82809796775103,5.60626657877615e-09,6.00289966824328e-08,"Os11g0614500","Up"
13.4403994621023,2.39818982746189,0.717290464569624,3.34340123829864,0.000827581459141498,0.00351371134153741,"Os11g0591000","Up"
1335.1780315898,1.12810051910258,0.0715787598771891,15.7602691222663,5.83838396309196e-56,7.1478500805283e-54,"Os11g0521500","Up"
33.6103495997972,1.09657714640989,0.379912974458605,2.88639035814074,0.00389688497242064,0.0136629984493691,"Os11g0643800","Up"
3.30443856958186,5.07626490657251,1.66640152649626,3.04624355286433,0.00231720052740094,0.0086959591448283,"Os11g0302800","Up"
114.771859844129,1.99663057276811,0.245836104515171,8.12179552188151,4.59336758565118e-16,9.51685191866675e-15,"Os11g0440200","Up"
599.074764101356,1.08552964826321,0.103049919921908,10.534017387746,6.02087661547741e-26,2.34540511793825e-24,"Os08g0498400","Up"
48.2294832473123,1.8137723673647,0.344608262242011,5.26328752411318,1.41502020487182e-07,1.24280082030993e-06,"Os08g0403300","Up"
48.0297577266245,3.35499712252851,0.421418756257658,7.96119553937756,1.70384872635663e-15,3.38864597961266e-14,"Os08g0547550","Up"
6.46509666246554,2.35353497546189,0.960245920635808,2.45097107405938,0.0142471401902442,0.0414104184707395,"Os08g0203150","Up"
44.5309223267604,1.18029341980136,0.396624053242194,2.97584932167648,0.00292178380264875,0.0106291442915757,"Os08g0527100","Up"
114.384291166691,1.29892994559177,0.234817716353618,5.53165223545431,3.17228369403009e-08,3.06929028911615e-07,"Os08g0465000","Up"
458.027483307751,1.00333111447699,0.148777657815806,6.74382920935048,1.54265866474852e-11,2.18467349513034e-10,"Os08g0300300","Up"
229.18377949607,1.1209957982004,0.163781107507579,6.8444756251787,7.67565047378026e-12,1.12357697230321e-10,"Os08g0157400","Up"
7.22757979220011,2.23892688858652,0.926628084893924,2.41620875201816,0.0156830671866146,0.0448817980030962,"Os08g0110650","Up"
28.6329416749561,2.5107389236281,0.469973689834927,5.34229676667638,9.17762411960843e-08,8.2977106050718e-07,"Os08g0467500","Up"
15.8562098773718,2.20542518009978,0.612031951896733,3.60344778285676,0.000314023856320861,0.0014823750092823,"Os08g0512100","Up"
82.2561321682794,2.02614580812255,0.275771149753847,7.34720006038008,2.02401814665843e-13,3.42352016780186e-12,"Os08g0524900","Up"
24.7801990324214,1.10674112086926,0.464823613234724,2.38099160489591,0.017266105437021,0.0486939297830465,"Os08g0203750","Up"
9.53658418326549,6.60093459017845,1.34541650140394,4.90623876196731,9.28395006155981e-07,7.26908614869803e-06,"Os08g0104400","Up"
39.7474704445682,3.21436468639531,0.466724004945452,6.88707812826337,5.69499490651207e-12,8.4501653174747e-11,"Os08g0417000","Up"
86.902836396979,1.35073400886152,0.254229648045266,5.31304676400694,1.07807357741807e-07,9.63621960902665e-07,"Os08g0280125","Up"
110.809630459621,1.4134807487315,0.21489260694001,6.57761459949199,4.78055383139434e-11,6.44725049621666e-10,"Os08g0444440","Up"
40.7984665756263,1.02809184199211,0.350918953542561,2.929713062271,0.00339275132600795,0.0121042513246917,"Os08g0208200","Up"
127.310889099168,1.51282219869736,0.207431916772922,7.29310234525514,3.02897814590994e-13,5.03897240849876e-12,"Os08g0520900","Up"
172.291706275424,1.45796122121357,0.18813088738476,7.74971745193437,9.20972411630535e-15,1.73755975806025e-13,"Os08g0280100","Up"
57.0806419730512,1.22001394734826,0.311558881294254,3.91583748882451,9.00909206798324e-05,0.000483832382785101,"Os08g0160600","Up"
231.433681629909,1.57745984853752,0.166492855583291,9.47463987575349,2.67682438622071e-21,8.04498092101041e-20,"Os08g0430300","Up"
55.8521385809845,2.86327558945067,0.352584473122021,8.12082155546241,4.63038424482529e-16,9.58652246177921e-15,"Os08g0547500","Up"
7.87749229585261,6.32438615145234,1.38221729054146,4.57553685280183,4.75000338392619e-06,3.29736980119825e-05,"Os08g0167800","Up"
74.8979659422001,1.22177947143635,0.281508592412473,4.34011431397509,1.42408613490909e-05,9.05657296635122e-05,"Os08g0321000","Up"
334.883075977826,1.00438143264325,0.132377241851076,7.58726665247476,3.26724275920666e-14,5.90044013238338e-13,"Os08g0540000","Up"
9.22481838727665,2.26441809120339,0.794980787128967,2.84839348052828,0.00439405599773987,0.0151435897723716,"Os08g0411300","Up"
5.77159378407211,3.95055475060402,1.32558939125212,2.98022508076382,0.00288036655398258,0.0105041452628216,"Os08g0509400","Up"
15.226406554558,2.70444372747559,0.760956307212852,3.5540065859775,0.000379409712160111,0.00175960742367991,"Os08g0470200","Up"
72.1492727241697,1.49956172706956,0.289313003859269,5.18318121572923,2.18132910011756e-07,1.8722357596487e-06,"Os08g0383250","Up"
5.48890541096241,5.80580149887984,1.46329886213428,3.967611572124,7.25965282756846e-05,0.000397502887931198,"Os08g0561550","Up"
547.458535828634,1.81477959747581,0.112214452054622,16.1724231081434,7.8931831879421e-59,1.04801461848916e-56,"Os08g0102700","Up"
9.08451254485997,4.63383424723589,1.21964245924032,3.79933825042643,0.000145082965556147,0.00074116534481456,"Os08g0480400","Up"
2.49081120629639,4.66158482118559,1.73102764620907,2.69295804223255,0.00708211809327986,0.0227808669012793,"Os08g0450900","Up"
125.398279317805,1.93825181419352,0.225920385888499,8.57935775282414,9.54043203921239e-18,2.25031658466193e-16,"Os08g0524800","Up"
4.48621596580473,5.51175917463638,1.51142945739104,3.64671943350274,0.000265609663584574,0.00127641578518867,"Os08g0209000","Up"
80.1831781752457,1.33753837323134,0.264351847066944,5.05968990976115,4.19938844717441e-07,3.47361522885462e-06,"Os08g0130900","Up"
132.91753055439,1.69508975942102,0.20670640703889,8.20047033714878,2.39448320454879e-16,5.09160748179281e-15,"Os08g0542800","Up"
216.06179572753,1.26142313354479,0.177790674082803,7.09499044340935,1.29360424298036e-12,2.03234120531087e-11,"Os08g0542700","Up"
36.1691721010539,1.59014309387437,0.382016303599824,4.16250060243528,3.1478131112402e-05,0.000186202264377712,"Os08g0112950","Up"
7.00126997178551,5.15477173613646,1.41419156512661,3.64503074636495,0.000267359835790884,0.00128328162463684,"Os08g0561500","Up"
125.154076133748,1.29113083377474,0.228421343837254,5.65240888651213,1.58214670451994e-08,1.59916693890381e-07,"Os08g0564400","Up"
9.92120204559088,4.76457059761038,1.22528521952664,3.88854000822033,0.000100849047913454,0.000536212055657152,"Os08g0535200","Up"
5.83621221610376,2.4797759969329,1.03922416811585,2.38618006876111,0.0170244129676521,0.0481130631695983,"Os08g0544250","Up"
88.1493009952348,6.61518803309426,0.682252742874485,9.69609591487017,3.13256365878562e-22,1.00330728011457e-20,"Os08g0442900","Up"
30.1042704871191,1.34222304815596,0.471822765151882,2.84476109948593,0.00444447434113169,0.0153005695485752,"Os08g0483800","Up"
33.1683808605032,1.23683923468217,0.411561228407847,3.00523749398594,0.00265373552616321,0.00977599249907801,"Os08g0559501","Up"
8.82708473093426,4.55474845943395,1.25208215634409,3.63773929398787,0.000275041616675443,0.00131637666478405,"Os08g0414700","Up"
81.8467326503972,1.61435026873734,0.284791675503854,5.66853039465155,1.44027523135066e-08,1.46151502755034e-07,"Os08g0192300","Up"
191.774054965576,1.02432221026571,0.165641134853159,6.18398449861966,6.25035080372063e-10,7.47110361046241e-09,"Os08g0446750","Up"
13.3515054550314,2.15683669226342,0.691881928281739,3.11734792325019,0.00182486069327847,0.00704077561618121,"Os08g0470000","Up"
6.11773263210727,3.3630223413444,1.14189423275495,2.94512595376782,0.00322823216914639,0.0115845240420796,"Os08g0203201","Up"
3.14355622309773,4.99586503622883,1.68553872998746,2.96395742639862,0.00303710301923457,0.0109963270371237,"Os08g0419600","Up"
15.1216470126214,2.33867349948134,0.643618630693099,3.63363238407638,0.000279458956442896,0.00133548136991577,"Os08g0325267","Up"
258.668865135416,1.05074305755879,0.148984971953708,7.05267815793716,1.75506478899482e-12,2.73169990630503e-11,"Os08g0464950","Up"
117.719229978968,1.25307009220854,0.222842623702899,5.62311676010051,1.87542548035153e-08,1.86954205180901e-07,"Os08g0400000","Up"
12.022341135864,5.04863428525983,1.17753598856812,4.28745646355909,1.8073066464049e-05,0.000112261013105594,"Os08g0557850","Up"
90.7590321216577,1.01119434547198,0.239707602231857,4.21844921085941,2.459883650936e-05,0.00014922488166023,"Os08g0483100","Up"
26.8234448819626,2.0803306284631,0.477225584714354,4.35921856475547,1.30527698821444e-05,8.36116387399604e-05,"Os08g0385000","Up"
29.1200491270361,1.74276650157877,0.436256935241257,3.99481672564125,6.47443169341738e-05,0.000358323684386569,"Os08g0475100","Up"
56.7528287854687,1.02252216593807,0.31263034990999,3.27070665478406,0.00107279127990591,0.00440406592931037,"Os08g0525050","Up"
7.57122898158104,4.31424031205784,1.2746244173566,3.38471494293589,0.000712522081430539,0.00307693342265034,"Os08g0290700","Up"
22.6604510118663,1.4182223751342,0.554962236517173,2.55552951500747,0.0106026368831676,0.0322318793607292,"Os08g0446200","Up"
2.12262740624676,4.43618378850902,1.83486802888102,2.41771272848129,0.01561840171768,0.0447204636000515,"Os08g0447900","Up"
70.2679898315306,1.15365900611368,0.304894431947273,3.78379821089417,0.000154453063769641,0.000784780290418471,"Os08g0482300","Up"
5.44691293610596,5.79057705406107,1.46765158445027,3.94547119725969,7.96432056072691e-05,0.000431905943965326,"Os08g0387050","Up"
32.499827995077,1.10169039464481,0.398724700089886,2.76303523307299,0.00572665844343588,0.0189399634474108,"Os08g0546600","Up"
11.92517755386,2.71454587065307,0.785151759183925,3.45735182899486,0.000545512137661778,0.0024310792255299,"Os08g0411250","Up"
23.371635006857,7.89425923115616,1.24888478586157,6.32104684157083,2.59797252131414e-10,3.24385257727529e-09,"Os08g0557800","Up"
209.237819618239,1.31737983856384,0.175098289416444,7.52365910000788,5.32641139509739e-14,9.44427841158302e-13,"Os08g0112700","Up"
49.7800839953206,1.15431518561696,0.34417922639393,3.35382003647074,0.000797041828350888,0.00339782031166588,"Os08g0103500","Up"
4.80914180909158,3.6729808511929,1.36759450494179,2.68572361026651,0.00723729290870431,0.0232034094842893,"Os08g0286500","Up"
1227.58402711596,1.14143327830951,0.0748923697021887,15.2409822635931,1.89007341265068e-52,2.07182814663465e-50,"Os08g0425800","Up"
63.1390374201206,1.25364413666971,0.290635193729679,4.31346293813174,1.60717092405743e-05,0.000100893231749763,"Os08g0351200","Up"
231.060039449567,1.13916584061476,0.164327117635076,6.9323058604638,4.14035546232981e-12,6.23500494303245e-11,"Os08g0446800","Up"
44.8609461900266,1.30644722825157,0.36735751701639,3.55633726747256,0.000376061242048597,0.00174579579553125,"Os08g0505900","Up"
88.9480705149363,1.63181992720896,0.260024822006009,6.27563135942172,3.48218341869657e-10,4.30042049188462e-09,"Os08g0160500","Up"
72.8418062519762,1.86353041551405,0.289823340380931,6.42988384946742,1.277014875181e-10,1.64384422781038e-09,"Os08g0140500","Up"
39.00727018221,1.11847225536972,0.364040732011985,3.07238217324785,0.00212357651234223,0.00805483735857706,"Os08g0476300","Up"
55.0636370069862,1.55749756674862,0.315601082047712,4.93501973010714,8.01426577522952e-07,6.33635589570216e-06,"Os08g0441900","Up"
24.5723059521725,5.06642879178538,0.840802542451547,6.02570584172245,1.68373173195504e-09,1.92861956708872e-08,"Os08g0518800","Up"
3.62247830287179,5.20808985764879,1.61282312937827,3.22917607193323,0.00124147434879931,0.00501716719897016,"Os12g0609600","Up"
41.1246175358396,1.0923802967714,0.373866597020414,2.92184513266841,0.00347964512885486,0.0123752318774075,"Os12g0146500","Up"
7532.69671228411,1.73279677369176,0.0527894138502997,32.824701910986,2.61602376567407e-236,6.16531400975236e-233,"Os12g0115100","Up"
100.708004595087,10.0009666155463,1.19473408627742,8.37087242292344,5.7193203556699e-17,1.27662272279953e-15,"Os12g0115000","Up"
467.389540241841,6.85544211879239,0.933143678879081,7.34660939570136,2.0329784518041e-13,3.43662065723082e-12,"Os12g0559200","Up"
14.4189330698555,1.42027032555386,0.584657648304359,2.42923415040061,0.0151307569518354,0.0435623472823838,"Os12g0533400","Up"
60.5667872310226,1.78856041699016,0.319989532314449,5.58943414196614,2.27810744907657e-08,2.24505627292322e-07,"Os12g0147800","Up"
19.679361545349,4.71734282335283,0.871500355347931,5.41289833607643,6.20127021869784e-08,5.75010239524569e-07,"Os12g0247700","Up"
51.415388957675,1.71526788296504,0.348998467270033,4.91482927241017,8.88598613765586e-07,6.98844755169759e-06,"Os12g0600100","Up"
34.806806631812,1.62229597020537,0.489153179928973,3.31653976049167,0.000911396179237554,0.0038219804029957,"Os12g0605100","Up"
13394.2281472438,1.25099881225319,0.0683575201356215,18.3008220569032,8.15096921028409e-75,1.68260992873025e-72,"Os12g0292301","Up"
215.52437715855,1.42848975106009,0.164509941661577,8.68330349298111,3.84436819645955e-18,9.35650404165857e-17,"Os12g0460100","Up"
2343.2286725962,1.0158359308166,0.0626163641221109,16.2231701737836,3.45872258536691e-59,4.70269872292122e-57,"Os12g0448900","Up"
143.379918308111,1.22667134324964,0.193764727871793,6.33072570391286,2.44010792690772e-10,3.05483365563866e-09,"Os12g0610600","Up"
5734.43193953895,1.29454126959245,0.0531684651471501,24.3479149907686,6.09974896323355e-131,3.45014000858416e-128,"Os12g0115500","Up"
165.404205992073,8.85874640420908,1.0326548174158,8.57861335153399,9.602366108717e-18,2.26303763267188e-16,"Os12g0115050","Up"
3.49189306287003,5.15413809684584,1.60682983046405,3.20764402000013,0.00133827035120091,0.00535980915353512,"Os12g0238900","Up"
23.9965270224716,1.20332640375109,0.472582161249495,2.54627978459773,0.0108877884061219,0.0329394034995222,"Os12g0237900","Up"
47.5129251462304,1.10317763605064,0.356038791281376,3.09847596122974,0.00194518749969693,0.00744510051142628,"Os12g0595900","Up"
91.2413658471054,2.76832428153933,0.285710503635897,9.68926324482357,3.34935997952318e-22,1.0691111690846e-20,"Os12g0123700","Up"
913.638661992387,1.30657348407521,0.0853124759791899,15.315151378257,6.0570699888911e-53,6.74409434471769e-51,"Os12g0569500","Up"
222.961325723387,9.28944677523555,1.0295805092541,9.02255500346011,1.83752696028166e-19,4.90255660035146e-18,"Os12g0114900","Up"
5.40601081891904,4.77434295666857,1.4467847835382,3.29996763236107,0.000966959801702084,0.00402392438963164,"Os12g0218100","Up"
22.0036151246128,1.83564301809277,0.499575197462551,3.67440783172662,0.000238401681040214,0.00115806216789733,"Os12g0113700","Up"
90.9143118763662,1.23040474233579,0.256315186354164,4.80035833942227,1.5838197649208e-06,1.1954098417861e-05,"Os12g0146275","Up"
87.2150713659299,2.25955531105823,0.306102353793129,7.38169858238102,1.56282690991046e-13,2.67059261868143e-12,"Os12g0622850","Up"
14.0559838334179,7.15975563496552,1.29678770799192,5.52114705501985,3.36793758110619e-08,3.24858945195307e-07,"Os12g0247900","Up"
36.608014403451,1.46508557657981,0.412672532221422,3.55023768772115,0.000384883482657432,0.00178148768789441,"Os12g0502300","Up"
310.08352960975,1.24559537186606,0.143822206287256,8.66066099263025,4.69036499006312e-18,1.13861126424013e-16,"Os12g0568700","Up"
6350.72576159039,1.66370790595263,0.0556981797496733,29.8700588319026,4.81966915502524e-196,6.81525316866344e-193,"Os12g0115150","Up"
42.8880665375444,1.286330358207,0.339208090215929,3.79215707204436,0.000149344401038824,0.000761147775415208,"Os12g0595500","Up"
13.7572642544823,2.75339303113723,0.702123120778838,3.92152451564763,8.79904940973413e-05,0.00047318105411046,"Os12g0138800","Up"
11.1613091205743,2.60550342272837,0.790604656150974,3.29558320009543,0.00098217615362061,0.0040764490461615,"Os12g0629300","Up"
38.7015553092633,1.31640244951712,0.394422985342352,3.33753989609531,0.00084523586340108,0.00357953211333422,"Os12g0480250","Up"
363.58998838743,1.70889444681049,0.133144347778899,12.8349004318854,1.04537282662137e-37,7.07277246643037e-36,"Os12g0132200","Up"
12.6266909041053,2.12304719275478,0.697444804532853,3.0440361430132,0.00233427094626151,0.00875277633200686,"Os12g0550600","Up"
47.5738623211308,3.32864741848155,0.423979735851768,7.85095875347522,4.12868740460766e-15,7.97019853172077e-14,"Os12g0113600","Up"
84.2047042277695,1.25865810991929,0.249257205363247,5.04963580926388,4.42653148572218e-07,3.64338582502064e-06,"Os12g0468500","Up"
16683.4615975955,1.29100509448876,0.0480641015543931,26.8600692146042,6.43374797603227e-159,5.86944601645705e-156,"Os12g0292400","Up"
95550.7037728693,1.04284019771105,0.0393108004236615,26.5280835412181,4.59822325699375e-155,4.06382349784501e-152,"Os12g0291100","Up"
3.90028056598457,5.30811203914376,1.55889454971616,3.40504881495046,0.000661522275696248,0.00288311164724389,"Os12g0571700","Up"
15.4085926585698,1.4898122315557,0.606135942423204,2.45788465471912,0.0139758053718884,0.0407642070670768,"Os12g0600150","Up"
70.6406442876324,1.10228574146833,0.27078730097158,4.0706699963896,4.68781177200633e-05,0.000267560049897298,"Os12g0528000","Up"
28.0369628713629,2.20617105690322,0.466565334882917,4.72853615980033,2.26144354817797e-06,1.65860697577856e-05,"Os12g0544600","Up"
129.144009864903,3.75892348297607,0.276738189578033,13.5829590007351,5.05425446869472e-42,3.92690578651526e-40,"Os12g0503000","Up"
2.65151236957303,4.75139401876813,1.70552391858636,2.78588530303718,0.00533817563556367,0.0178576940086795,"Os12g0573600","Up"
42.2491671891795,2.45913492913638,0.405697942650114,6.06149223501784,1.34864400211805e-09,1.55423802053384e-08,"Os12g0639600","Up"
3023.8504961246,1.21237243465165,0.0589597399796638,20.5627167804643,5.92224678442643e-94,1.74465688864962e-91,"Os12g0115300","Up"
27.1047956511179,2.56561161789219,0.489842058046311,5.23763032542548,1.62651441029686e-07,1.41973623572857e-06,"Os12g0604700","Up"
105.842188251558,4.04212635661027,0.313312670803943,12.9012540292047,4.42831650666708e-38,3.05456632012321e-36,"Os12g0428000","Up"
249.82890427875,2.26527448295822,0.172173044496081,13.1569636210375,1.55198470591627e-39,1.111181758684e-37,"Os12g0476200","Up"
80857.2515782702,1.03405833376954,0.0406323392719262,25.4491459831847,7.21484721362007e-143,5.10107735120973e-140,"Os12g0291066","Up"
52.1180808099601,1.41968623100076,0.312085745097214,4.54902619970204,5.38947334979756e-06,3.70310242482081e-05,"Os12g0478200","Up"
19.2777909642793,2.07386868916656,0.572163417023741,3.62460903207398,0.000289398911922955,0.00137739660519911,"Os12g0639650","Up"
559.533729578772,1.1037157996011,0.107122839289121,10.3032724573534,6.81042785700928e-25,2.50462562059921e-23,"Os12g0508200","Up"
8.93624140393235,2.3855191860724,0.845770753567976,2.8205269288502,0.00479448492198152,0.0163187875716566,"Os12g0447932","Up"
5.79834711408364,3.95715768590263,1.33431804240518,2.96567801689143,0.00302016500654547,0.0109420044260969,"Os12g0569900","Up"
283.701413016989,1.17047232170479,0.153307109251234,7.6348208991839,2.26134565049638e-14,4.13668281640933e-13,"Os12g0210200","Up"
54.1062355267031,1.07336746715294,0.320393645676829,3.35015216948347,0.00080767176823975,0.00343795383467615,"Os12g0555000","Up"
7.20632672415048,6.197424184371,1.39783939649886,4.43357384252694,9.26837426555838e-06,6.12548269216234e-05,"Os12g0434400","Up"
22.6339780239315,1.81840983735997,0.489316304523247,3.71622572260633,0.000202220938227136,0.00100021132290162,"Os12g0575300","Up"
45.3452117321616,1.2626342119342,0.35237715555404,3.58318975005338,0.000339423854941309,0.00159138694323527,"Os12g0552400","Up"
40.5216907407794,1.91615908463044,0.372726673069371,5.14092288821468,2.73392248243659e-07,2.31491202771824e-06,"Os12g0454800","Up"
47.5860662142628,1.24772569627537,0.361936669101871,3.44735917300543,0.000566095447043651,0.0025117265983435,"Os12g0581600","Up"
147.390793997907,7.36426566448067,0.668300035593647,11.0194003774652,3.08104608270828e-28,1.33438076975609e-26,"Os12g0559250","Up"
13.2275069816279,1.74601724791293,0.640471467284939,2.72614368804683,0.00640790961775708,0.0209022020645661,"Os12g0530000","Up"
94.4311312749701,1.51546797540257,0.237985266327902,6.36790671450441,1.91625398118717e-10,2.42911603953179e-09,"Os12g0147200","Up"
106.821583203651,2.00076608803252,0.255384012914298,7.83434352526969,4.71298598726328e-15,9.05488836316527e-14,"Os12g0132300","Up"
50.3512779857031,1.09465121598823,0.315977585616315,3.46433185712561,0.000531550323735016,0.00237634756647961,"Os10g0503600","Up"
298.967668900938,1.53290967723706,0.140370391550789,10.9204630713196,9.20254116932889e-28,3.88443383298195e-26,"Os10g0159800","Up"
184.657537954554,1.19318559539731,0.179639001369131,6.64212997346548,3.09182127440848e-11,4.24671187282887e-10,"Os10g0537450","Up"
2684.17626057095,1.89655670891266,0.0659706306368853,28.7485005161108,9.45707068330786e-182,1.11439756664429e-178,"Os10g0576600","Up"
8.36983980071856,2.51723246670349,0.917729096337776,2.74289273027147,0.00609005763957612,0.0199931302374403,"Os10g0545500","Up"
37.3629594425632,2.330235498249,0.428109052561231,5.44308858761103,5.23645884008504e-08,4.90859438039261e-07,"Os10g0364900","Up"
39.8317824635024,1.11435943371794,0.367307540426924,3.03385939864646,0.00241446928808567,0.00901671806897542,"Os10g0363650","Up"
29.8220312426,2.63267915603147,0.485181979776189,5.4261684600197,5.75766207516873e-08,5.35633030091601e-07,"Os10g0463400","Up"
22.997423678545,2.92787849892425,0.586038772734484,4.99604912702728,5.85167594462266e-07,4.72427197801523e-06,"Os10g0505900","Up"
8.81971421653513,3.54044746837599,1.04077360241017,3.40174602831701,0.000669568301481545,0.00291324017449224,"Os10g0536700","Up"
16.5662851572272,1.85021702187672,0.603286392226285,3.06689666088594,0.00216293619115739,0.00818765873673164,"Os10g0569400","Up"
40.7678267549721,2.5737133210361,0.413761028288983,6.22028935803625,4.9623886043572e-10,5.98470414157041e-09,"Os10g0426300","Up"
828.377007866808,1.26962015821552,0.0924929200906011,13.72667396566,7.02868065152799e-43,5.56801449596255e-41,"Os10g0417600","Up"
19.0061449680036,5.70258141239071,1.11495007596373,5.11465179950913,3.14320230234733e-07,2.64404831388117e-06,"Os10g0542100","Up"
245.062379134206,1.00483173982487,0.167579499841611,5.99614953365171,2.0205098133148e-09,2.28568152121424e-08,"Os10g0110800","Up"
27.0906587856879,2.29188983023541,0.479246372607764,4.78227893048903,1.73318951128886e-06,1.29604263798943e-05,"Os10g0407450","Up"
4.97268152792946,4.64622200939852,1.47966180642007,3.14005672731372,0.00168915122573722,0.00658363916966293,"Os10g0195250","Up"
205.112537518264,1.19203709437517,0.161927197298332,7.36156195045473,1.8177062168929e-13,3.09119359711053e-12,"Os10g0533500","Up"
115.02784825361,1.14235875703371,0.224240232926809,5.09435234758507,3.49935430997484e-07,2.92277729593616e-06,"Os10g0389900","Up"
25.3285910679798,8.01060534519172,1.24358340486807,6.44155053359008,1.18259060161681e-10,1.52785951595819e-09,"Os10g0555900","Up"
52.4098628603396,2.37006596169653,0.359884164593973,6.58563558741317,4.52943524865225e-11,6.12904106541313e-10,"Os10g0173000","Up"
97.0050734807777,1.14064988764039,0.338658868607369,3.36813824581344,0.000756776386072532,0.00324721483454973,"Os10g0102900","Up"
22.841858900296,1.68393655727597,0.531165829895114,3.17026522133114,0.00152299854295324,0.00600151889912913,"Os10g0512800","Up"
86.6110728880711,1.20944449733775,0.24710113271059,4.89453238870531,9.85397477972323e-07,7.69409886099814e-06,"Os10g0521500","Up"
10.1460251375903,4.76605576293105,1.20138788814265,3.96712486447601,7.27448854064471e-05,0.000398238115404516,"Os10g0163130","Up"
7.03232260391571,6.1627654552411,1.40027554227797,4.40110911686388,1.07698943803395e-05,7.02776610453119e-05,"Os10g0403200","Up"
50.2494288087419,2.53685090238551,0.383187695107437,6.62038717520466,3.58259267695197e-11,4.89228891824619e-10,"Os10g0470100","Up"
43.1981920025432,1.40397035021059,0.366170038354838,3.83420324753623,0.000125971950388495,0.000652493173797989,"Os10g0544600","Up"
6.81143687762136,4.15082350175267,1.296871160459,3.20064446516304,0.00137120611891161,0.00547340582200979,"Os10g0536900","Up"
59.6981655470713,1.40845011784999,0.324424161320077,4.34138478502658,1.41587517591313e-05,9.01246136619382e-05,"Os10g0390701","Up"
153.782307897784,2.34983658675039,0.209201207343989,11.2324236393462,2.82618184378174e-29,1.27883597958386e-27,"Os10g0442466","Up"
17.3318803011967,7.46160555879799,1.27391806922097,5.85720992509428,4.70707983999387e-09,5.06934215365067e-08,"Os10g0118200","Up"
518.979470846241,1.24852350234373,0.103270474285775,12.0898399177364,1.19519375075767e-33,6.80084861201736e-32,"Os10g0560000","Up"
25.2740505288101,1.32490559189627,0.520955237358814,2.54322348041532,0.0109834954619597,0.0331721737675867,"Os10g0521550","Up"
11.8257441378066,5.92720486888231,1.3125271527122,4.51587219101287,6.30566891389751e-06,4.29505352971906e-05,"Os10g0130800","Up"
403.505618953737,1.02650947179656,0.117124388798745,8.76426747942664,1.87995002374034e-18,4.69257428255963e-17,"Os10g0155500","Up"
30.6769249333519,1.01743971158919,0.400778524101479,2.5386582623663,0.011127846007719,0.0335293642599937,"Os10g0401000","Up"
120.692215754652,1.62113872662007,0.230794440620916,7.02416714310213,2.15346895206645e-12,3.31350682445001e-11,"Os10g0361876","Up"
16.2480639870982,2.74956379279216,0.66380979546252,4.14209584068635,3.44146466794799e-05,0.000201841688664946,"Os10g0392400","Up"
175.087261563271,1.44720635691061,0.201681050217254,7.17571807242997,7.19286438360857e-13,1.1551470620831e-11,"Os10g0554200","Up"
5.00952887044999,3.08135723174258,1.20177386946631,2.56400751425138,0.0103471304432746,0.0315868625680454,"Os10g0413400","Up"
4.63561313018618,3.59300519748594,1.43848944614334,2.49776264060815,0.0124979845677716,0.03701104728389,"Os10g0560700","Up"
29.168557043912,1.29376419379017,0.457894194851967,2.82546537679612,0.00472119900442448,0.0161100662456719,"Os10g0338858","Up"
13.2094167391684,5.17513466185012,1.15745993254937,4.47111344100835,7.78134068884897e-06,5.20985075808091e-05,"Os10g0472900","Up"
25.9973638431438,2.13806228255635,0.470636673694808,4.54291474094263,5.54816952804899e-06,3.80474739143437e-05,"Os10g0407400","Up"
40.3565698775193,1.6116956357352,0.367291093807183,4.38806075864528,1.14365829620347e-05,7.41660175990149e-05,"Os10g0479700","Up"
1797.06477752395,1.69204560121015,0.0794799178883831,21.2889701721429,1.43649907133263e-100,5.01550990572321e-98,"Os10g0517500","Up"
7.79562471723399,6.31145598665447,1.38131711678423,4.56915787835005,4.89687811885307e-06,3.38934434848956e-05,"Os10g0556000","Up"
43.5869680443632,1.40830052946562,0.34685869923913,4.06015629002492,4.90398787963086e-05,0.000278325669724745,"Os10g0389150","Up"
4.05425654273452,5.36408953960912,1.54526750669281,3.47130158136138,0.000517941947494441,0.00232344346667761,"Os10g0556100","Up"
26.4424299529459,1.88602491208953,0.523251868254267,3.60443034514507,0.000312838332783633,0.0014777653064062,"Os10g0130900","Up"
121.049253623801,1.23244694324167,0.223407288631466,5.51659236720213,3.45635866105205e-08,3.32820154215911e-07,"Os10g0558725","Up"
43.6054726077894,1.42166468690344,0.343715578087413,4.13616599752103,3.53156763821767e-05,0.000206825977172155,"Os10g0547650","Up"
39.6765471396184,1.31588027687626,0.354426473867526,3.71270312433857,0.000205057368818927,0.00101172844514447,"Os10g0163310","Up"
1202.33382965458,1.53159468825381,0.0974121922184485,15.7228233281023,1.05515071232969e-55,1.27524432886307e-53,"Os10g0166600","Up"
7.65164942721742,2.63777967283499,0.935764755752981,2.81884913555272,0.00481961646770385,0.0163787038359929,"Os10g0404900","Up"
37.0645737523315,2.02318780138101,0.479351810981398,4.22067415837828,2.43572794792533e-05,0.000147948501063738,"Os10g0167250","Up"
80.6457558399298,1.36294819920163,0.250203716788985,5.44735392700462,5.11246702038376e-08,4.8003213746173e-07,"Os10g0345701","Up"
663.220706664441,2.23370593728479,0.108483029265987,20.5903720830658,3.34788094746008e-94,9.96646537632825e-92,"Os10g0536500","Up"
58.1417193943544,1.38713233999428,0.316891840212489,4.37730532620893,1.2015559878901e-05,7.76535760820837e-05,"Os10g0205700","Up"
2.82566390590306,4.84217194584556,1.73572871369208,2.78970550388934,0.00527560041020776,0.0176852541690833,"Os10g0471100","Up"
38.5189540050222,1.11564888252217,0.384716965594915,2.89992119478529,0.00373256488916982,0.0131621780088045,"Os10g0371000","Up"
4.88100567977063,5.63083667589171,1.57368944295341,3.57811174314297,0.000346085494183215,0.00161993443578211,"Os10g0403000","Up"
893.206224524801,1.20639439294964,0.102534784074176,11.7657086211535,5.86319664500233e-32,3.04810779995057e-30,"Os10g0505700","Up"
183.667475228204,1.09595291278457,0.184790087766921,5.93079924377173,3.01463623400104e-09,3.34472057017589e-08,"Os10g0116900","Up"
5.55276208462727,3.8400675441933,1.33996036746133,2.86580680850184,0.00415947998257692,0.0144549340608575,"Os10g0528651","Up"
32.3261951332789,1.87638512241802,0.42130216561709,4.45377516555047,8.43734543588116e-06,5.61582881318322e-05,"Os10g0450800","Up"
49.6031174780716,1.52687564292204,0.383479216191945,3.981638582879,6.84417968247456e-05,0.000376429882536101,"Os10g0521900","Up"
95.4820137909525,1.98998716286959,0.267334203557646,7.44381802398317,9.78162216300407e-14,1.70236342395027e-12,"Os10g0524600","Up"
42.708369756218,1.17879670093093,0.344559630748648,3.42116892327079,0.000623525906523317,0.00273818884509098,"Os10g0471000","Up"
29.8657008129798,1.59507647114749,0.521535490256059,3.05842363741029,0.00222504779360925,0.00838573782663421,"Os10g0320100","Up"
35.3252765741477,1.81290336973892,0.407862777161993,4.44488556262363,8.79386643256415e-06,5.82980160757962e-05,"Os10g0147200","Up"
10.3062828838077,6.71003247192929,1.34830517635509,4.97664222432839,6.46967440394526e-07,5.18325387586334e-06,"Os10g0118100","Up"
12.9583830653291,3.46300379738407,0.819310123283848,4.22673136699949,2.37110455839749e-05,0.000144457578664454,"Os10g0496000","Up"
157.700530251851,1.75269838373052,0.219786039882841,7.97456646775572,1.52916632793779e-15,3.0541209689554e-14,"Os10g0522700","Up"
45.2662397520329,2.78658628622099,0.39675585546266,7.02342825658246,2.16489336863749e-12,3.32927402710369e-11,"Os10g0426450","Up"
65.3875568349714,2.37058053286857,0.334633938505159,7.084100744408,1.39950073086322e-12,2.19275790412979e-11,"Os10g0547500","Up"
5.95255457877931,5.91737863797583,1.45525666263397,4.06620961780416,4.77839593709165e-05,0.000272235728237085,"Os10g0416800","Up"
27.7535125324941,2.07089071998506,0.491997318199733,4.20915042293859,2.56332699810929e-05,0.00015493364144802,"Os10g0548100","Up"
45.4224149547679,1.00137040114985,0.356678921483079,2.80748410078769,0.00499301445218585,0.0168629082298058,"Os10g0434300","Up"
346.512428157676,2.75851511233384,0.148602424254357,18.5630559270837,6.39606847933218e-77,1.40222645475964e-74,"Os10g0569800","Up"
30.1368486590883,2.90936657236084,0.499658778653219,5.82270680843985,5.7902081804732e-09,6.18869529674839e-08,"Os10g0416500","Up"
16.7437656333994,2.06782989396817,0.586080519794582,3.52823515562832,0.000418340338573575,0.00191970833133763,"Os10g0566400","Up"
205.955341003022,2.2753359155646,0.172273296241384,13.2077110336153,7.91962277849559e-40,5.74294491791368e-38,"Os10g0442400","Up"
153.838396874955,1.25951067744091,0.191529952762767,6.57605068696994,4.8310792160416e-11,6.51228557239621e-10,"Os10g0463800","Up"
432.506963740065,1.46400090254117,0.136081602336696,10.7582573794135,5.41850923547861e-27,2.22088202447204e-25,"Os10g0492900","Up"
14.3986187230243,1.70320554216741,0.626806245791349,2.71727595824624,0.00658217016248037,0.0213985204985429,"Os10g0528300","Up"
46.6651948317921,1.60354833693288,0.364300908361915,4.40171380341395,1.07399164033948e-05,7.00982173561984e-05,"Os10g0196400","Up"
84.124250617249,1.87677039994566,0.285614282878364,6.57099631374155,4.99796970638073e-11,6.72443298126324e-10,"Os10g0422600","Up"
22.5413427269485,1.89290485017739,0.50814671931349,3.72511477144774,0.000195226378127145,0.000968121550028717,"Os10g0474800","Up"
17.6933821516667,2.08093289515061,0.584970877758155,3.55732733760283,0.000374647193518093,0.00174027210396386,"Os10g0546400","Up"
7.41989890350431,3.69736697452701,1.12939667355145,3.27375408579913,0.00106128928109299,0.0043644499285431,"Os10g0544200","Up"
4.63944555714091,4.53993960932392,1.48531630700267,3.05654734141134,0.00223902120045203,0.00843053635600903,"Os10g0569600","Up"
24.9129347558451,2.12527385121617,0.524435317573168,4.05249947896512,5.06733369093316e-05,0.000286790602588114,"Os10g0320201","Up"
38.4315198223771,1.53652284466897,0.419025887858508,3.6668924025711,0.000245516040981918,0.00119037187639458,"Os10g0504600","Up"
16.0680817997496,1.65100077130146,0.616220224976441,2.6792382080036,0.00737898788826754,0.0235722530744487,"Os10g0389100","Up"
4.29203628598987,5.4498789515806,1.52107226447032,3.58291915438902,0.000339775791191547,0.00159250897426055,"Os10g0528400","Up"
281.655151360689,1.48637221173699,0.145739091593214,10.1988573929481,2.00618735449689e-24,7.1909993121073e-23,"Os10g0516500","Up"
10.5018416806941,2.26252502404773,0.786884083822945,2.87529646432245,0.0040364829674037,0.0140863493091244,"Os10g0503300","Up"
52.9933190783148,1.47017435625378,0.359095291714058,4.09410646749571,4.23799551843783e-05,0.00024395430746375,"Os10g0390900","Up"
10.6945017430479,1.9950428382855,0.743966518252767,2.68162987088576,0.00732644703780531,0.0234335273327496,"Os10g0405500","Up"
11.106384507649,2.22097878681911,0.714965014115391,3.10641603850654,0.0018937007750754,0.00727560815377087,"Os10g0461400","Up"
703.558612233634,1.03848801650458,0.114739247314121,9.05085261420201,1.4185631099217e-19,3.82809001065797e-18,"Os10g0540300","Up"
68.9560443661967,1.87165234293712,0.323795067307963,5.78036088844114,7.45405523389812e-09,7.83382148160062e-08,"Os10g0529300","Up"
118.617872877952,1.28086587856297,0.22294807924501,5.74513080758753,9.18499534512824e-09,9.53250838002098e-08,"Os10g0341101","Up"
402.483373263393,1.29275205991258,0.146193852728249,8.84272516106133,9.34118045397482e-19,2.40161749471693e-17,"Os10g0389200","Up"
60.6037563554449,1.42136635568745,0.305607715891684,4.65095048906167,3.30408652927154e-06,2.3560986165993e-05,"Os10g0456600","Up"
57.9655296974543,1.25644966197895,0.309724270519462,4.056671632067,4.97769872121213e-05,0.000282282529646281,"Os10g0456000","Up"
36.8780545262077,1.37849800887,0.392112829893942,3.51556466347418,0.000438819883061978,0.00200359462590827,"Os09g0455900","Up"
6.37603381064353,6.01784055752,1.41983137902552,4.23841918584039,2.25099181552308e-05,0.000137673658163513,"Os09g0529300","Up"
13.9647392031562,1.78529211994053,0.668187975373074,2.67184113713471,0.00754363521792322,0.024049323368063,"Os09g0461500","Up"
36.5022017088743,1.96154211351694,0.404933511408518,4.84410911483696,1.27181029129805e-06,9.75008588999734e-06,"Os09g0439200","Up"
95.5257140864247,1.32316492012405,0.238252147142702,5.55363272059637,2.79793046494819e-08,2.71731701508241e-07,"Os09g0266100","Up"
17.7908190871709,2.02851550905456,0.640528430729991,3.16694062548125,0.00154051768237136,0.00606200314664734,"Os09g0426600","Up"
53.8018688234988,1.46596459951913,0.329696801353345,4.44640225049686,8.73203727500556e-06,5.79424556955496e-05,"Os09g0500900","Up"
32.5505385768837,1.18925674708378,0.401717240465153,2.96043243179387,0.0030720750093337,0.0111044674512994,"Os09g0456850","Up"
42.6780039679238,1.49937107579244,0.374864818937712,3.99976471529481,6.34054897201588e-05,0.000351533161100924,"Os09g0240975","Up"
25.0021699546382,1.33821784518329,0.485871051294262,2.75426544063194,0.00588240380990161,0.0193847893437226,"Os09g0356200","Up"
26.982176533532,1.21259762121628,0.472318079837326,2.56733263658659,0.0102484248616547,0.0313471450911158,"Os09g0401900","Up"
3.39142374614313,5.10891365943474,1.597148661417,3.19877152506398,0.00138014498809187,0.00550054684445125,"Os09g0442700","Up"
27.2946409748203,5.63705193887321,0.916706843639901,6.14924168831398,7.78542677808227e-10,9.20868484780195e-09,"Os09g0451133","Up"
29.074741995059,1.13802341526206,0.416711824107316,2.73096022101112,0.00631500933967564,0.0206372520378284,"Os09g0438000","Up"
318.642875547182,1.04120759989106,0.145802023615405,7.14124244693304,9.24910465581682e-13,1.46869134627263e-11,"Os09g0541700","Up"
4908.5056721966,1.62356422763098,0.0500335906387585,32.4494845743348,5.50803837745715e-231,1.03848555568577e-227,"Os09g0434500","Up"
23.3998389428663,1.46724617517564,0.469263651392738,3.12669896937675,0.0017678083689372,0.00685149903822298,"Os09g0537000","Up"
22.8128625869954,5.97241488109639,1.10060122556071,5.42650211756187,5.74691437219151e-08,5.34809099572057e-07,"Os09g0425200","Up"
30.3125426969154,3.27250418816364,0.512915461919998,6.38020186779643,1.7685470280014e-10,2.24893338574224e-09,"Os09g0426500","Up"
24.5972655012038,1.12739988313516,0.453497626860698,2.48601054638258,0.0129184137130318,0.0380806397976081,"Os09g0306500","Up"
3.72291385248645,5.24214871685816,1.58893343922592,3.29916193305867,0.000969739536803998,0.00403311821181674,"Os09g0421300","Up"
8.99955532942556,2.90758541173991,0.908616099351108,3.20001529118444,0.00137420296655069,0.00547995404639313,"Os09g0248900","Up"
94.8162934326797,1.23212523424157,0.235142730033835,5.23990358564041,1.60660514125344e-07,1.40365770774756e-06,"Os09g0533900","Up"
371.093331637729,1.29015982557505,0.129496439572251,9.96289805215245,2.21509731363728e-23,7.53852793345076e-22,"Os09g0277800","Up"
18.2791390684023,1.87916248546276,0.539892409672911,3.4806240128496,0.000500247182069069,0.00225314390127335,"Os09g0283600","Up"
28.0319529467701,1.60878073023162,0.484668182208618,3.31934463471577,0.000902289977491044,0.00378937672311022,"Os09g0492733","Up"
1340.34121851593,1.1086856930211,0.077245332537239,14.3527855548633,1.02342570086199e-46,9.3366136277671e-45,"Os09g0553100","Up"
31.2013552874144,1.58938333511098,0.44767208178475,3.55032935887923,0.000384749472555113,0.00178115891853513,"Os09g0328332","Up"
20.2199139211721,1.5561173786659,0.528647963249396,2.94357963492575,0.00324440342226841,0.0116336976271298,"Os09g0482681","Up"
9.97064168811882,2.38612170920504,0.879195358468221,2.71398351483823,0.00664794743254701,0.0215732187423823,"Os09g0520950","Up"
22.6252896806759,4.93560424974276,0.838457625223255,5.88652795474138,3.94393074349861e-09,4.31482806022763e-08,"Os09g0508500","Up"
143.656348229586,1.43470738412361,0.195241541402215,7.34837152902817,2.00636175131287e-13,3.39771956220834e-12,"Os09g0426000","Up"
5.7066232436207,5.85948658130556,1.48424776150187,3.94778198983201,7.88785830793869e-05,0.000428169905579297,"Os09g0422550","Up"
17.7876004607217,2.02508011160077,0.652185358835145,3.10506834317428,0.00190235063627862,0.0073028883323735,"Os09g0449400","Up"
14.3414158368659,1.80469033063725,0.648259662310009,2.7839003960333,0.00537095250305805,0.0179376367192944,"Os09g0451400","Up"
139.875981921997,1.04655559359509,0.209501662534513,4.99545245099275,5.86979856154853e-07,4.73755060271558e-06,"Os09g0462700","Up"
142.479263288073,1.08960586153497,0.198083109133989,5.50075100445807,3.78176958138586e-08,3.61936465418523e-07,"Os09g0480300","Up"
41.2743815432224,1.45209638687005,0.357002248415202,4.06747126472221,4.75260669321784e-05,0.000270875594298456,"Os09g0491822","Up"
82.7838786117423,5.2404339781012,0.471728027001028,11.1090155304463,1.13402825333972e-28,5.01900673438195e-27,"Os09g0109600","Up"
8.09819424773469,2.98202278201827,0.992136567263403,3.00565756813454,0.00265007252604733,0.0097650424897908,"Os09g0554300","Up"
14.4531905397701,1.60162123622298,0.624414539288815,2.56499670562951,0.0103176784627462,0.0315146629878956,"Os09g0328951","Up"
12.4696805033934,2.58312062271126,0.708418967660941,3.646317702701,0.000266025045091673,0.00127797762871371,"Os09g0451266","Up"
15.7384447211302,2.53774231071622,0.651157747542555,3.89727730383852,9.72802073758092e-05,0.000518699386273616,"Os09g0114700","Up"
11.7896494134188,6.90788709414178,1.31668688544607,5.2464159630492,1.5508653942305e-07,1.35747521554419e-06,"Os09g0248100","Up"
31.3457909928253,1.16125219176883,0.418240730585054,2.77651626646793,0.00549448856047017,0.0182922898751148,"Os09g0555550","Up"
10.9362907671915,3.83063055167349,0.934419326771424,4.09947701414628,4.14084791591386e-05,0.000238945765986451,"Os09g0463166","Up"
102.275092442349,1.45059403088964,0.245520184350709,5.90824756313137,3.45766142896357e-09,3.81381134448201e-08,"Os09g0538400","Up"
42.6782903480924,2.28432144648374,0.955842450659605,2.3898514288703,0.0168551896659692,0.0477063269558923,"Os09g0482400","Up"
23.8555154828784,1.43199988040384,0.505235026461785,2.83432423605365,0.00459227120674536,0.0157327706841872,"Os09g0261900","Up"
39.5788430940508,1.11411689224391,0.372550222261266,2.99051463580281,0.00278507782425233,0.0101960887958162,"Os09g0536200","Up"
135.336124278772,1.63689075835759,0.215359801607873,7.60072560494846,2.94474908569612e-14,5.33507039670545e-13,"Os09g0572700","Up"
70.5129146052959,1.0133365721724,0.274463729402634,3.69206005608794,0.000222444918405162,0.00108915594484356,"Os09g0418375","Up"
2.46069528302152,4.64660287162115,1.73379155508497,2.6800239382833,0.00736168953966931,0.0235276236717581,"Os09g0272600","Up"
30.4072494364402,2.82627127261121,0.50831950017041,5.56002921718275,2.69729491736088e-08,2.62770229272763e-07,"Os09g0349650","Up"
18.95091590164,7.59131210395452,1.2651894221549,6.00013877054461,1.97148968477122e-09,2.23469738577213e-08,"Os09g0538000","Up"
97.9636106342273,1.24937682421562,0.253140903616318,4.9354995829093,7.99458514923947e-07,6.32433182113682e-06,"Os09g0418500","Up"
120.602297858533,1.01566922640214,0.206045970147947,4.92933312732524,8.25107777704569e-07,6.51812096683322e-06,"Os09g0556700","Up"
59.8559644428205,1.45080829213894,0.318983578350179,4.54822251240234,5.41009173065992e-06,3.71636638899182e-05,"Os09g0241100","Up"
242.960577768119,2.24351492014253,0.20171692247707,11.1220957200433,9.79438450096095e-29,4.34842995402946e-27,"Os09g0418000","Up"
282.204407485099,1.81197706705997,0.14288052723224,12.681763583604,7.46334889873624e-37,4.87461824954179e-35,"Os09g0298266","Up"
14.8765471435701,5.3636511188656,1.15863963536402,4.62926604196519,3.66964064480876e-06,2.59387920709414e-05,"Os09g0441000","Up"
100.933816802847,1.33024496475804,0.240249748133915,5.53692553307719,3.07827353093114e-08,2.98139225096793e-07,"Os09g0556750","Up"
227.731863998577,1.13613026235143,0.170901803315605,6.64785414963312,2.97396775673486e-11,4.09079679611958e-10,"Os09g0382200","Up"
31.6236127685047,1.15264972678166,0.39673583619324,2.90533302421471,0.00366862533878021,0.0129560930576977,"Os09g0500966","Up"
31.782732058133,1.83615620730386,0.434609374457156,4.2248426178043,2.39107820178687e-05,0.000145580371635596,"Os09g0414300","Up"
55.1136543304488,1.02445104698723,0.301069591750704,3.4027051388023,0.000667222456033646,0.00290392709742806,"Os09g0426050","Up"
5.46590604369313,3.85180111252706,1.37365919670328,2.80404420672261,0.00504659851815906,0.0170171518650359,"Os09g0567201","Up"
239.894200155085,2.08083699914649,0.166340310365819,12.5095173537327,6.62253869174366e-36,4.18997800315889e-34,"Os09g0555500","Up"
46.0536846010695,1.23566230044722,0.340525489677455,3.62869252935409,0.000284860268213846,0.00135739397562861,"Os09g0436800","Up"
16.6327779690232,3.07071697966665,0.662652861020632,4.63397528373614,3.58709841543366e-06,2.539342435216e-05,"Os09g0349675","Up"
111.514413193695,2.56529576983348,0.261498795736317,9.80997163910538,1.01997223141687e-22,3.35027115873407e-21,"Os09g0450300","Up"
59.2898786045949,1.35595939788801,0.304229147915327,4.45703315142374,8.31017558406513e-06,5.53509363384235e-05,"Os09g0332100","Up"
466.066762143041,1.01144492711686,0.123087883955355,8.21725822733062,2.08208428094057e-16,4.45075023048225e-15,"Os09g0536700","Up"
9.93512785997363,4.75177313292549,1.19995584348577,3.95995665900669,7.49633671752323e-05,0.000408879264625409,"Os09g0425400","Up"
74.5797916889005,1.07062070351739,0.278569780664128,3.84327654264926,0.000121402538314231,0.000631773483593789,"Os09g0501650","Up"
18.5602505855435,2.66701221212304,0.605899113604555,4.40174304969142,1.07384685100188e-05,7.00982173561984e-05,"Os09g0426100","Up"
16.5084274052634,2.2898207531921,0.672646305181737,3.40419732562633,0.000663587970846474,0.00289085743554741,"Os09g0463100","Up"
7.15129050498146,2.48608640978449,0.956754548849157,2.59845789369374,0.0093643528921922,0.0290164636949806,"Os09g0422500","Up"
8.6645882420638,2.56106408663681,0.912980154853529,2.80516950234004,0.00502901256870839,0.0169720172381434,"Os09g0455300","Up"
42.9319160664296,4.53817719325749,0.54791296968084,8.28266064937463,1.2045330206764e-16,2.61353098024708e-15,"Os09g0451000","Up"
5832.41433402596,1.6731288277285,0.0563860495852743,29.6727442343372,1.72615247221387e-193,2.32463419365145e-190,"Os09g0437500","Up"
98.4705655894463,2.0465219466311,0.285490192752976,7.16844920974878,7.58520636350949e-13,1.21677380128424e-11,"Os09g0110300","Up"
718.926990479723,2.38986271595105,0.102483549034048,23.3194765255159,2.81315784601377e-120,1.34845622106975e-117,"Os09g0537700","Up"
368.755924490079,1.5525224492878,0.136362382013568,11.3852693562755,4.95150088228033e-30,2.33388994086284e-28,"Os09g0298200","Up"
33.1078746819865,1.21677071131746,0.384332787712676,3.16593002267375,0.00154587977852242,0.00608053213023542,"Os09g0412400","Up"
3.34961245449417,5.09358872482044,1.61343940928187,3.15697552416149,0.00159414726571805,0.0062457832192017,"Os09g0450600","Up"
4.79753051256797,5.60847997705145,1.48623928917459,3.77360497592969,0.000160905467980028,0.000813618369380149,"Os09g0378700","Up"
6.45471997920629,6.03804366647978,1.41698822735758,4.26118125041845,2.03349227181674e-05,0.000125265072836526,"Os09g0417800","Up"
47.1137091658345,1.04983635895009,0.329356900338685,3.18753412444227,0.00143491525039132,0.00569795537718575,"Os09g0266200","Up"
