"baseMean","log2FoldChange","lfcSE","stat","pvalue","padj","gene_id","significance"
40.2042401629519,-1.91465147905493,0.386379471965789,-4.95536543210675,7.21944737842411e-07,5.7384258378081e-06,"ENSRNA049471555","Down"
17.9512397683795,-2.10428439265328,0.590352829708762,-3.56445211534158,0.000364617005579263,0.00169916680139418,"Os01g0855700","Down"
36.6619803056437,-1.90500960185681,0.389015851588676,-4.89699736932844,9.73121404869801e-07,7.60454447392175e-06,"Os01g0164800","Down"
360.406229985458,-2.45651904589374,0.131328139203817,-18.7051995161623,4.49049055270327e-78,1.00790129619842e-75,"Os01g0175733","Down"
411.708126151775,-1.22935577573968,0.115954351744193,-10.6020667378811,2.91466751084116e-26,1.15772067238903e-24,"Os01g0898800","Down"
35.8587777650091,-1.33679414897574,0.401345008502572,-3.33078553527639,0.000866012954558048,0.00365384340860155,"Os01g0182100","Down"
1154.41679050274,-1.04440019875146,0.106663411093246,-9.79155071122219,1.22403994462446e-22,4.01124839790547e-21,"Os01g0825500","Down"
15.3150488441261,-2.36071423511091,0.639570495120586,-3.69109309000537,0.000223292391456489,0.00109217089636475,"Os01g0885700","Down"
12.3246157071419,-3.16971618188307,0.757977019528615,-4.18181039822858,2.8919709347303e-05,0.000172330025295212,"Os01g0784200","Down"
1319.09020179389,-1.13971135644815,0.0827120816610661,-13.7792609442283,3.39732285239558e-43,2.72953657922158e-41,"Os01g0678100","Down"
130.57035337351,-1.29520633195169,0.197082252871449,-6.57190748066251,4.96747274838794e-11,6.68658242728031e-10,"Os01g0115566","Down"
81.1067771163469,-1.51944803834248,0.306608710971685,-4.95565841403248,7.20857624665903e-07,5.73139569389272e-06,"Os01g0859500","Down"
39.0852928157517,-1.64209638627692,0.395680521208925,-4.15005616465478,3.32393703893768e-05,0.00019551635482154,"Os01g0528000","Down"
286.660350872351,-1.24705969840646,0.137470362940886,-9.07148036659154,1.17410812215512e-19,3.18360036458956e-18,"Os01g0118066","Down"
94.3523318779749,-1.2370528069498,0.242683537246419,-5.0973907047255,3.44367116198071e-07,2.87967073128257e-06,"Os01g0627800","Down"
20.9913825986666,-2.22113908894561,0.546570948196335,-4.06377085404061,4.82862312174074e-05,0.000274544210908625,"Os01g0748800","Down"
179.50233448484,-1.09533292667709,0.177894481201312,-6.15720577322223,7.40396223684248e-10,8.77215986678434e-09,"Os01g0964800","Down"
172.464014527098,-1.2897078251001,0.189758204977516,-6.7965852925986,1.07127894061315e-11,1.54733604287439e-10,"Os01g0678000","Down"
130.260217846545,-1.15087119996301,0.196589263181373,-5.85419153283677,4.79335967698546e-09,5.15833352453675e-08,"Os01g0275950","Down"
3086.46666395894,-1.53003158750081,0.157414441770193,-9.71976630793815,2.48350811844284e-22,7.98137421564567e-21,"Os01g0357150","Down"
26.0763545087608,-1.60119653689608,0.443585579356436,-3.60966769753682,0.000306589514106217,0.00145237153240166,"Os01g0255100","Down"
518.957201070428,-1.39515995516983,0.115233330818656,-12.1072605057768,9.66690971321435e-34,5.53420796759949e-32,"Os01g0666600","Down"
18.2452519740344,-1.50185443286935,0.537258493958138,-2.79540379493073,0.00518349269573392,0.017410256167227,"Os01g0915401","Down"
18.0611355608225,-1.41029930705655,0.530011018041862,-2.66088677225415,0.00779351604176561,0.0247371972140486,"Os01g0837100","Down"
610.964542978614,-3.41263735329467,0.121491796138914,-28.0894468741959,1.31818992626001e-173,1.43383574248306e-170,"Os01g0279400","Down"
81.766490348794,-1.19538658413271,0.26272991411925,-4.54986859086834,5.36794279279744e-06,3.68920510627228e-05,"Os01g0158400","Down"
5.65783062876249,-3.47466124376914,1.20970647140331,-2.87231764556768,0.00407473168169709,0.014205804572248,"Os01g0248800","Down"
72.2142688760734,-1.73464306892215,0.278620977759804,-6.22581645814757,4.79054631482707e-10,5.7947579268445e-09,"Os01g0714600","Down"
292.902049900819,-1.18426840375934,0.165348691699594,-7.162248407208,7.93644380256489e-13,1.27023524154124e-11,"Os01g0175100","Down"
46.4717585350115,-1.11825244853327,0.33426652361662,-3.34539168455836,0.000821664452851341,0.00349068535242433,"Os01g0136450","Down"
169.851382216372,-1.10689544189074,0.174531954813818,-6.34207897958584,2.26685044553834e-10,2.85054679636593e-09,"Os01g0115533","Down"
1333.31012171229,-1.21325255722449,0.0744313811743982,-16.3002827313086,9.82366559855917e-60,1.36858663444755e-57,"Os01g0874900","Down"
53.2743721965911,-1.39244945814987,0.334957267490093,-4.15709582474145,3.22318818911279e-05,0.000190183570157102,"Os01g0176700","Down"
23.0379358412616,-1.80483570230636,0.485938820673232,-3.7141212546178,0.000203911011630153,0.00100712667130848,"Os01g0737200","Down"
430.510963261289,-1.51283830964502,0.119241454265562,-12.6871843266503,6.96447867493848e-37,4.56989376811914e-35,"Os01g0910500","Down"
11.0198486359974,-2.03434019005988,0.714482964718357,-2.8472899852298,0.00440931768680439,0.0151906338775143,"Os01g0690200","Down"
15.5806599084303,-1.78002873410496,0.611994557575459,-2.90856954865238,0.00363086405508337,0.0128371629380939,"Os01g0611950","Down"
209.515414557087,-1.02500500420152,0.166090069737368,-6.17138041920464,6.76963213674331e-10,8.06453102187184e-09,"Os01g0742100","Down"
22.2401155118597,-1.30917715020153,0.499093031478955,-2.62311246126211,0.00871305066660804,0.027243094074333,"Os01g0260100","Down"
81.9336455512474,-1.05799476210867,0.24849353424567,-4.25763497356314,2.06600925924244e-05,0.000127157362047085,"Os01g0117650","Down"
31.8231474764574,-1.66062579029602,0.530470638473015,-3.13047635412246,0.00174523048870041,0.00677420579892071,"Os01g0367700","Down"
207.941503888859,-1.57421633456239,0.167615707040763,-9.3918187164855,5.89730134281794e-21,1.7336962502727e-19,"Os01g0186950","Down"
41.9726918139147,-2.58999402179594,0.414355948830111,-6.25065002471549,4.08747883203198e-10,5.00207654040227e-09,"Os01g0754300","Down"
764.637609112917,-1.09447030092131,0.0913102745295891,-11.9862776293225,4.19328881505119e-33,2.32530197996986e-31,"Os01g0635550","Down"
32.1785962237636,-1.59406862535178,0.411409173089437,-3.87465503839225,0.00010677584651728,0.000564224162061884,"Os01g0672166","Down"
53.3165206055162,-1.57429906358363,0.311292195503475,-5.05730335139758,4.25226544209736e-07,3.51632511602209e-06,"Os01g0607600","Down"
56.6490021637741,-1.59127829454561,0.306698199432791,-5.18841746540584,2.12088723416868e-07,1.82312498083661e-06,"Os01g0364100","Down"
84.1158682272242,-1.26368657974968,0.251285772438812,-5.02888232582842,4.93347022408561e-07,4.03247027188916e-06,"Os01g0793550","Down"
68.1664990544842,-1.60992756373455,0.282158459106801,-5.70575686027958,1.15827240759912e-08,1.18642165734555e-07,"Os01g0207900","Down"
287.804967823805,-1.02051506245393,0.138248330421806,-7.38175325040282,1.56218518800659e-13,2.67059261868143e-12,"Os01g0870400","Down"
1145.22329339761,-1.38454720703559,0.0987052293286778,-14.0270907271306,1.06428770535509e-44,9.06600017926126e-43,"Os01g0673700","Down"
287.037407670325,-1.59287519091532,0.136448053119766,-11.6738579590959,1.7337848869427e-31,8.8507527775499e-30,"Os01g0186900","Down"
1458.84772796692,-1.32688676048222,0.0736274579065329,-18.0216294057938,1.31803736547065e-72,2.5885704675608e-70,"Os01g0117200","Down"
2.87372826318021,-5.07337476363096,1.67525636589296,-3.0284169437713,0.00245838643999814,0.00916136867961356,"Os01g0104200","Down"
135.576506337502,-1.19756289558936,0.224700213097022,-5.32960284764958,9.84277687502085e-08,8.84817459639113e-07,"Os01g0871400","Down"
89.472789623723,-1.02916373631443,0.242485988209504,-4.24421940382489,2.19355653564144e-05,0.000134451608982392,"Os01g0301900","Down"
22.2056093720327,-2.13544525315719,0.549049083832855,-3.88935218368796,0.000100512166878553,0.000534722458896228,"Os01g0841700","Down"
40.6399595740071,-1.92199790051636,0.373962270413065,-5.13955030381379,2.7539675987604e-07,2.33118699971693e-06,"Os01g0117266","Down"
254.696889127581,-1.26455995353798,0.152212417104805,-8.30786329782329,9.74406883505723e-17,2.1263272432427e-15,"Os01g0115725","Down"
4353.36297208506,-1.0254969627139,0.0722566733110621,-14.1924187168039,1.02076353861365e-45,8.93752744134137e-44,"Os01g0945300","Down"
624.362951400933,-1.31011891966716,0.114686845464839,-11.4234454209382,3.19318661035059e-30,1.52031162503914e-28,"Os01g0635200","Down"
513.086576254011,-1.06046885437893,0.110671133941642,-9.58216308633945,9.50333926464037e-22,2.94918368463592e-20,"Os01g0965300","Down"
20.9865893163459,-2.63072465632907,0.545545028826619,-4.82219526770749,1.41986845838797e-06,1.08002420311108e-05,"Os01g0597400","Down"
239.839490758961,-1.17835515092828,0.169985364875018,-6.93209766496467,4.14645517378578e-12,6.23754780690616e-11,"Os01g0878550","Down"
11.986951586742,-2.42304627112831,0.756499437891565,-3.20297167421772,0.00136017358787343,0.00543396937966499,"Os01g0865700","Down"
6245.61490039489,-1.18078822995791,0.0532771535161491,-22.1631253178718,7.79487459860461e-109,3.0198198427827e-106,"Os01g0332100","Down"
8.18148205312146,-2.96824880497245,0.91704518721414,-3.2367530481127,0.00120897984983172,0.00490336428124062,"Os01g0675933","Down"
45.6370618363241,-1.7421370741585,0.389938090758054,-4.46772735326196,7.90549734512442e-06,5.28546974982184e-05,"Os01g0341750","Down"
228.922431101929,-1.85426533360936,0.176162025781108,-10.525908324382,6.56254046129847e-26,2.5528914275926e-24,"Os01g0532300","Down"
454.968816944147,-1.0359591125178,0.158027684736378,-6.55555458049001,5.54354682728626e-11,7.4196425850678e-10,"Os01g0934100","Down"
12.7137462231308,-2.06809241573115,0.65187011374308,-3.17255289379051,0.00151105031350947,0.0059617764950281,"Os01g0625900","Down"
51.8034875339587,-1.17428290099483,0.363081372933899,-3.23421411433467,0.00121977971541153,0.00494078919099879,"Os01g0589900","Down"
87.8219580347625,-2.64738691242716,0.288403027563016,-9.17946990639237,4.33218738703627e-20,1.2154622171902e-18,"Os01g0925100","Down"
266.856603673741,-1.63710230979814,0.148513766950847,-11.0232360501634,2.95250065764453e-28,1.28066980212952e-26,"Os01g0342500","Down"
21.1114889953498,-1.16792531869311,0.491340356755787,-2.37701890885712,0.0174531934102999,0.0491304500596176,"Os01g0826800","Down"
143.112666286504,-1.25255857863766,0.191939445999335,-6.52580073947907,6.76391929827694e-11,8.95973778335223e-10,"Os01g0765200","Down"
43.8602950379567,-1.30024503177268,0.335436818735053,-3.87627403776354,0.000106068220075502,0.000560904138361122,"Os01g0944700","Down"
66.4439408881464,-1.73555184010606,0.289449448885509,-5.9960447214137,2.02181363457005e-09,2.28624195918735e-08,"Os01g0587150","Down"
73.7551175683671,-1.33790412919913,0.270705760103109,-4.94228171831118,7.72135329704873e-07,6.11673928834272e-06,"Os01g0746400","Down"
557.777511629726,-1.19597506952536,0.104516969627269,-11.4428793122348,2.55270556535786e-30,1.22361128972688e-28,"Os01g0221600","Down"
1648.61592259899,-2.58179026459366,0.0749488681359,-34.4473549608816,4.93290344335135e-260,1.74384302851775e-256,"Os01g0543600","Down"
937.162434571356,-1.05857126793814,0.0854412781201074,-12.3894596526291,2.98044824771097e-35,1.85252872293437e-33,"Os01g0369900","Down"
18.2411726861809,-1.56358734446551,0.540062007506443,-2.89519966732128,0.00378917428258225,0.013335196352129,"Os01g0374200","Down"
639.527864613166,-1.57261414552706,0.112869586257096,-13.9330194933552,3.99118671809946e-44,3.32963868951536e-42,"Os01g0352100","Down"
258.152636222285,-1.05232542737061,0.162470679464249,-6.47701745841575,9.35533721825976e-11,1.22489949939632e-09,"Os01g0661601","Down"
344.484396914747,-2.5800587925674,0.139545471018243,-18.489018480794,2.53119707162482e-76,5.42308972595617e-74,"Os01g0537250","Down"
274.545863168709,-1.01642751363629,0.169702356349003,-5.98947201149019,2.10523355419303e-09,2.37867000184311e-08,"Os01g0115700","Down"
111.128717493393,-1.51979724477617,0.267627665693038,-5.67877480394474,1.35662945032721e-08,1.38059868602749e-07,"Os01g0747451","Down"
2512.5341845424,-1.75681467919462,0.0670196132635991,-26.2134410159125,1.86748089199994e-151,1.50897791733287e-148,"Os01g0739500","Down"
56.7353908044652,-1.32454148252296,0.300796542623266,-4.40344649899079,1.06544567953521e-05,6.96851740585922e-05,"Os01g0795250","Down"
50.5939202537677,-1.65700999865408,0.368035035196249,-4.50231592155487,6.72169657639545e-06,4.54993539676974e-05,"Os01g0622066","Down"
51.7943610835342,-1.83976949487949,0.341297653269795,-5.390513170113,7.02567663190934e-08,6.45946556654838e-07,"Os01g0533800","Down"
94.9565625570146,-2.89620082705395,0.266961537831705,-10.8487569054976,2.02155960873371e-27,8.43240815554545e-26,"Os01g0175633","Down"
1096.81305219006,-1.0338553277904,0.118706676875409,-8.70932752060363,3.05682850849146e-18,7.49134896435415e-17,"Os01g0323600","Down"
246.47918948346,-1.47476875019362,0.165951729101731,-8.88673325777498,6.29318525879104e-19,1.63282176425568e-17,"Os01g0286550","Down"
32.0370148617354,-1.13931371109839,0.406289447131822,-2.80419223078845,0.00504428204919311,0.0170113690237575,"Os01g0818900","Down"
31.1013605398183,-2.45494753901093,0.439789639594449,-5.58209497903306,2.37638534137772e-08,2.33555724998553e-07,"Os01g0955100","Down"
128.916285353552,-1.60080746897515,0.233095104959108,-6.86761512755053,6.52840625630495e-12,9.6362138483591e-11,"Os01g0948900","Down"
31.9351113517785,-2.29040687893505,0.426374203096498,-5.37182330052149,7.79444684334138e-08,7.12228598308683e-07,"Os01g0115200","Down"
1421.88096532742,-2.60207955740114,0.081245225197605,-32.027476704906,4.52065016366236e-225,7.10269484880751e-222,"Os01g0543800","Down"
15.1115953960181,-2.9962853869154,0.686598682296038,-4.36395446739804,1.27732174351981e-05,8.20334090974951e-05,"Os01g0186600","Down"
13.3262312200927,-2.95059617828067,0.732803838253232,-4.02644749420792,5.66258766185418e-05,0.000317556299157045,"Os01g0273800","Down"
220.317942940351,-1.15532163870251,0.185192972703376,-6.23847450493161,4.41858619115245e-10,5.37240051900182e-09,"Os01g0825900","Down"
29.6812940997513,-2.05406846838429,0.503331996047947,-4.08094157437315,4.48536297405796e-05,0.000257042655054373,"Os01g0234300","Down"
376.825117706771,-2.36935352127043,0.138401185603509,-17.1194597137205,1.0625694429676e-65,1.71717293808952e-63,"Os01g0175700","Down"
68.6096771550162,-1.98204613878635,0.291420464671553,-6.80132790612432,1.03659176654549e-11,1.50035020209835e-10,"Os01g0775500","Down"
143.999026725807,-1.30772814812537,0.197342410240582,-6.62669593693068,3.43283720007779e-11,4.69913208399806e-10,"Os01g0620301","Down"
72.642886848602,-1.71099590386566,0.270470693040252,-6.32599371352601,2.51608059320326e-10,3.14576813688689e-09,"Os01g0187350","Down"
24.9714560385344,-1.30924350607068,0.46435151362342,-2.81950950445798,0.00480971065842736,0.0163509348636837,"Os01g0201100","Down"
512.198549512004,-1.22194986764999,0.133707327224014,-9.13898956040548,6.30385542928032e-20,1.74100913472145e-18,"Os01g0711200","Down"
58.4712460050686,-2.09465630186317,0.336060411212837,-6.23297547694949,4.57657837691865e-10,5.55018066370653e-09,"Os01g0622100","Down"
402.980706635701,-1.33340646931672,0.122298259439301,-10.9029063490353,1.11633501507758e-27,4.6841350981319e-26,"Os01g0902100","Down"
221.321462883679,-3.60143379968414,0.218776652293899,-16.4616916929785,6.91407982560093e-61,1.01314555206124e-58,"Os01g0279500","Down"
21.8220519720075,-1.71763029804977,0.514451414466941,-3.3387609592434,0.000841529458676826,0.00356597162433912,"Os01g0855600","Down"
40.7376265797986,-1.74312954068623,0.383392481520727,-4.54659291640802,5.45213061678723e-06,3.74251713527572e-05,"Os01g0660200","Down"
35.497709175548,-2.13562410668661,0.430663468894347,-4.95891632547672,7.08874888910706e-07,5.64564650331841e-06,"Os01g0310600","Down"
32.3292142257035,-1.43757119420555,0.426826534419182,-3.36804551329447,0.000757030977925038,0.00324732186966449,"Os01g0891800","Down"
2.82294243344679,-4.00587733581359,1.68375157782212,-2.37913798482973,0.0173531787898927,0.0489053561890339,"Os01g0310700","Down"
12.886061623395,-1.97466794241505,0.657545232229407,-3.00309065540622,0.00267252808350837,0.00983625282791517,"Os01g0364450","Down"
493.174168051465,-2.69272057744696,0.12047035583723,-22.3517275991544,1.16161379847124e-110,4.83111762273015e-108,"Os01g0919800","Down"
111.175919433754,-1.82126796210501,0.263517301747506,-6.911379063262,4.79964617010311e-12,7.16677895125058e-11,"Os01g0626100","Down"
66.4608827285875,-1.0983731652247,0.302073062000608,-3.6361175602692,0.000276778056341309,0.00132378829889879,"Os01g0234433","Down"
1.94525735045912,-4.51425642271161,1.88150543529284,-2.39927896993239,0.0164273940640585,0.0466402099714525,"Os01g0837200","Down"
101.94811947022,-1.05518912596253,0.227535948104334,-4.63746117812857,3.52714832001495e-06,2.49877960015889e-05,"Os01g0115300","Down"
60.6094918825789,-1.48676109960151,0.290881906921864,-5.11121889750563,3.20086835588772e-07,2.68935704019193e-06,"Os01g0755700","Down"
226.865205501417,-1.29329221989402,0.166329913113274,-7.77546380976737,7.51714683775603e-15,1.42583789214338e-13,"Os01g0650800","Down"
35.5575762807699,-1.18232773490428,0.378701087842375,-3.12206057194214,0.00179589984623197,0.00694324587167278,"Os01g0762500","Down"
42.3298457970505,-1.1082656959944,0.393700452450855,-2.81499726275459,0.00487776493551724,0.0165479895687707,"Os01g0661200","Down"
3769.99511728973,-1.07079042882096,0.0757403908220657,-14.1376406590842,2.22623818057656e-45,1.93129576640754e-43,"Os01g0945400","Down"
110.504655766984,-1.33150869436611,0.234593570661494,-5.67581068232857,1.38033371833727e-08,1.4032069693852e-07,"Os01g0893400","Down"
36.6950689050854,-2.50167948286133,0.438342739482698,-5.70713110433548,1.14896282538036e-08,1.1777389512353e-07,"Os01g0587400","Down"
68.7886600796253,-1.12851349309544,0.286514824377136,-3.93876126845706,8.19033740592488e-05,0.00044297367025619,"Os01g0546700","Down"
92.5346821583788,-1.8233997463618,0.245654689049116,-7.42261323575726,1.14831738428779e-13,1.98992426133842e-12,"Os01g0268600","Down"
1795.42819669844,-1.568812161964,0.0788987003258707,-19.8838783843641,5.61232049092209e-88,1.45616546608961e-85,"Os01g0730450","Down"
14.7077934664666,-1.75504217165125,0.624676202826521,-2.80952301962213,0.00496149708668091,0.0167822149394119,"Os01g0860400","Down"
6241.40115713794,-1.29635933635205,0.0481465154363316,-26.9252992579773,1.11062996520661e-159,1.04699086820027e-156,"Os01g0201200","Down"
1400.17319078246,-1.41470127990034,0.0766452085405621,-18.457791515456,4.51426024381506e-76,9.59908225228073e-74,"Os01g0179800","Down"
81.6974821349846,-1.20658366121759,0.24785503726749,-4.86810223637062,1.12675038520073e-06,8.7231392400388e-06,"Os01g0705400","Down"
37.8187740528114,-1.14681898631779,0.373128982436597,-3.07351891785212,0.00211550274327247,0.00802636612322093,"Os01g0382400","Down"
61.2997208271969,-1.51780281867853,0.326724962345988,-4.64550614002745,3.39243683141652e-06,2.41423014668572e-05,"Os01g0793600","Down"
193.792415106715,-1.29751410449363,0.18483121936811,-7.01999428954427,2.21877313738964e-12,3.40842602381947e-11,"Os01g0826000","Down"
69.9698526783803,-1.4622124952778,0.323368942116975,-4.52180869846451,6.13134603097954e-06,4.183367843236e-05,"Os01g0920700","Down"
30.3370212548344,-1.69310564181593,0.440791280241951,-3.84105974348354,0.000122504291881654,0.000636396744802543,"Os01g0775750","Down"
48.6650584859861,-1.41410317687464,0.354246199716492,-3.99186548227295,6.5555557473173e-05,0.000362104828300548,"Os01g0724450","Down"
48.8780793354712,-1.33020340266637,0.37643947667908,-3.53364480899114,0.000409871491782272,0.00188577634970665,"Os01g0964333","Down"
338.357043439991,-2.89632629672972,0.149985904365706,-19.3106566178892,4.36981568287274e-83,1.06536859764935e-80,"Os01g0973100","Down"
22.2357738456885,-1.75373138103934,0.528428342418423,-3.3187685827243,0.000904153257386572,0.00379551109873084,"Os01g0176751","Down"
354.478906807256,-4.34506826508722,0.201457419588277,-21.5681719440631,3.57546690016948e-103,1.27997189118599e-100,"Os01g0825800","Down"
9.97381794234603,-3.26788638950052,0.872235397348996,-3.74656474551786,0.00017927274825256,0.000897188567214766,"Os01g0161000","Down"
696.29940962569,-1.4644813960171,0.122839817655489,-11.9218786218351,9.1032403854088e-33,4.92253807532976e-31,"Os01g0209800","Down"
32.4058927892957,-1.41919160129831,0.409667770602057,-3.46425006588297,0.000531711980956391,0.00237666653799061,"Os01g0261000","Down"
290.085379045457,-1.12996764839669,0.148230728941009,-7.62303239327912,2.47784666454799e-14,4.52103106581172e-13,"Os01g0231950","Down"
3.86881562460458,-3.51634632793383,1.47240166015351,-2.38817058082319,0.0169324805598118,0.0478915374249462,"Os01g0134900","Down"
3.29459111017875,-5.27832409236889,1.68536226318036,-3.13186322471018,0.00173700775812996,0.00674969997357425,"Os01g0919100","Down"
129.819756822872,-1.02323309686695,0.19892735199649,-5.14375266446516,2.69304041451805e-07,2.28302985500554e-06,"Os01g0915400","Down"
594.987090904745,-1.48377138697612,0.123942042908841,-11.9714937090994,5.01181322093078e-33,2.74688158335549e-31,"Os01g0209901","Down"
1023.51746221084,-1.49069973491493,0.0802648480846053,-18.5722613384083,5.38850308220463e-77,1.19056449740492e-74,"Os01g0818700","Down"
34.9046324880527,-1.18464677308718,0.375422847751039,-3.15549993875912,0.00160223299931649,0.00627426633254912,"Os01g0730700","Down"
20513.5010058031,-1.61865335324694,0.0724553996280776,-22.3399962122311,1.510561000742e-110,6.19132980608471e-108,"Os01g0910900","Down"
13.0772731139221,-3.99945530090897,0.848546085305641,-4.71330357910778,2.43732661675007e-06,1.78067770726708e-05,"Os01g0613800","Down"
65.7456546739573,-1.09651536379918,0.282392715333854,-3.88294493539908,0.000103198944672813,0.00054767674128201,"Os01g0151750","Down"
50.4106281746654,-1.84045630233289,0.334019258691583,-5.51003049806862,3.58771531137379e-08,3.44413362936057e-07,"Os01g0552050","Down"
70.9844460003454,-1.22483590657601,0.290360435253532,-4.21832921384944,2.4611928844936e-05,0.00014927084702201,"Os01g0621400","Down"
1253.3881126768,-1.4859886142635,0.106966680083965,-13.8920700642205,7.07603036853511e-44,5.8173608968762e-42,"Os01g0693400","Down"
164.45548047816,-3.42284326843401,0.225912130252099,-15.1512150525712,7.4378679897685e-52,7.96781608403951e-50,"Os01g0106400","Down"
154.804559079719,-1.38117919257969,0.200853807772906,-6.87653974746304,6.13238307316893e-12,9.07060280817418e-11,"Os01g0552000","Down"
89.2193668086593,-1.53470416663342,0.282291196102132,-5.43659946829574,5.43070279226289e-08,5.07385879312808e-07,"Os01g0945200","Down"
9.95195733945871,-2.27277397288099,0.770624713496775,-2.9492617263312,0.00318534092161742,0.0114480399802087,"Os01g0163000","Down"
248.880024381685,-1.04799290140831,0.154868476396828,-6.76698657978,1.31492268115561e-11,1.88026379083609e-10,"Os01g0923750","Down"
108.377871151441,-1.45452252536794,0.254927643853279,-5.70562887328559,1.1591431555162e-08,1.18688369229376e-07,"Os01g0876800","Down"
541.070312979634,-1.50928194229888,0.143686717104796,-10.5039767955594,8.2815999502618e-26,3.20399354573672e-24,"Os01g0126200","Down"
180.716656581416,-1.07554450551229,0.169105653399927,-6.36019248255811,2.01501083446615e-10,2.54859219183976e-09,"Os01g0837000","Down"
232.079984270387,-1.05680959205432,0.148791652966271,-7.10261342613002,1.22419482082034e-12,1.92984691904236e-11,"Os01g0902000","Down"
116.094259516469,-1.27898301255161,0.217550043504622,-5.87902899005597,4.12680099973889e-09,4.50096641240322e-08,"Os01g0110100","Down"
183.313760028813,-1.23286760912943,0.182514101105237,-6.75491702648532,1.42917021202345e-11,2.03311683934785e-10,"Os01g0943800","Down"
16.2044260206501,-1.84556154798365,0.569267943062326,-3.2419909999773,0.00118697770853372,0.00482589369968978,"Os01g0736450","Down"
101.644676541762,-1.10339308210379,0.237048498276693,-4.65471449988205,3.24429934187541e-06,2.31755568799138e-05,"Os01g0232450","Down"
68.4799706231874,-1.26950922191989,0.288396250412072,-4.40196160701106,1.07276543075327e-05,7.00682431942353e-05,"Os01g0976100","Down"
79.947263316647,-1.19980309479395,0.255976432365262,-4.68716234423454,2.77019217572284e-06,2.00624340388266e-05,"Os01g0176300","Down"
3349.83133715505,-1.51631448419284,0.0822683565622645,-18.4313209544331,7.36622900858838e-76,1.55465912382006e-73,"Os01g0357100","Down"
7.91997290667648,-2.67879924426632,0.920253392359394,-2.91093655998189,0.00360347174369316,0.0127546663808994,"Os01g0627900","Down"
189.159933317457,-1.51209884870636,0.173579224252538,-8.7112893563024,3.00437661698574e-18,7.36919124934724e-17,"Os01g0757900","Down"
35.7551011466733,-1.90332836829228,0.397764135876132,-4.78506782442798,1.70929602489896e-06,1.28088502597158e-05,"Os01g0672201","Down"
937.71895661338,-1.23756264205649,0.0818012335084255,-15.1288995162772,1.04427096811002e-51,1.10610588948013e-49,"Os01g0117233","Down"
319.773708321781,-1.15955165461118,0.185834059789698,-6.23971545325652,4.38367579051925e-10,5.33683749598257e-09,"Os01g0232000","Down"
25.2967152244873,-1.411421182172,0.46968618953213,-3.00503019596544,0.00265554484676926,0.00978138366911715,"Os01g0524400","Down"
41.6890811242863,-1.0700760176682,0.366352409303082,-2.92089253542463,0.00349030198223383,0.0124100113602659,"Os01g0710200","Down"
104.499869178891,-2.00183449927251,0.238559116939545,-8.39135609216652,4.80566328830292e-17,1.08035742016292e-15,"Os01g0816450","Down"
308.303981688504,-1.21413170202741,0.142282293678685,-8.53325927377356,1.42281332460206e-17,3.32550277959263e-16,"Os01g0916950","Down"
457.969398880828,-1.06469324436925,0.12613127492656,-8.44115184746343,3.14225618675163e-17,7.16662477560667e-16,"Os01g0734800","Down"
966.505217658636,-1.01182672399931,0.0875608006819497,-11.5557043348039,6.90787846185919e-31,3.40945394031134e-29,"Os01g0749400","Down"
4029.04358990391,-1.35432252680458,0.0642405199417711,-21.0820604819538,1.16212563924456e-98,3.91262800041375e-96,"Os01g0332150","Down"
428.993648925324,-1.15121359266453,0.117719256080667,-9.77931420052179,1.38143387399974e-22,4.50615125612302e-21,"Os01g0254950","Down"
144.830564349736,-1.30611481294763,0.189394317731039,-6.89627243623253,5.33847715837262e-12,7.93782715646351e-11,"Os01g0101150","Down"
517.173901612509,-1.835096671845,0.11739936207555,-15.6312320561338,4.4609346995251e-55,5.32319384967381e-53,"Os01g0148000","Down"
27.3491881705556,-1.62010468015616,0.472618567213336,-3.42793278247331,0.000608196028767767,0.00267960615198337,"Os01g0604500","Down"
16.151981994243,-1.42760880757171,0.599151926823189,-2.38271587498876,0.017185452541005,0.0484858123815006,"Os01g0138400","Down"
2.51072785245557,-4.87916338924519,1.76576818116877,-2.76319589472704,0.00572384022346168,0.0189360059396496,"Os01g0281250","Down"
3.73655139699843,-5.45436298238102,1.56994459460826,-3.47423915539007,0.000512304197956727,0.00230121903151433,"Os01g0750400","Down"
611.116888775971,-1.03570505589454,0.104139314961691,-9.94537995833307,2.64163991904287e-23,8.9578199700781e-22,"Os01g0266800","Down"
95.1087846408772,-3.57098447794702,0.294354459063119,-12.1315793527058,7.18501926141001e-34,4.13848329392946e-32,"Os01g0175600","Down"
333.317586901554,-1.44744376923826,0.136618815013103,-10.5947615568136,3.15143088156017e-26,1.24825793783478e-24,"Os01g0854000","Down"
208.135974076126,-1.00697025073406,0.186293851836762,-5.40527902990813,6.47075795005246e-08,5.9764698101056e-07,"Os01g0228400","Down"
85.5710306247469,-1.99069734578377,0.276247686403402,-7.20620459016905,5.75329414240071e-13,9.31895255677174e-12,"Os01g0587300","Down"
240.094122952643,-1.22960169285354,0.186826563408155,-6.58151426875668,4.65680807098953e-11,6.29236450337578e-10,"Os01g0151500","Down"
32.3728353048841,-1.02310311822729,0.381367093514063,-2.68272521574955,0.00730249639155453,0.0233718270009699,"Os01g0175500","Down"
14.0687856511459,-2.58773708359536,0.671258483633688,-3.85505307819322,0.000115704522953449,0.000605297745772568,"Os01g0305300","Down"
75.283530322609,-1.92147375979474,0.30869913110841,-6.22442231338819,4.83333561616775e-10,5.83980444163357e-09,"Os01g0182832","Down"
59.0880133697443,-1.84131373000462,0.322928663503785,-5.70192100641148,1.18464727320876e-08,1.2108062715438e-07,"Os01g0695625","Down"
633.057972191459,-1.27306094303389,0.101615853479344,-12.5281725187957,5.2355187711793e-36,3.32731924421847e-34,"Os01g0551100","Down"
117.23307445708,-1.24833848697353,0.233619773466988,-5.34346244946568,9.11877265630783e-08,8.2471381353707e-07,"Os01g0804400","Down"
37.6996815797643,-1.78358716336914,0.37051529372522,-4.81380173389515,1.48085732046354e-06,1.12339393455015e-05,"Os01g0887550","Down"
58.9080385968471,-2.23490952679199,0.320571166507414,-6.97164860814238,3.13248182870729e-12,4.76032878010053e-11,"Os01g0566500","Down"
61.8729481976327,-1.14573992448029,0.298262073358169,-3.84138657516949,0.000122341265567513,0.00063578341262676,"Os01g0846700","Down"
216.616972100782,-1.68817653016232,0.166329961086483,-10.1495636693173,3.32848217407053e-24,1.17960907725424e-22,"Os01g0557100","Down"
1048.66458870669,-1.11360326690066,0.105313121552075,-10.5742119356895,3.92462995816057e-26,1.54585598672339e-24,"Os01g0323775","Down"
284.91772954318,-2.97016315038352,0.17015140729168,-17.4560010855035,3.09896827874695e-68,5.54695708172421e-66,"Os01g0973150","Down"
239.528021173901,-1.2212209211628,0.166901379789473,-7.31702112171409,2.53535959121272e-13,4.26039837190059e-12,"Os01g0595600","Down"
51.1181988773054,-1.06007072057551,0.339614343694426,-3.12139560727543,0.00179996052271932,0.00695514189684726,"Os01g0110050","Down"
27.7463657978747,-1.9425057631873,0.452357123401277,-4.29418630258674,1.75335198324146e-05,0.000109269606518404,"Os01g0834150","Down"
131.294093553711,-1.04074273230146,0.211427727070671,-4.9224515001932,8.54667499735464e-07,6.73658070234634e-06,"Os01g0179600","Down"
232.731203535083,-2.0832163059782,0.163133640006521,-12.7699983025876,2.41159724027132e-37,1.60476191887325e-35,"Os01g0352200","Down"
118.123377726032,-1.55218505123365,0.21399761359494,-7.25328205842366,4.06791713452687e-13,6.6886490977648e-12,"Os01g0740300","Down"
21.1107533470185,-1.60112960278814,0.493926587410109,-3.24163477650317,0.001188462228651,0.0048308610920572,"ENSRNA049473244","Down"
390.777839120011,-2.33685405006755,0.138659242037671,-16.8532152327262,9.93626330481235e-64,1.53555990449944e-61,"Os03g0575200","Down"
14.5371635268668,-1.46709677281197,0.578361067142714,-2.53664511005191,0.0111920347995781,0.0336832963889398,"Os03g0796700","Down"
1407.96832774373,-1.33674425283454,0.076201880892946,-17.5421424926832,6.83030049704223e-69,1.23825466895417e-66,"Os03g0572925","Down"
127.696489355335,-1.43661784259915,0.233876565809877,-6.14263270723329,8.116481595938e-10,9.56027555246658e-09,"Os03g0650200","Down"
16.3062880212344,-3.25252714555365,0.680403276171874,-4.78029318708343,1.75039740068889e-06,1.30718217293062e-05,"Os03g0741000","Down"
26.2548070736384,-1.43728969261494,0.547644819550552,-2.62449244712022,0.00867782172374038,0.0271659814223048,"Os03g0389000","Down"
52.1092982553891,-1.49966317841897,0.329884508024911,-4.54602487215229,5.46685789213516e-06,3.75080562948749e-05,"Os03g0713500","Down"
186.507989959187,-1.71743486997689,0.179535297186516,-9.56600120918104,1.11120654355212e-21,3.42704822881107e-20,"Os03g0764125","Down"
56.2294359306691,-1.71714877941743,0.307214231260969,-5.58941808251963,2.27831812994223e-08,2.24505627292322e-07,"Os03g0388432","Down"
94.0108455736793,-2.23782431974731,0.311656261272472,-7.18042471089916,6.94951918844514e-13,1.11733571443102e-11,"Os03g0645966","Down"
615.992070169011,-2.16479058431998,0.106400301189265,-20.3457185752629,5.06641358986422e-92,1.44730548217121e-89,"Os03g0297600","Down"
472.391010181052,-1.11307687951726,0.111014626396749,-10.0263984633817,1.16695742556458e-23,4.02963650212354e-22,"Os03g0251500","Down"
52.3723347919054,-1.06090941093783,0.305812788209214,-3.46914665390655,0.000522114364180448,0.00234008182779513,"Os03g0176900","Down"
178.505480559939,-1.16815172456899,0.182072732989792,-6.41585209046366,1.40037359855934e-10,1.79691314613687e-09,"Os03g0120400","Down"
21.8833504321879,-1.46686070366713,0.524715060776483,-2.79553764188975,0.00518134675627195,0.0174051155260871,"Os03g0356526","Down"
46.1560399674156,-1.26908806147092,0.336734528041067,-3.76880882650722,0.000164028452887166,0.000826896377201771,"Os03g0216733","Down"
66.4952413924912,-1.45937750970854,0.293404481082796,-4.97394417536766,6.5604208395651e-07,5.24703794580715e-06,"Os03g0580200","Down"
66.7650800894911,-1.2492407501422,0.287645842166602,-4.34298212250413,1.40561576313506e-05,8.95118653393887e-05,"Os03g0738900","Down"
34.3035017724668,-2.09702666565142,0.409160711191488,-5.12519068496294,2.972367672938e-07,2.50855058664159e-06,"Os03g0740900","Down"
767.792214149487,-1.58561336591056,0.0952143710125182,-16.6530886992058,2.87379415992538e-62,4.36955766864784e-60,"Os03g0228200","Down"
4.58084203529835,-3.15485109286872,1.23804667155615,-2.54824891932649,0.0108265189655612,0.0327996553685095,"Os03g0597400","Down"
582.086792428239,-1.57407507241037,0.125416411836697,-12.5507901984945,3.93562811066045e-36,2.51249432500199e-34,"Os03g0816900","Down"
33.5744342998346,-1.11566486846529,0.379736632178858,-2.93799642679669,0.00330340831001456,0.0118242868517304,"Os03g0798233","Down"
558.742962918155,-1.07236711073958,0.100631599270303,-10.6563655801507,1.62837051183838e-26,6.54146966552575e-25,"Os03g0298700","Down"
26.0130654312272,-1.93002853714609,0.467861522235498,-4.12521322104922,3.70391449545602e-05,0.000215703900270481,"Os03g0111400","Down"
56.6568101846008,-1.29269460171226,0.310451690759503,-4.16391548246928,3.12835956035615e-05,0.000185245261152497,"Os03g0375200","Down"
213.088647189419,-1.11219381811382,0.160440685067516,-6.93211835667363,4.14584855405953e-12,6.23754780690616e-11,"Os03g0112101","Down"
53.5785241073571,-2.41339554612587,0.343364807286503,-7.02866308634866,2.08521800508428e-12,3.21548802626982e-11,"Os03g0332201","Down"
724.830506225556,-1.08843990845527,0.125053222383844,-8.7038133660751,3.20914628667795e-18,7.84424080670175e-17,"Os03g0206750","Down"
18.9773297459766,-1.70133418035382,0.550849734825042,-3.088563128553,0.00201126957762073,0.00767413854893305,"Os03g0185700","Down"
202.32208629962,-1.76828914315824,0.184517443998454,-9.5833169202856,9.39773243859747e-22,2.92062935270302e-20,"Os03g0366350","Down"
404.23900427963,-1.88594063880224,0.144076597118536,-13.089847182125,3.76364285440245e-39,2.66765873597383e-37,"Os03g0225150","Down"
4.00941086858988,-5.55079464901176,1.58134898083599,-3.51016424349122,0.000447829982407347,0.00204110874012283,"Os03g0134550","Down"
31.5492926832231,-1.25778121506095,0.41417433265551,-3.0368400837314,0.00239072252786274,0.00893629709364078,"Os03g0107850","Down"
43.8035035471357,-3.44830556077079,0.430559095081515,-8.00890191419123,1.15737167703723e-15,2.33297422653528e-14,"Os03g0183050","Down"
25.7355142978085,-1.79190405408993,0.490812128428416,-3.65089603597943,0.000261327013291712,0.00125775855393174,"Os03g0284200","Down"
43.3875472929238,-1.47234796117719,0.380356946190457,-3.87096377737752,0.000108405901354778,0.000572089437621662,"Os03g0261950","Down"
45.1532164078183,-2.79035221608967,0.390100231505133,-7.15291094630626,8.49567237146864e-13,1.3566691718662e-11,"Os03g0603100","Down"
152.412269737891,-2.07181304690186,0.213033202722584,-9.72530582286657,2.35197568789052e-22,7.56726102721636e-21,"Os03g0685700","Down"
178.418357132503,-1.46528700992773,0.183632080944543,-7.97947179158879,1.46960825508829e-15,2.93724318460437e-14,"Os03g0688300","Down"
81.3318039342429,-1.80243210815797,0.281193175292538,-6.40994258229353,1.45574451307362e-10,1.86457928325340e-09,"Os03g0149300","Down"
2.52878155106454,-4.88756235806437,1.73840631552133,-2.81151898404065,0.00493081809003817,0.0166944171440644,"Os03g0598002","Down"
129.86065271843,-1.24493556029997,0.201318926537867,-6.18389727041289,6.25380734904549e-10,7.47207121412571e-09,"Os03g0660000","Down"
366.613400783639,-1.1738679708045,0.129025621039593,-9.09794474420146,9.20573109439491e-20,2.51786538762652e-18,"Os03g0128200","Down"
1374.80974555147,-1.10388677436712,0.0904510241854102,-12.2042484793133,2.95019830913897e-34,1.73100743528546e-32,"Os03g0634400","Down"
42.9392607761496,-1.75006499381588,0.380308228030906,-4.60170163258646,4.19053213271386e-06,2.93565616163688e-05,"Os03g0744675","Down"
16.5925057110773,-2.22318411441821,0.602363868661041,-3.69076604704064,0.000223579705255729,0.00109338710778787,"Os03g0295932","Down"
46.7220377949949,-1.62748573722624,0.333533330902008,-4.87952952955216,1.06339201605329e-06,8.26884509375941e-06,"Os03g0306302","Down"
17.8938441313004,-1.27291147199759,0.518233696824967,-2.45624991156743,0.0140395484352763,0.0409121555175733,"Os03g0377600","Down"
311.905307380267,-2.51030954270448,0.144863061372493,-17.3288450411082,2.84994399955394e-67,4.91458940557225e-65,"Os03g0223400","Down"
4.90673556977358,-2.7722491131452,1.15451447611062,-2.40122507816834,0.0163402823477747,0.0464245293953385,"Os03g0421000","Down"
40.6924953644905,-1.28484381049471,0.353051605129518,-3.63925214282302,0.000273430972728351,0.00131015459498502,"Os03g0191050","Down"
703.291666598494,-1.19029745439995,0.10878263712101,-10.9419801348983,7.25967536111828e-28,3.08738163741032e-26,"Os03g0845000","Down"
45.7684136456528,-1.55288463768503,0.357599383690883,-4.34252604592681,1.40853780662921e-05,8.96777526098172e-05,"Os03g0803800","Down"
40.8474869598004,-1.24261829329648,0.392189819719301,-3.16841037379769,0.00153274999972029,0.00603476301574406,"Os03g0375300","Down"
22.3979548055376,-1.24850489031681,0.465366735821999,-2.68284085262672,0.00729997199723972,0.0233699918557773,"Os03g0305950","Down"
36.6578714972159,-3.80261863823931,0.537967992246247,-7.06848491554628,1.56634373745363e-12,2.44874335206889e-11,"Os03g0195500","Down"
2519.0921258783,-2.43499328804235,0.0719473213267663,-33.8441132086522,4.43014064092606e-251,1.2528880746603e-247,"Os03g0388900","Down"
1250.02941282044,-1.29743585142731,0.0796348007147522,-16.2923224492601,1.11897967313578e-59,1.55126784980161e-57,"Os03g0738350","Down"
46.3574958684773,-2.46963240569081,0.360921384341047,-6.84257711745107,7.77810081653397e-12,1.1368086263173e-10,"Os03g0407900","Down"
31.2713849196039,-1.08353572122141,0.400553480168667,-2.70509626021761,0.00682845988795142,0.0220829815999033,"Os03g0108500","Down"
1497.09496531363,-1.64672251341649,0.0835190625309336,-19.7167264994932,1.54937459902382e-86,3.94755522837772e-84,"Os03g0618300","Down"
100.970525075018,-1.29304713763052,0.233329551471406,-5.54172040993693,2.9951426401712e-08,2.90386112467198e-07,"Os03g0123800","Down"
18.3955395976353,-2.48639380959945,0.589409748945478,-4.21844703798656,2.45990735228596e-05,0.00014922488166023,"Os03g0221500","Down"
85.650926393054,-1.11034479388791,0.258639684900884,-4.29301788823866,1.76260799443089e-05,0.000109773875116714,"Os03g0143532","Down"
1218.74428279829,-1.06757514784804,0.0891358059537257,-11.9769506364509,4.69268884366869e-33,2.58701624147747e-31,"Os03g0371350","Down"
182.681126494443,-2.10781061018467,0.177456127598417,-11.8779252016286,1.54145984195243e-32,8.25644427845768e-31,"Os03g0192800","Down"
50.0609760313437,-1.01941645735036,0.311253772219491,-3.275193903936,0.00105589471802905,0.00434732253902745,"Os03g0128866","Down"
75.1759863344431,-1.76274634790711,0.279687874383081,-6.30254833819761,2.92791182071064e-10,3.64455432224989e-09,"Os03g0112600","Down"
49.5550465491998,-1.5406758203095,0.359982254590179,-4.27986602301683,1.87005852846246e-05,0.000115802770403868,"Os03g0283500","Down"
763.699868310134,-1.66968083086069,0.0973011242030617,-17.1599336033998,5.29741664078478e-66,8.81272000106085e-64,"Os03g0310800","Down"
8.49348972267904,-3.68129694919504,0.992352194319252,-3.70966776742041,0.000207531400652629,0.00102304262538905,"Os03g0830400","Down"
3095.41669419017,-1.42124427505954,0.0678494929168562,-20.9470139563335,1.99771394979198e-97,6.42015320614399e-95,"Os03g0192500","Down"
192.85056589857,-2.73268071336362,0.204592582448365,-13.3566949527767,1.08265429078601e-40,8.05751210466291e-39,"Os03g0242350","Down"
14.3717128844139,-1.46702866828728,0.612055422412197,-2.39688860610942,0.0165349496413199,0.0469032006826649,"Os03g0322200","Down"
61.2524669684693,-2.67623129977996,0.335992856121081,-7.96514345773925,1.65032206970041e-15,3.28681397557728e-14,"Os03g0195450","Down"
1396.07600576717,-1.34581723013844,0.0801644199843137,-16.788211408525,2.97681605702675e-63,4.57539863634639e-61,"Os03g0371300","Down"
170.263807123407,-1.09808488349905,0.182449198852746,-6.01857881757711,1.75955034208676e-09,2.01139220794486e-08,"Os03g0841700","Down"
18.3846545707103,-1.46650709912851,0.531879854607259,-2.75721497331646,0.00582960117894287,0.0192331953968366,"Os03g0321100","Down"
83.4121262200174,-5.45572444910979,0.48045021248998,-11.3554418486672,6.96866926180472e-30,3.24146275317597e-28,"Os03g0165900","Down"
60.0415965601321,-2.01748810642092,0.331081623400361,-6.09362756440659,1.10380298651352e-09,1.28463589553864e-08,"Os03g0130550","Down"
735.068560365741,-1.05425214468217,0.133800457718692,-7.87928653352354,3.29255673680211e-15,6.4174222655755e-14,"Os03g0639350","Down"
140.196980130994,-1.13509576190321,0.222182803785332,-5.10883714925079,3.24147581667595e-07,2.71943570369067e-06,"Os03g0332100","Down"
57.1744467903331,-1.54546887712189,0.314556120958455,-4.91317375231115,8.9613793107682e-07,7.03600134058399e-06,"Os03g0216700","Down"
49.5610171862203,-1.5096171125881,0.34921666174966,-4.32286679857872,1.54014727628576e-05,9.72252346442803e-05,"Os03g0746900","Down"
153.165473627501,-1.25424725324677,0.202789806731199,-6.1849620228165,6.21174224152517e-10,7.43123021711393e-09,"Os03g0196600","Down"
1220.13428058863,-1.18630310435538,0.0761610577744063,-15.5762424921839,1.05581364124071e-54,1.24935002459952e-52,"Os03g0219450","Down"
187.38419020505,-2.64365110568364,0.215386738957258,-12.273973404687,1.24966813844826e-34,7.53557881097129e-33,"Os03g0834050","Down"
171.955373457117,-1.63833190954082,0.205831943140713,-7.95956101148406,1.72650722173616e-15,3.42743804059411e-14,"Os03g0554950","Down"
536.351766254872,-1.42833902310328,0.13938341901662,-10.2475533544845,1.21376980164663e-24,4.41216243706533e-23,"Os03g0764100","Down"
29.6356480505886,-1.66511430562477,0.442550714563028,-3.7625389606904,0.000168197095758101,0.000846553134923447,"Os03g0206150","Down"
733.291344842808,-1.02784383192424,0.0886272330883954,-11.5973814831733,4.248801547755e-31,2.13050277610034e-29,"Os03g0663700","Down"
49.9607784141094,-2.67763501666394,0.393775499910326,-6.79990252637281,1.04689958944267e-11,1.51366908430615e-10,"Os03g0802400","Down"
68.2596686325265,-1.84365103211628,0.294795011903193,-6.25401027043738,4.00044686713233e-10,4.90193404893282e-09,"Os03g0571800","Down"
2329.82515539782,-1.39193037319386,0.0818307599985091,-17.0098673557378,6.93947085306384e-65,1.1150862227017e-62,"Os03g0364400","Down"
167.608066969075,-1.01660002286289,0.198921975015731,-5.11054659889887,3.21228064602171e-07,2.69734290232007e-06,"Os03g0152500","Down"
57.9629406242712,-1.09085686697414,0.300487346154005,-3.63029219345249,0.000283100553868258,0.00134969095818412,"Os03g0326100","Down"
74.5490890231204,-1.63826800478143,0.286319830544984,-5.72181117061691,1.05394410178592e-08,1.08703840782668e-07,"Os03g0802500","Down"
773.719279148411,-1.06881533044164,0.114081614192246,-9.36886577218755,7.33161297689436e-21,2.14421247776163e-19,"Os03g0838100","Down"
1386.86681676372,-1.33212349394307,0.076681725875125,-17.3721115264465,1.34195532885144e-67,2.3427060898301e-65,"Os03g0821150","Down"
75.4974419428754,-1.49756676430402,0.288612480551459,-5.18884963478567,2.11597166397987e-07,1.81945255789038e-06,"Os03g0851400","Down"
150.131887776823,-1.12312916976238,0.185748162603634,-6.04651563719105,1.48011873039794e-09,1.70228701969842e-08,"Os03g0830300","Down"
31.2779793869456,-1.38104654668443,0.415334733111825,-3.32514099251264,0.000883738321153687,0.00372141206976585,"Os03g0320875","Down"
246.396466808658,-1.41566818859444,0.17226269955497,-8.21807734496055,2.06791590415404e-16,4.42380708663998e-15,"Os03g0711250","Down"
405.460155637004,-1.59843231541576,0.137638188288518,-11.61329087001,3.52772061157858e-31,1.78474895556447e-29,"Os03g0218300","Down"
2.22072738931328,-4.71136260013778,1.96031297512179,-2.40337265524914,0.0162446237874521,0.0462140836266909,"Os03g0370400","Down"
152.558007556571,-1.50037937539714,0.204452383023376,-7.33852720721573,2.15957014907716e-13,3.64625691857022e-12,"Os03g0570800","Down"
207.57028773606,-2.75593651848581,0.182902372966837,-15.0678007823633,2.6374724519926e-51,2.74229258877951e-49,"Os03g0685300","Down"
23.3252670587443,-1.68842708658682,0.488241311938263,-3.45818152889185,0.000543834816751744,0.00242436829327807,"Os03g0747100","Down"
542.802043287188,-1.26964942368008,0.11172774841643,-11.3637788434424,6.33440769967326e-30,2.96104767197454e-28,"Os03g0327100","Down"
218.26236580852,-1.68194508747212,0.166433802649427,-10.1057901742168,5.20740652167543e-24,1.83172467462068e-22,"Os03g0127950","Down"
11.7771140345799,-1.79106757287289,0.690022047224506,-2.59566716755956,0.00944074662959635,0.0292275594342216,"Os03g0681201","Down"
58.6796497787685,-1.41232889717785,0.333792671851777,-4.23115609262089,2.32493255530971e-05,0.000141858506141777,"Os03g0265666","Down"
182.907092845227,-1.8759013012118,0.183146093497488,-10.2426498179036,1.27690373984528e-24,4.63570149763343e-23,"Os03g0741050","Down"
120.793262728849,-1.32870955932009,0.211973404237719,-6.26828428829687,3.65047870233819e-10,4.49452277670119e-09,"Os03g0570775","Down"
224.782596680181,-1.54523001671047,0.163652824849574,-9.44212248172803,3.65303428021027e-21,1.08863501031219e-19,"Os03g0766500","Down"
1361.77522003919,-1.31038235045409,0.0706605153765395,-18.5447607262876,8.98998688023376e-77,1.94080777831978e-74,"Os03g0319050","Down"
266.888715413025,-2.70310555923611,0.167629820698659,-16.1254456275735,1.69035367080673e-58,2.20299042230807e-56,"Os03g0229500","Down"
37.5008390593971,-2.56533130434226,0.46880186381385,-5.47210133396759,4.44730395861742e-08,4.2121300486825e-07,"Os03g0838450","Down"
82.3341691403434,-3.70182633782194,0.323183159197393,-11.4542674408382,2.23847736361278e-30,1.08216031316809e-28,"Os03g0603200","Down"
31.3727494754881,-1.15666060204412,0.412266800853934,-2.80561180198918,0.00502211555901891,0.0169548108063285,"Os03g0683900","Down"
89.8647295044509,-1.41730255200466,0.284590758113435,-4.98014257876826,6.35374455929055e-07,5.09759574131336e-06,"Os03g0386800","Down"
255.370011048429,-1.43500366889923,0.176178485628246,-8.14516973387561,3.78750245861428e-16,7.9226595437922e-15,"Os03g0625201","Down"
118.254810624483,-1.31159784475662,0.250010574726478,-5.2461694717976,1.5529406448989e-07,1.35887111319263e-06,"Os03g0346750","Down"
1738.00583547174,-1.26972546401177,0.0670356422719286,-18.9410501783686,5.23425976009659e-80,1.18424080220233e-77,"Os03g0319000","Down"
12.1052831117893,-1.94933400723783,0.679158632082249,-2.87021899620317,0.0041018760161419,0.0142793150680095,"Os03g0338100","Down"
684.581755672022,-1.04109847523464,0.0928305057992039,-11.2150468886443,3.44004046856774e-29,1.5491685428593e-27,"Os03g0574900","Down"
5829.85687634456,-1.17014222711815,0.0519900694730108,-22.5070333426963,3.54193022296764e-112,1.56514575993356e-109,"Os03g0319400","Down"
33.0912443819838,-1.23948182488679,0.392853367146804,-3.15507496827337,0.00160456869311932,0.0062816732018421,"Os03g0389400","Down"
103.663475725322,-2.29710119809599,0.251098595621937,-9.14820408456042,5.78878571621756e-20,1.60502596902303e-18,"Os03g0254200","Down"
142.681029607991,-1.59348002932768,0.20803944502509,-7.65950913364291,1.86645076032095e-14,3.43876833567667e-13,"Os03g0688450","Down"
31.4170730887869,-1.21349710545008,0.481420334333273,-2.52066026070685,0.0117134885104148,0.0349845990667484,"Os03g0723700","Down"
226.047164109094,-1.0985500302955,0.153406278854478,-7.16104998112623,8.00614499131987e-13,1.28066621323256e-11,"Os03g0571700","Down"
11.2565915701369,-2.06283130694373,0.817141298915423,-2.52444872102498,0.0115879909597184,0.0346867032527304,"Os03g0689688","Down"
181.800488619298,-1.08468929384765,0.224561236979693,-4.83026059366485,1.36354473993219e-06,1.04082075006808e-05,"Os03g0725050","Down"
12.1791686949868,-2.77798719521912,0.794083449259331,-3.49835675055342,0.000468134490992951,0.00212168454163007,"Os03g0181675","Down"
135.502927859365,-2.80039403819054,0.235630739033528,-11.8846719646034,1.42192208631498e-32,7.65969114725219e-31,"Os03g0195475","Down"
36.2539257190668,-1.82191090444634,0.407836165195298,-4.4672617583433,7.92271656642505e-06,5.29322814115442e-05,"Os03g0347400","Down"
854.666128157353,-1.3902894235933,0.101015212057014,-13.7631688859754,4.24504082125091e-43,3.4009631576713e-41,"Os03g0225100","Down"
2230.90087457673,-1.1133401563293,0.164363185503382,-6.77365891224099,1.2556551101907e-11,1.79985718050193e-10,"Os03g0197125","Down"
648.137645942348,-1.20922210406053,0.101942098485847,-11.8618521888523,1.86796633241681e-32,9.96753883907165e-31,"Os03g0628800","Down"
123.544715331234,-1.08657237983416,0.204113873478832,-5.32336367594749,1.01865800235205e-07,9.13400981753908e-07,"Os03g0120425","Down"
87.474880146429,-1.16544635906979,0.286508525546566,-4.06775455231741,4.74683419982518e-05,0.000270601124783826,"Os03g0660050","Down"
97.1192801792772,-1.37768043362143,0.242496065709242,-5.68124859919705,1.33714952609723e-08,1.36126442575795e-07,"Os03g0263950","Down"
316.249351524364,-1.56278900794661,0.151326391593634,-10.3272733294485,5.30470667225428e-25,1.96347618310864e-23,"Os03g0625300","Down"
101.695340519984,-1.36687415120231,0.279974178244689,-4.88214363114479,1.04938773152102e-06,8.1689332329056e-06,"Os03g0645900","Down"
120.299712554247,-1.32420378485874,0.204587051418816,-6.4725688926809,9.63505657924356e-11,1.2597736251391e-09,"Os03g0758551","Down"
51.9922941583906,-1.17717962322024,0.310891824457371,-3.78646053261414,0.000152808353483307,0.000777541030021843,"Os03g0270500","Down"
1515.25134940905,-1.03499695360234,0.0744859274619187,-13.8952012664605,6.77328495916905e-44,5.58470180554694e-42,"Os03g0232400","Down"
636.625538541201,-1.04139974793379,0.129057879298577,-8.06924578021691,7.07337482752731e-16,1.4443473898722e-14,"Os03g0327800","Down"
149.687793469394,-1.08406144836717,0.187297713558277,-5.78790540350014,7.12695254673840e-09,7.51799123365567e-08,"Os03g0736700","Down"
6.65280502703706,-2.36632437777602,0.959542974749465,-2.46609525581057,0.013659500349516,0.0399735440174525,"Os03g0104000","Down"
10.2268817045627,-1.75815812638958,0.727162911201676,-2.41783250947732,0.0156132616745317,0.0447102727235148,"Os03g0838800","Down"
91.9432990223706,-1.91634926696884,0.273632879442655,-7.0033589197034,2.49897542257734e-12,3.82846825167441e-11,"Os03g0192700","Down"
15.4382700595598,-1.85292453126207,0.614251871910887,-3.01655496058607,0.00255664865335606,0.00947138859910438,"Os03g0304550","Down"
1305.64027100854,-1.11343635855179,0.0735363496418705,-15.1413058164341,8.64793679603016e-52,9.19444738829057e-50,"Os03g0835100","Down"
572.866828096514,-1.47656308303029,0.121074813140975,-12.1954603498833,3.2864148800768e-34,1.92031196742669e-32,"Os03g0362200","Down"
2041.54306087362,-1.0810442616822,0.0667411822207594,-16.1975593735579,5.24684970693783e-59,7.03251926833691e-57,"Os03g0821100","Down"
25.0491054283574,-1.29760652930956,0.476194735181656,-2.72494933992614,0.00643113539939874,0.0209707068177558,"Os03g0283750","Down"
53.8277200830326,-1.79886406301727,0.324829399652528,-5.53787331116435,3.06166594736983e-08,2.96632321540138e-07,"Os03g0181750","Down"
30.3175316302492,-1.13322315708366,0.453928583087656,-2.49647896013816,0.0125433109593835,0.037121952411294,"Os03g0790801","Down"
51.9059536022836,-1.5252779909693,0.313963667544961,-4.85813534698524,1.18496400244836e-06,9.13993319235762e-06,"Os03g0576600","Down"
416.288200731437,-1.12733261140115,0.118603440665072,-9.50505824350121,1.99936095881144e-21,6.04136759327161e-20,"Os03g0261100","Down"
42.0854372376532,-1.64018008491318,0.392952952881202,-4.17398590056923,2.99316287897651e-05,0.000178059822003228,"Os03g0797902","Down"
218.012848057067,-1.34638268442058,0.175632664451919,-7.66590137786792,1.77579606702501e-14,3.27601360544908e-13,"Os03g0639200","Down"
44.1643891706495,-1.55705985816347,0.351287117214589,-4.43244224413819,9.31716650053779e-06,6.15076530816315e-05,"Os03g0838400","Down"
31.8222813993597,-1.68790402681099,0.403133235072964,-4.18696321702549,2.82711620751577e-05,0.00016882110106578,"Os03g0402200","Down"
30.1585253393186,-1.11573839704756,0.462824909636622,-2.41071380087031,0.015921336601196,0.0454589924703105,"Os03g0129800","Down"
240.896420613952,-1.02464705094653,0.148641084023694,-6.89343096275587,5.44625565760967e-12,8.09382849463263e-11,"Os03g0595050","Down"
5.59313726511444,-3.02399805389611,1.10281038908677,-2.74208339332047,0.00610508396624921,0.0200345648235662,"Os03g0336900","Down"
6.22292527830028,-2.24859047349123,0.932573429494139,-2.41116720933272,0.0159015563301084,0.045411684799737,"Os03g0829466","Down"
96.2449346094886,-1.66442535127941,0.242196299295372,-6.87221628126346,6.32120165878028e-12,9.33524303456737e-11,"Os03g0178150","Down"
606.871067403532,-1.65746255275706,0.134933005341928,-12.2835962080364,1.10954283364603e-34,6.70491044409047e-33,"Os03g0618366","Down"
20.0754249194959,-1.80300032131915,0.514017244277243,-3.50766504702451,0.000452057838976698,0.00205838798005152,"Os03g0408101","Down"
1654.86160316255,-1.07585918052965,0.0755941700442041,-14.2320390567227,5.79665974887519e-46,5.15519919364589e-44,"Os03g0219400","Down"
4.9388504511114,-3.89745147302282,1.37963295905087,-2.82499156565823,0.00472818606224081,0.0161300156847083,"Os03g0134500","Down"
52.962771813158,-1.45466965712578,0.380214393592962,-3.82591948552868,0.000130284870468866,0.00067212448408063,"Os03g0192750","Down"
110.958216283418,-2.89251874282369,0.2583930916837,-11.1942572611982,4.35032597243918e-29,1.95288204486591e-27,"Os03g0183000","Down"
284.763788471716,-2.53513295746077,0.197602153431995,-12.8294804152184,1.12113512357642e-37,7.56726072311811e-36,"Os03g0242300","Down"
539.683557789147,-1.52243127115572,0.113162260450894,-13.4535247448187,2.93539393251894e-41,2.23160956466581e-39,"Os02g0832400","Down"
58.6423169765675,-3.17012160329527,0.361991404288566,-8.75744994422067,1.99717117541597e-18,4.97638749003869e-17,"Os02g0106966","Down"
337.084161911466,-2.16245072900129,0.1486706919513,-14.5452388807718,6.26118984259525e-48,5.98218614656879e-46,"Os02g0621850","Down"
66.0111193183144,-1.91835688456578,0.314037501857417,-6.10868725301724,1.00453953432589e-09,1.1758850401602e-08,"Os02g0162766","Down"
72.3274751901502,-1.09993670650611,0.270108839553795,-4.07219811215045,4.657154084514e-05,0.000266024994272148,"Os02g0603000","Down"
38.8126137588658,-1.79990665013855,0.393777291116012,-4.57087468156786,4.85692681874639e-06,3.36746132289695e-05,"Os02g0802250","Down"
90.3651469197976,-1.20446399560158,0.240894516022492,-4.9999643640253,5.7340911459706e-07,4.63595859631774e-06,"Os02g0155900","Down"
32.0627937325195,-1.8193959772009,0.423207593514941,-4.29906269424409,1.71521952261764e-05,0.000107105593550783,"Os02g0667500","Down"
657.648351471677,-1.10226672107614,0.094187650991158,-11.7028794059172,1.23200829144223e-31,6.3465257723639e-30,"Os02g0593400","Down"
29.8699072351367,-1.7487516270234,0.432821055017637,-4.04035711005819,5.3369873740766e-05,0.00030108785143878,"Os02g0120500","Down"
55.8467027112751,-1.01903847698182,0.32799799504847,-3.10684361601427,0.00189096402846076,0.00726608066425257,"Os02g0116100","Down"
18.3593379047168,-1.70659705660681,0.560195924387702,-3.04642890515874,0.0023157723704644,0.00869175294082331,"Os02g0573500","Down"
3.02769156710001,-5.15095434903988,1.7177561339772,-2.99865286297283,0.00271176083482914,0.00995767468732725,"Os02g0758800","Down"
110.113558913028,-3.0264750830534,0.287115364893992,-10.5409722122354,5.59178086572667e-26,2.18125730570505e-24,"Os02g0470600","Down"
1002.47614507689,-1.17612423735205,0.10655655523761,-11.0375587379811,2.51781030096732e-28,1.09547989417933e-26,"Os02g0755500","Down"
64.9929855837284,-2.96372993818487,0.327286061815524,-9.05547251766374,1.35977762330349e-19,3.67646949948813e-18,"Os02g0193200","Down"
41.6203444722966,-1.41750104785796,0.369925131457678,-3.83185927993683,0.000127178479548942,0.000657899136660624,"Os02g0696900","Down"
51.1863260625383,-2.23400006836479,0.340650992699364,-6.55803187497644,5.45225568876408e-11,7.30783142814867e-10,"Os02g0136933","Down"
128.049243917867,-1.86028906224247,0.226931517258323,-8.1975790966261,2.4527641791382e-16,5.2077044857513e-15,"Os02g0830801","Down"
47.5582348993292,-1.61858191886642,0.394052617852254,-4.10752738476487,3.99917374337851e-05,0.00023119507897892,"Os02g0307050","Down"
237.53223784858,-1.43967124884435,0.164698914481303,-8.74123095090455,2.30584097938651e-18,5.70529210306473e-17,"Os02g0628600","Down"
84.6835049503193,-1.41555888810324,0.24609709001768,-5.75203423982601,8.81759345546416e-09,9.16465860029335e-08,"Os02g0749100","Down"
139.651818131371,-1.05086069994661,0.200383306178175,-5.24425272738147,1.56916992050347e-07,1.37222308354232e-06,"Os02g0771900","Down"
11.0414264544434,-2.4443677018391,0.757522564622599,-3.22679193464935,0.00125186454956223,0.00505554495590025,"Os02g0563000","Down"
450.730224812491,-1.82663569430864,0.122028557694766,-14.9689198070968,1.17209526790774e-50,1.19667964879779e-48,"Os02g0120700","Down"
70.645150498883,-1.07507490590555,0.278581910116612,-3.85909804931532,0.000113806274022512,0.000596802380053898,"Os02g0700700","Down"
19.9948051865538,-1.21147482536662,0.509200869867038,-2.37916880558935,0.0173517278498015,0.0489053561890339,"Os02g0559300","Down"
354.503697353657,-1.56159567014399,0.148074208527676,-10.5460342194037,5.29866390019724e-26,2.07263504511035e-24,"Os02g0799600","Down"
41.3866917352012,-1.22053826907043,0.375756031137092,-3.24822003622111,0.00116129427825814,0.00472963183804988,"Os02g0636600","Down"
11.3095119336715,-2.06298385863626,0.707053165857835,-2.91772098373018,0.00352599703361646,0.0125133294149463,"Os02g0221100","Down"
53.3860110507556,-1.86012124489833,0.338977595886343,-5.48744597717312,4.07786669616897e-08,3.88696151110059e-07,"Os02g0832301","Down"
34.1614588432893,-1.08354858480441,0.393704500425349,-2.75218744930213,0.00591986250649972,0.0194946007855518,"Os02g0265200","Down"
90.0632170381042,-1.3526333223552,0.279603350806185,-4.83768638127951,1.31359189235612e-06,1.00486048979506e-05,"Os02g0575000","Down"
418.320735003647,-1.48663458464042,0.123071730109282,-12.0794156653227,1.35680503011873e-33,7.64378546947963e-32,"Os02g0664100","Down"
428.529995348555,-1.28313299799976,0.134079792162387,-9.56992084568368,1.06987552090724e-21,3.31403610150904e-20,"Os02g0137700","Down"
114.237776815771,-1.29381134979129,0.226719198731763,-5.70666867662154,1.15208731661237e-08,1.18051381888096e-07,"Os02g0136966","Down"
362.165952721388,-1.54682852532725,0.138894146451224,-11.1367438070578,8.31024245230316e-29,3.69531394329537e-27,"Os02g0787600","Down"
66.9868423133161,-2.50261789339727,0.317145637873088,-7.8910683122772,2.99610586479415e-15,5.86386643337325e-14,"Os02g0772150","Down"
11.2447797060169,-1.95861021411499,0.741545938477873,-2.64125270261113,0.0082600084177139,0.0260100929451499,"Os02g0248440","Down"
67.8511464013901,-1.70300304800234,0.291942724403061,-5.83334642603096,5.43266097857613e-09,5.83078121954882e-08,"Os02g0100250","Down"
115.18451004972,-1.34745744375937,0.227576855164882,-5.92088963872502,3.20204692035663e-09,3.54292210307535e-08,"Os02g0571100","Down"
35.6790888177756,-1.07336930424083,0.379487896666346,-2.82846782116099,0.00467714028741251,0.0159809356612677,"Os02g0215400","Down"
290.032058718248,-1.69139817092911,0.152139368394772,-11.1174260073189,1.03206703485156e-28,4.57490404586787e-27,"Os02g0278450","Down"
86.2845390555376,-1.7146173772073,0.250374775781581,-6.84820334578385,7.47832172826913e-12,1.09582599376777e-10,"Os02g0193425","Down"
183.725640205413,-2.82298228788873,0.210343899687762,-13.4207946704383,4.56788559165505e-41,3.45412760474857e-39,"Os02g0755900","Down"
120.057599926632,-1.07100376930074,0.225032610924357,-4.75932694777626,1.94239579502656e-06,1.43878720479692e-05,"Os02g0700300","Down"
435.014253675593,-1.90384526333707,0.136273637540354,-13.970752507236,2.35129088478271e-44,1.97907314025416e-42,"Os02g0131050","Down"
28.8919423944885,-1.29597045794881,0.424016911295485,-3.05641219353556,0.00224003079006482,0.00843321495924163,"Os02g0282000","Down"
37.7587265354829,-1.17456882381278,0.371469856246082,-3.16194922431251,0.00156716888050357,0.00615314495481346,"Os02g0787400","Down"
631.753366134203,-1.72782902612486,0.105476074155609,-16.3812413379719,2.60374562201148e-60,3.71901666343973e-58,"Os02g0768750","Down"
557.159853255451,-1.25094487550078,0.105765332153547,-11.8275511458206,2.8122699074158e-32,1.48661318227339e-30,"Os02g0161300","Down"
44.9349824416015,-1.16312697357853,0.332937325388996,-3.49353131920419,0.000476677066941278,0.00215832598945986,"Os02g0282500","Down"
61.4888614841935,-1.23879156340563,0.297326122317404,-4.16644038455249,3.09392753402794e-05,0.000183475287460357,"Os02g0518500","Down"
21.3107872474475,-1.50015512818985,0.531237387919292,-2.82388845797457,0.00474448932004969,0.016173927490396,"Os02g0632700","Down"
2598.98202287243,-1.17098587860352,0.0733332403238498,-15.9680095060887,2.13490820889235e-57,2.70750399352845e-55,"Os02g0705100","Down"
49.1728968842554,-1.89756966838728,0.364417119419188,-5.20713645783615,1.9177706571996e-07,1.6596227648795e-06,"Os02g0150450","Down"
21.9756947591772,-2.98782119243766,0.562954553318529,-5.30739324306894,1.1120409625292e-07,9.91789040091087e-07,"Os02g0578000","Down"
36.7162343317476,-1.07454618791195,0.375376160589264,-2.86258505661396,0.0042020046002639,0.0145865830489829,"Os02g0603033","Down"
6799.54415405216,-1.04973291447906,0.154715623331709,-6.78491862601642,1.16151960870535e-11,1.6700018329332e-10,"Os02g0744851","Down"
240.809474840922,-1.09556590803534,0.160311209596319,-6.83399439623779,8.25822519455593e-12,1.20387044704761e-10,"Os02g0555600","Down"
37.2808697802332,-2.81353928719181,0.444699652669154,-6.32683041307661,2.50248119304909e-10,3.13014907654229e-09,"Os02g0193300","Down"
1219.23776488956,-1.2427738470106,0.0840900054815472,-14.7790910452885,1.99844959917851e-49,1.99007581388618e-47,"Os02g0574300","Down"
100.042078502544,-2.08686277795143,0.253273531446033,-8.23956126025782,1.72843294368946e-16,3.7200770228677e-15,"Os02g0638650","Down"
2.31682825695918,-4.76448328817872,1.76901082390855,-2.69330363827385,0.00707478056235778,0.022759853154822,"Os02g0738200","Down"
554.508983191644,-1.00994226721379,0.120221666381482,-8.40066768005934,4.43947116851798e-17,1.00121757668945e-15,"Os02g0681200","Down"
74.468680406477,-1.36876716755931,0.284900549504647,-4.8043682960218,1.55240846533698e-06,1.1735809625286e-05,"Os02g0824000","Down"
126.046463029358,-1.50406981338544,0.235807547881906,-6.37837858412695,1.78972649705612e-10,2.27279995793642e-09,"Os02g0577501","Down"
36.7904840036623,-1.71658156351007,0.409378195922447,-4.19314360317144,2.75115160878192e-05,0.000164806860088882,"Os02g0297900","Down"
93.6162929152991,-1.04536765444425,0.230129091929944,-4.54252717758294,5.55838278458304e-06,3.80990362411035e-05,"Os02g0147850","Down"
733.978271303251,-1.16761263322601,0.0982484185607987,-11.8842893384941,1.42844809361988e-32,7.68021683187527e-31,"Os02g0273501","Down"
15.4312060299743,-1.49683728402197,0.608936655393413,-2.45811657216614,0.0139667830056927,0.0407462956657722,"Os02g0740700","Down"
18.5369453404274,-2.50222199654028,0.576949585740804,-4.33698551551506,1.44450139680021e-05,9.18021213548469e-05,"Os02g0151300","Down"
44438.3733814005,-1.03588918614797,0.197124145857581,-5.25500912960903,1.48017128663345e-07,1.29881241567734e-06,"Os02g0704131","Down"
950.103455622985,-1.1500598407537,0.111793259414947,-10.2873808919461,8.0331725278838e-25,2.95046950988418e-23,"Os02g0799700","Down"
129.794406356892,-1.79413835100775,0.232001274670915,-7.73331247232444,1.04783679188209e-14,1.96641488461961e-13,"Os02g0102300","Down"
21.8547977306438,-3.71563779022148,0.631824174011227,-5.8808097933832,4.08264108532286e-09,4.45796032949868e-08,"Os02g0810600","Down"
159.188793910885,-1.27770316928377,0.203426302730089,-6.28091427773259,3.36587701566074e-10,4.16041817656912e-09,"Os02g0555650","Down"
3080.84873250733,-1.21360959770252,0.0584452518674052,-20.7648963590034,8.99210861552481e-96,2.76419373647454e-93,"Os02g0678200","Down"
27.2844360326356,-1.28759690077375,0.526374338583281,-2.44616199231762,0.0144386110954884,0.041880857476052,"Os02g0212975","Down"
82.9620120821724,-1.78238614838489,0.341453474217859,-5.21999710932115,1.78925923451652e-07,1.55650693360079e-06,"Os02g0301450","Down"
939.260859723308,-1.00381531717009,0.0868531868267159,-11.5576106513263,6.7562590891546e-31,3.34045040734932e-29,"Os02g0769100","Down"
31.6501658652429,-1.41915475799783,0.418280783092037,-3.39282801257825,0.000691750559474821,0.00299844289958028,"Os02g0207400","Down"
17.4516435459017,-3.37151740839782,0.655801744676743,-5.14106196844551,2.73189924598586e-07,2.31389166144733e-06,"Os02g0683800","Down"
2832.84255169488,-1.04861460980467,0.0594936098936534,-17.6256678940662,1.56509426689348e-69,2.91200203697464e-67,"Os02g0744700","Down"
88.0179129069895,-1.22304551810615,0.286109876882042,-4.27474063962633,1.91359924354035e-05,0.000118343538610463,"Os02g0631601","Down"
115.198356781415,-1.95286058228082,0.233155330509193,-8.37579212971853,5.48536573791092e-17,1.22633698366687e-15,"Os02g0708500","Down"
45.1078974336925,-1.11273434246729,0.334982143012285,-3.32177211734682,0.000894477147994028,0.00376103303931298,"Os02g0700901","Down"
13.0522508542444,-1.53233292733466,0.635136280649277,-2.41260493853101,0.0158389771868573,0.0452512489970212,"Os02g0664400","Down"
1365.61542985025,-1.71438750146678,0.0894812991998716,-19.1591708747702,8.11557075874011e-82,1.91263713856608e-79,"Os02g0132500","Down"
22.3937675396641,-1.26875947589544,0.478149650372821,-2.6534777865176,0.00796670140895521,0.0252105049285736,"Os02g0193100","Down"
83.5820598149414,-1.01479480357939,0.264341905902966,-3.83894789633507,0.000123562645809168,0.000641081934250797,"Os02g0802200","Down"
4.60183708985203,-4.74303148089567,1.50162492931175,-3.15859932018414,0.0015852928096554,0.00621998695197894,"Os02g0287950","Down"
70.883060028,-2.94744014095092,0.324327512210326,-9.0878511072459,1.01015749223333e-19,2.75489527848128e-18,"Os02g0740900","Down"
1028.16169037553,-1.80312183198533,0.102750061118456,-17.5486205298369,6.09422852921893e-69,1.11194114216026e-66,"Os02g0621800","Down"
36.99152456356,-1.00833244494254,0.375296408011716,-2.68676284509247,0.00721481579629976,0.023136660112842,"Os02g0796750","Down"
33.8213426125545,-1.16100977524268,0.39177804509201,-2.96343756314883,0.00304223772791981,0.0110092802537812,"Os02g0614800","Down"
714.275107942937,-3.32727890016726,0.121925702276594,-27.289397051158,5.66740661478402e-164,5.93629357306321e-161,"Os02g0129800","Down"
10.2663777899465,-2.05030544244678,0.726501312302813,-2.82216343966106,0.00477008605247153,0.0162519087333366,"Os02g0643900","Down"
184.411276459532,-1.0125059967788,0.18722726938628,-5.40789811280019,6.37686815648691e-08,5.89745612601721e-07,"Os02g0710500","Down"
85.0777935036459,-1.76560411876393,0.254990266290367,-6.92420202719961,4.38439840551759e-12,6.5745053714975e-11,"Os02g0245850","Down"
105.836352010878,-1.24493388979982,0.219711019938111,-5.66623326472429,1.45970775846915e-08,1.48070283777856e-07,"Os02g0552600","Down"
109.53746048652,-3.13455012531759,0.267789163237034,-11.7052911605054,1.1974748608978e-31,6.17988805493624e-30,"Os02g0630300","Down"
44.743099145284,-3.90705861715503,0.513537244174324,-7.60813098071763,2.78087945836829e-14,5.04788523505222e-13,"Os02g0323000","Down"
109.911160365277,-1.15378359338354,0.219582526499388,-5.25444174350893,1.48474131628882e-07,1.30241839844802e-06,"Os02g0211000","Down"
87.9607174094073,-1.68105839618524,0.248361971419379,-6.7685821085171,1.30050576664485e-11,1.86131597097585e-10,"Os02g0742050","Down"
44.8089382354202,-1.20832855705447,0.340285945334196,-3.55092114035968,0.000383885421628452,0.00177744983776592,"Os02g0489600","Down"
11.2886563541287,-1.89199151217406,0.794678732528164,-2.38082565284582,0.0172738853456589,0.0487110132077553,"Os02g0568600","Down"
153.237226544811,-1.85665958885314,0.203058674010255,-9.14346357230411,6.04834753169197e-20,1.67535079866582e-18,"Os02g0285775","Down"
1362.86996719722,-1.28869427602225,0.0840726844264346,-15.32833505691,4.94499506774906e-53,5.52764448660124e-51,"Os02g0574100","Down"
27.4419676550354,-2.16640119540189,0.482467471234671,-4.49025338404247,7.11384972279196e-06,4.79930305368033e-05,"Os02g0471300","Down"
11.889374310805,-2.94356482305376,0.79308627840742,-3.71153164945014,0.000206008903116975,0.00101606867615123,"Os02g0483800","Down"
39.0636106963478,-1.22658672773253,0.363850378138646,-3.371129457134,0.000748606703385483,0.00321655213893115,"Os02g0156633","Down"
9.40858533803036,-2.3384415975997,0.776827884988382,-3.01024415161754,0.00261037764651168,0.00964349655318503,"Os02g0225900","Down"
1958.26768337306,-1.06448083641365,0.0655406680858702,-16.2415316703667,2.56440460930133e-59,3.5035713408527e-57,"Os02g0823100","Down"
11.721713836258,-2.69688948577028,0.763972568953954,-3.53008680594764,0.000415423342763355,0.00190754790659043,"Os02g0649400","Down"
23.1078003032138,-2.56718637029432,0.580513318229289,-4.42226954951677,9.76695003122402e-06,6.42818510200248e-05,"Os02g0191000","Down"
559.280082403445,-1.76370750797397,0.112980784939397,-15.610685559673,6.15718099901816e-55,7.31643848038793e-53,"Os02g0120600","Down"
173.154708876723,-1.24541751199397,0.177007909272505,-7.03594272771527,1.97918225968857e-12,3.06367014155733e-11,"Os02g0234450","Down"
33.8063442095805,-1.02759458387203,0.393313936160519,-2.61265744586443,0.00898413001470321,0.0279793173599627,"Os02g0157100","Down"
55.3958073554013,-1.40634935961711,0.319432584059244,-4.40264841409002,1.06937387775603e-05,6.99259251718344e-05,"Os02g0624100","Down"
121.44551660361,-1.02074529960722,0.217004004281849,-4.70380859093024,2.55352659135463e-06,1.85980647772599e-05,"Os02g0733166","Down"
84.6029142549439,-1.09033015589731,0.27083045259196,-4.02587724335425,5.67632975600223e-05,0.000318200756847372,"Os02g0681632","Down"
3089.88821908575,-1.28508464862709,0.195250022791988,-6.58173878932743,4.64977971425237e-11,6.28587094162387e-10,"Os02g0779200","Down"
262.191827088947,-1.68317120498922,0.18244920179163,-9.2254237807602,2.82441807135512e-20,8.00374423607156e-19,"Os02g0671200","Down"
186.82332313889,-1.10998245952431,0.173013925492873,-6.41556716525703,1.40299541174123e-10,1.7986452057776e-09,"Os02g0828300","Down"
36.6878477333655,-1.15666657467343,0.381944579993226,-3.028362320769,0.00245883089424877,0.00916181772335302,"Os02g0328550","Down"
189.982533200302,-1.69840627950083,0.190027220981246,-8.93769992915094,3.97354348644181e-19,1.04341488709434e-17,"Os02g0275200","Down"
11.7549669705879,-1.58101868974011,0.656595119618754,-2.40790502777133,0.0160443541904483,0.0457501896410636,"Os02g0162783","Down"
153.141917005691,-2.15933003766668,0.205225011971855,-10.5217683601003,6.85742971501563e-26,2.66394189244996e-24,"Os02g0137450","Down"
48.3319244811813,-1.66116341133473,0.348275511937541,-4.76968191674825,1.84517045176151e-06,1.37179983034351e-05,"Os02g0571000","Down"
56.3639610509653,-1.29537441707989,0.29645604263719,-4.3695328506601,1.24512609049222e-05,8.0121526655769e-05,"Os02g0135250","Down"
15.7614324243617,-1.8445154124031,0.625230735274223,-2.95013553931271,0.00317634551336554,0.011424421653757,"Os02g0573601","Down"
43.2073361933698,-1.05626681578316,0.336724552069574,-3.13688683908299,0.00170752016938666,0.00664516002620396,"Os02g0679200","Down"
42.2491515101745,-1.65697850125913,0.378629016370872,-4.37625863210679,1.20733747779065e-05,7.79559616652906e-05,"Os02g0265100","Down"
10.6943883365555,-6.97476600554343,1.3418418751128,-5.19790456305226,2.01547552126857e-07,1.73991645961527e-06,"Os02g0822900","Down"
97.7784684936639,-2.11786367946889,0.246896720754501,-8.57793361125589,9.65926690071412e-18,2.27265996022543e-16,"Os02g0608000","Down"
3.00223047326856,-4.10420762330655,1.63254964347896,-2.51398641364467,0.011937503261653,0.0355597777272812,"Os02g0524550","Down"
19.8459782091096,-1.47978184297833,0.517454133195821,-2.85973528482443,0.00423994765643497,0.0146894474668183,"Os02g0616600","Down"
75.0003315519533,-2.60418937859181,0.302741524117294,-8.6020224222127,7.83234866534524e-18,1.85983755335541e-16,"Os02g0630475","Down"
200.467092463646,-1.05903991577486,0.158334200411628,-6.68863652338934,2.2525944212143e-11,3.13666286688142e-10,"Os02g0184450","Down"
80.0854745810037,-2.04102686720246,0.270848238548547,-7.53568447828995,4.85779891318557e-14,8.63503526485237e-13,"Os02g0318500","Down"
58534.4701347958,-1.17822259812775,0.200704842365444,-5.87042437163743,4.3468103758241e-09,4.71908423181118e-08,"Os02g0704000","Down"
20.4586720006865,-2.31389769968124,0.545656429932348,-4.24057625412408,2.22946677424883e-05,0.000136504762594785,"Os02g0511900","Down"
51.0425824156756,-1.16451818643405,0.30913948949208,-3.7669667771897,0.000165242980566416,0.000832554719170732,"Os02g0251200","Down"
215.572748636526,-1.20751637055679,0.181423556467199,-6.65578601847721,2.81789980567145e-11,3.88367565322584e-10,"Os02g0828400","Down"
12.3766414718435,-1.77199493584484,0.656899698932283,-2.69751217533668,0.00698597300477728,0.0225177003132102,"Os02g0574000","Down"
50.2843818762641,-1.02623926157523,0.321339733634387,-3.19362703755416,0.0014049750457305,0.00559320091051579,"Os02g0667050","Down"
31.2567231817984,-1.94921916570371,0.499074050987135,-3.905671236259,9.39641914144784e-05,0.000502724422510946,"Os02g0149900","Down"
39.791790842085,-1.44049632178387,0.381611583343937,-3.77477095732073,0.000160154745777429,0.000810546951562541,"Os02g0480950","Down"
76.44330694953,-2.22165910914309,0.295444691273596,-7.51971240223006,5.48968657097706e-14,9.72159210480916e-13,"Os02g0742051","Down"
405.83034368129,-1.19803153744646,0.116798172380526,-10.25727982749,1.09754926043319e-24,3.99997301988546e-23,"Os02g0664150","Down"
11.7517189373228,-2.71228439681533,0.778160559961957,-3.48550740858407,0.000491204620986673,0.00221735959874287,"Os02g0633066","Down"
123.74793055376,-2.29340046683651,0.240295485680249,-9.54408469366023,1.3731476569201e-21,4.20736607642008e-20,"Os02g0772100","Down"
23.912832882745,-1.4383115025896,0.460950843109064,-3.12031428967207,0.00180658172421343,0.00697881952499387,"Os02g0114400","Down"
307.896821898599,-1.63017740426476,0.14278712487435,-11.4168375173832,3.44544344111757e-30,1.63490916037325e-28,"Os02g0278400","Down"
651.41041245766,-1.05083941434724,0.0949448306223065,-11.0678949813235,1.79569098463858e-28,7.88570446219933e-27,"Os02g0255801","Down"
76.6063648288432,-1.36152123601507,0.253148463346698,-5.37835078283845,7.51712468210999e-08,6.88444958337929e-07,"Os02g0220800","Down"
75.12854825786,-2.88748456115816,0.295290425031691,-9.77845644960642,1.39318962965461e-22,4.53926220233432e-21,"Os02g0740800","Down"
70.6760414885072,-1.26424197501107,0.282050917488455,-4.48231825043725,7.38365199346925e-06,4.96120365947503e-05,"Os02g0570600","Down"
234.467879045318,-1.17695855730428,0.151727396726107,-7.75706024554608,8.69206451121874e-15,1.64538337645098e-13,"Os02g0605900","Down"
63.9240558134256,-1.59810614542077,0.295164840250717,-5.41428357138784,6.15345814609511e-08,5.70951278968884e-07,"Os02g0541300","Down"
154.130825606503,-1.0916973831299,0.196220440919972,-5.56362720423784,2.64224097072255e-08,2.5802906385706e-07,"Os02g0806300","Down"
14.5315613425877,-2.92837493189225,0.682774207588767,-4.28893607776116,1.7953102842488e-05,0.000111638456791646,"Os02g0609200","Down"
141.814520024469,-1.65235170348386,0.21716434731768,-7.6087614007225,2.76735086915893e-14,5.02655426658212e-13,"Os02g0134200","Down"
34.9982702985638,-1.60472304413843,0.391843426040723,-4.0953170003461,4.21591129199792e-05,0.000242831338592654,"Os02g0209050","Down"
4.57403627656838,-3.83004504097008,1.48121211016703,-2.58575055839786,0.0097167221501157,0.0299677729930638,"Os02g0641300","Down"
6377.03371786282,-1.83012502037051,0.0487271530829473,-37.5586280867903,1.01870747259056e-308,4.80167767205559e-305,"Os02g0306401","Down"
78.0934777895735,-1.54736431909286,0.331501892246268,-4.66773902437741,3.0453237188768e-06,2.18979913789868e-05,"Os02g0202300","Down"
322.690261865894,-1.14568257870858,0.129463208317635,-8.84948390818244,8.79249393867743e-19,2.26260710718595e-17,"Os02g0541150","Down"
33.2993221343959,-1.47232034368555,0.390053679254893,-3.77466082744836,0.000160225512171368,0.000810760012474225,"Os02g0227700","Down"
320.304913130116,-1.02605617158261,0.142034038175991,-7.22401605107674,5.0474296211074e-13,8.22745574147195e-12,"Os02g0258900","Down"
5.59732211679926,-6.03393303712922,1.46048939283695,-4.13144598428649,3.60488406336552e-05,0.000210379129583245,"Os02g0720400","Down"
53.8717842171215,-1.00401254369575,0.328135260245722,-3.05975207584794,0.00221520283577589,0.00835197325670951,"Os02g0176000","Down"
67.5600344252124,-1.44057732509917,0.294285894228846,-4.89516267463004,9.82244423387506e-07,7.67159749732727e-06,"Os02g0204201","Down"
413.417566563069,-1.53754727076484,0.123469928905818,-12.4528076138901,1.35010755151627e-35,8.48497592542926e-34,"Os02g0101750","Down"
40.6119654202024,-1.52820566025958,0.371029273810945,-4.11882772634879,3.80804696686767e-05,0.000221185821051519,"Os02g0204400","Down"
115.873202164193,-2.19521606679177,0.224082594730069,-9.79645951277985,1.16601124217514e-22,3.82551785846348e-21,"Os02g0787700","Down"
5502.21482221663,-1.01721822094645,0.050971907165797,-19.9564481202896,1.31750313791783e-88,3.45002835587539e-86,"Os02g0611200","Down"
2.09630446707839,-4.62493316183749,1.83616057847435,-2.51880647915898,0.01177533554777,0.0351396290626236,"Os02g0769250","Down"
12.3256639266133,-2.81497576561143,0.753899101939341,-3.73388926763561,0.000188545415822782,0.00093811627461015,"Os04g0481050","Down"
19.1297434382602,-1.44731480477539,0.531032024376639,-2.72547556143031,0.00642089296315727,0.0209397225427872,"Os04g0447700","Down"
167.381470971398,-1.01237504322889,0.202337047335051,-5.00340919551176,5.63252037160287e-07,4.55774845863522e-06,"Os04g0182600","Down"
13.9959719836654,-2.56032830614826,0.703091315845298,-3.64153026562429,0.000271022255616549,0.00129999667759356,"Os04g0394733","Down"
583.625904559226,-1.20269346266928,0.0984179702946814,-12.220262814486,2.42300117413629e-34,1.4365806332442e-32,"Os04g0542200","Down"
1794.5929680822,-1.05737205276575,0.199082586961679,-5.31122319085237,1.08891871584841e-07,9.72700890805713e-07,"Os04g0684000","Down"
1647.09521757481,-1.1506271075608,0.068213141548023,-16.8681148741807,7.72217128414019e-64,1.1999490444328e-61,"Os04g0563801","Down"
16508.8637566429,-2.55717608890548,0.0471290351014214,-54.2590376272811,0,0,"Os04g0561500","Down"
106.195386736416,-2.26455425946899,0.278171604182276,-8.14085343515186,3.9250129557574e-16,8.18005095075719e-15,"Os04g0688100","Down"
83.8471051551547,-1.52045207742158,0.248209947732995,-6.12566938315125,9.03031453534094e-10,1.05925477135619e-08,"Os04g0574100","Down"
132.097560329112,-1.05445957792402,0.193225739569247,-5.45713826881811,4.83869559219818e-08,4.56143833476522e-07,"Os04g0372700","Down"
1295.6147875168,-1.53093440739867,0.0778929736923566,-19.6543325389681,5.3082536552763e-86,1.34038144307919e-83,"Os04g0669900","Down"
87.2463086162315,-1.57558313466766,0.280605057145934,-5.61494917694319,1.96620027596929e-08,1.955207806072e-07,"Os04g0218600","Down"
205.578954333333,-1.05352711215961,0.174456794712367,-6.0388998542395,1.55168505646952e-09,1.7816973236709e-08,"Os04g0194950","Down"
23.4581488901693,-1.16548455002515,0.45623159850298,-2.55458971682239,0.010631302809621,0.0323051332071442,"Os04g0197200","Down"
103.981289517629,-1.15309250182442,0.231764683532135,-4.97527269578386,6.51558502039705e-07,5.21412733338565e-06,"Os04g0665600","Down"
367.834235116608,-1.01541274951169,0.121589868558235,-8.3511295928851,6.76131857424609e-17,1.50327712734476e-15,"Os04g0538166","Down"
55.7811676421379,-1.01983300446584,0.297345409901032,-3.4297923240358,0.000604043380542823,0.00266380022534408,"Os04g0418300","Down"
24.5477522021276,-2.3827673434593,0.526249663217504,-4.52782682822256,5.95933867611312e-06,4.06797144820553e-05,"Os04g0178400","Down"
20.4277023083102,-1.42388059704458,0.530624429113635,-2.68340566118122,0.00728765327355139,0.0233358381147313,"Os04g0369000","Down"
24.5682039838292,-1.23034000572343,0.463427365517334,-2.65487128570833,0.00793386752043761,0.0251206568904496,"Os04g0622501","Down"
149.417168402366,-1.26796243549143,0.192357765527259,-6.59168831586239,4.34852782926571e-11,5.89835566136515e-10,"Os04g0447100","Down"
54.2694263348433,-1.59515923449482,0.331728588890793,-4.80862755853689,1.51970043000541e-06,1.15039207336679e-05,"Os04g0376200","Down"
26.8287880672548,-1.51375323825372,0.469224197841557,-3.22607667127362,0.00125499732873377,0.00506385781907831,"Os04g0291000","Down"
162.744891473753,-1.10444253312977,0.187462302407404,-5.89154469430086,3.82602145111813e-09,4.19394235112682e-08,"Os04g0473900","Down"
259.254300329459,-2.15863284886171,0.157610946649847,-13.6959576396517,1.07335811968476e-42,8.43212249522354e-41,"Os04g0280500","Down"
1593.00125535245,-1.44029964915036,0.0776090708103372,-18.558393163477,6.97601300875593e-77,1.51760479923559e-74,"Os04g0683700","Down"
32.8642111361607,-1.39200363767133,0.402799916602314,-3.45581908112872,0.000548623421993755,0.00244225074726986,"Os04g0420801","Down"
59.1932696309238,-1.25741682100564,0.318474658628229,-3.94824764526551,7.87253439703147e-05,0.00042750219908304,"Os04g0174900","Down"
228.935232223515,-1.75131520724007,0.155962436986136,-11.2290833682969,2.93507577928586e-29,1.3259884682745e-27,"Os04g0492500","Down"
1647.30508783435,-1.44884898542013,0.0675669981887566,-21.4431456814553,5.29134046734611e-102,1.87055499696269e-99,"Os04g0684800","Down"
2.41553969186779,-4.83169099242302,1.8107138603589,-2.66839012955108,0.00762157016461141,0.0242622271302764,"Os04g0435325","Down"
111.000534343834,-1.44957680326439,0.224603008584888,-6.45395096173223,1.08971084953474e-10,1.41231016681383e-09,"Os04g0247700","Down"
16.7468703571833,-2.06085822691915,0.585006864951138,-3.52279323609525,0.000427024359924055,0.00195573699158092,"Os04g0558900","Down"
1947.73286499086,-1.34644687846097,0.0623545317014443,-21.5934085578224,2.07156687986086e-103,7.51102345248014e-101,"Os04g0682850","Down"
26.3029380870737,-1.86012455863295,0.47340236485228,-3.9292675675868,8.52049901817172e-05,0.000459424657260085,"Os04g0688600","Down"
12.0082486654124,-3.14078024301668,0.809644994464146,-3.87920664549451,0.000104797700520114,0.000554911770906077,"Os04g0193950","Down"
33.0886985966141,-1.43773216617764,0.396522217968858,-3.62585525104309,0.000288006656811897,0.00137100088559119,"Os04g0625350","Down"
387.006386347381,-1.31642974624225,0.151389912823683,-8.69562391369785,3.44929151080719e-18,8.42395623636771e-17,"Os04g0423200","Down"
633.547701848331,-1.25911690252677,0.108492496945663,-11.6055666333994,3.86121435576617e-31,1.94304276148439e-29,"Os04g0463200","Down"
53.5313897066405,-1.42323715949068,0.425242175376541,-3.34688617898834,0.000817247588702862,0.00347453082623356,"Os04g0420600","Down"
936.763227738369,-1.26664339890664,0.0889393079855796,-14.2416601567443,5.05126351590158e-46,4.53507249184802e-44,"Os04g0380300","Down"
606.183551888525,-1.26229632351367,0.107949190511587,-11.6934301918473,1.37710066401802e-31,7.04263722949252e-30,"Os04g0565400","Down"
3.386863083466,-5.312217373038,1.60464708054802,-3.31052069793676,0.00093122564946009,0.00389355301484045,"Os04g0612301","Down"
912.758103187855,-1.50444082037743,0.0849692133816097,-17.7057167002448,3.78827524186312e-70,7.09511338510801e-68,"Os04g0429600","Down"
205.379344989652,-1.19484234266781,0.192875954348356,-6.19487455916764,5.83314673383845e-10,6.99309973631561e-09,"Os04g0402500","Down"
775.913815532348,-1.26528858748618,0.0890987962434067,-14.2009616384668,9.03638196719082e-46,7.93658131720881e-44,"Os04g0380400","Down"
42.5924748497639,-1.04727434936123,0.360061835708234,-2.90859581744135,0.00363055902243404,0.0128371629380939,"Os04g0583800","Down"
29.9320689608851,-1.19870498185295,0.455291968020831,-2.63282699025805,0.00846774689904688,0.0265907561683261,"Os04g0420500","Down"
512.313708044078,-1.43882779189161,0.123937756203209,-11.6092773983458,3.6972681484787e-31,1.86718643762725e-29,"Os04g0608600","Down"
89.0972583540977,-1.94461961340063,0.275865738030051,-7.04915234232093,1.80010987296281e-12,2.79719270973962e-11,"Os04g0432250","Down"
40.9778515126626,-1.27559241102808,0.368496079653597,-3.46161731822818,0.000536940040889574,0.00239665424501232,"Os04g0404900","Down"
40.6399517162638,-1.23957272242154,0.354150199625741,-3.50013277906236,0.000465026463933153,0.00210895019667952,"Os04g0642000","Down"
1023.58812861666,-1.22339479186573,0.0992152168319466,-12.330717312627,6.18932815791187e-35,3.80522586160664e-33,"Os04g0453450","Down"
110.43820492619,-1.10337255530001,0.214716582091148,-5.13873937706232,2.76587693441516e-07,2.3391676310465e-06,"Os04g0553050","Down"
125.583058223134,-1.66879504619423,0.204777472253035,-8.14930972549641,3.66007426975007e-16,7.68452564386056e-15,"Os04g0546900","Down"
35.7628334233164,-1.37588851841599,0.390275827894145,-3.52542591694707,0.000422802415724282,0.00193859843046343,"Os04g0577337","Down"
14.5051570535504,-1.6319791744204,0.629476001233334,-2.59259951328225,0.0095253619607461,0.0294766124971945,"Os04g0589400","Down"
234.608641430123,-1.48694550073522,0.176284879520039,-8.43490096702362,3.31483379107166e-17,7.5480526928581e-16,"Os04g0401751","Down"
134.212033965433,-1.79327759045742,0.255636735940596,-7.01494479601766,2.30039764638336e-12,3.52998078336234e-11,"Os04g0610400","Down"
30.8441808214888,-1.57981730417159,0.434004919196576,-3.64009077845507,0.000272541937876398,0.0013063997534038,"Os04g0394766","Down"
13.4552461386686,-1.9526195621286,0.641711819570578,-3.04282935513835,0.00234365193493296,0.00878473431038292,"Os04g0447650","Down"
110.098789953121,-1.08738481759425,0.243924922573248,-4.45786681460446,8.27793055938227e-06,5.51751482794933e-05,"Os04g0519925","Down"
28.7858677456263,-2.27985158395976,0.473545970669199,-4.81442505093636,1.47624294887486e-06,1.12019390494043e-05,"Os04g0324000","Down"
16.885103701577,-2.42544632835689,0.777453795360667,-3.11973051367215,0.00181016564081575,0.00698884566387853,"Os04g0443801","Down"
63.7001887199914,-1.29513828738745,0.291486701479963,-4.44321569667381,8.86242385912076e-06,5.87191746127796e-05,"Os04g0480700","Down"
23.2651201295612,-1.73615443987253,0.507482358437971,-3.4211128938874,0.00062365438194641,0.00273832783353927,"Os04g0448000","Down"
340.419726300644,-1.07898824782788,0.125335813512483,-8.60877842964185,7.38432184218806e-18,1.75492442032706e-16,"Os04g0630900","Down"
76.1673914002638,-1.94883164135267,0.31750048090108,-6.13804311672789,8.35441903074785e-10,9.82825809519884e-09,"Os04g0448300","Down"
223.114479243682,-1.62528116973876,0.164557996799615,-9.87664654011251,5.25625236156328e-23,1.74884791808672e-21,"Os04g0171600","Down"
30.6130927728234,-1.34627919868726,0.41017740985072,-3.28218757629101,0.00103005059819743,0.00425205969458787,"Os04g0447950","Down"
88.781614508245,-1.07090945145286,0.242719127453349,-4.41213456347271,1.02356462469754e-05,6.7132261482076e-05,"Os04g0451000","Down"
10.5266119910961,-2.58206472949373,0.81434334779738,-3.17073226726497,0.00152055217318604,0.0059950837877979,"Os04g0513800","Down"
24.6052799701054,-1.25867112259731,0.443475446825378,-2.83819799181107,0.00453690306918526,0.0155789407114653,"Os04g0512900","Down"
74.3335459711614,-1.0215367661337,0.265508686985026,-3.84747021927502,0.000119343778776713,0.000622691774543863,"Os04g0448950","Down"
806.220597201772,-1.0333429242251,0.0869221390042649,-11.8881442180616,1.3640371470787e-32,7.36189590773524e-31,"Os04g0404800","Down"
165.901130590182,-1.1628785721592,0.196270977679725,-5.92486258491455,3.12558643218518e-09,3.46374255049487e-08,"Os04g0562100","Down"
382.994999920343,-1.70783220034687,0.143878486973302,-11.8699621901346,1.69544238958225e-32,9.06404654438104e-31,"Os04g0401700","Down"
13.2974500867108,-3.11785334907831,0.758610331069357,-4.10995371587321,3.95738429662806e-05,0.000229013270499157,"Os04g0154800","Down"
1312.68148321485,-1.04623119663425,0.0797334018798105,-13.121617439719,2.4759350664549e-39,1.76377631270557e-37,"Os04g0532400","Down"
28.3731118567558,-2.3585198938332,0.446833118375428,-5.27830144374297,1.30386846166783e-07,1.15377671978811e-06,"Os04g0369033","Down"
279.155381194496,-1.14417895681854,0.15493678226883,-7.38481166359376,1.52669337646487e-13,2.61358446608978e-12,"Os04g0615700","Down"
22.0194038601616,-1.30167894984614,0.492579917363986,-2.64257413662336,0.00822784503499424,0.0259295392728629,"Os04g0122000","Down"
10.4967731309335,-3.3700594800491,0.834777020319792,-4.03707744465471,5.41212066566154e-05,0.000304961515332883,"Os04g0523600","Down"
17.1437014077514,-1.86995634891738,0.574794065632373,-3.2532631436619,0.00114087792785125,0.00465389759055924,"Os04g0494100","Down"
36.2974099622757,-1.09599906108042,0.361557301164156,-3.03132880335006,0.00243479948254659,0.00908544190076529,"Os04g0226633","Down"
838.322946151855,-1.55280576019671,0.106129669904992,-14.6312125684249,1.77593567491801e-48,1.72595315540743e-46,"Os04g0304250","Down"
53.9771328606574,-6.85130926977455,0.877796094673664,-7.80512616921774,5.94420474903596e-15,1.13204077109418e-13,"Os04g0369100","Down"
25.3065253974726,-1.21362162139053,0.449952558405053,-2.69722129304578,0.00699207877160919,0.02252967753673,"Os04g0450400","Down"
23.3946337271359,-1.15622923397668,0.472014303665075,-2.44956397507204,0.0143029298753353,0.0415512234005504,"Os04g0622800","Down"
83.6179316605282,-1.18971546569349,0.283844432432434,-4.19143491911433,2.77195705981287e-05,0.000165877523505222,"Os04g0585050","Down"
1305.94667599254,-1.03216291134185,0.0976184491320082,-10.5734409890703,3.95703728834055e-26,1.55429127154943e-24,"Os04g0118700","Down"
1.98045204061894,-4.53580531415787,1.86729042096977,-2.42908401565206,0.0151370241847838,0.0435759549032848,"Os04g0556100","Down"
240.708957279571,-1.09452789511353,0.153179408800562,-7.14539835141024,8.9735274622268e-13,1.42733594015318e-11,"Os04g0622600","Down"
36.1942123874667,-3.77273213867569,0.508852698950145,-7.41419303947785,1.22367575835798e-13,2.11403629334893e-12,"Os04g0688500","Down"
4.92626754432336,-5.85592971723952,1.48986289473674,-3.93051584674459,8.47638063426841e-05,0.000457220142509527,"Os04g0356600","Down"
74.1382683918356,-2.07757826686805,0.270004821454629,-7.69459691747454,1.41940922357198e-14,2.6322827706124e-13,"Os04g0116200","Down"
67.0594100287897,-1.06885797788971,0.288289227593232,-3.70758903068635,0.000209241863989989,0.0010303968580012,"Os04g0501500","Down"
25.4583806401763,-3.1165223579738,0.544784207484024,-5.72065473844558,1.06114335608097e-08,1.09207406307591e-07,"Os04g0200400","Down"
38.5955037035866,-1.11052977372776,0.402503927705862,-2.7590532595729,0.00579690864572811,0.0191454365771151,"Os04g0692800","Down"
75.4744434323759,-2.14227655924788,0.293752362898488,-7.2927977093011,3.03583752687484e-13,5.04741452660478e-12,"Os04g0453200","Down"
329.549425410553,-1.29575559264241,0.145344610203031,-8.91505774333413,4.87562126128723e-19,1.27437564593775e-17,"Os04g0614650","Down"
18.976847512745,-1.4910731040896,0.526806418090349,-2.83040041443435,0.00464897813202658,0.0159000786735813,"Os04g0598900","Down"
33.380549867725,-1.11510242834204,0.408477520905374,-2.72989912852601,0.00633537072332248,0.0206942272379629,"Os04g0432800","Down"
44.3221408273308,-1.45423487776691,0.335524261347788,-4.33421676252354,1.46279988078482e-05,9.27859405806834e-05,"Os04g0611400","Down"
91.6479428239607,-1.09392940794542,0.245277766599549,-4.45996154935403,8.19743582663781e-06,5.46901822630677e-05,"Os04g0691433","Down"
87.4358203875731,-1.86325623743756,0.258448135206908,-7.20940097302649,5.61985494939532e-13,9.12371514488226e-12,"Os04g0523812","Down"
15.0360812587785,-2.67858581805041,0.689232648880464,-3.8863304319685,0.000101770956928732,0.00054054696674024,"Os04g0679967","Down"
1178.97316562772,-1.62602012909911,0.0949481736487402,-17.1253439283051,9.60402069977753e-66,1.57913551982796e-63,"Os04g0546800","Down"
33.5509716941426,-2.09359832762273,0.483321647147273,-4.33168747971428,1.47970873826961e-05,9.37237241366244e-05,"Os04g0691466","Down"
114.132688695785,-1.02738436120138,0.212937529755712,-4.82481581513616,1.40132706041067e-06,1.06706867516086e-05,"Os04g0568950","Down"
115.205257593988,-1.74579046609238,0.227405896527619,-7.67697976503591,1.62883147977471e-14,3.01275232697898e-13,"Os04g0310400","Down"
176.412507940763,-2.19917664163339,0.203969870181992,-10.7818700853767,4.19273896068437e-27,1.7209702546751e-25,"Os04g0555600","Down"
4827.84795802429,-1.33321780151393,0.0515666943970043,-25.854242105373,2.18002150523391e-147,1.66630238350055e-144,"Os04g0531750","Down"
1082.18658588313,-1.00447782502288,0.0772423144511567,-13.0042429743357,1.15739350371892e-38,8.10204100957293e-37,"Os04g0409200","Down"
13.3256698523062,-3.2726068777893,0.758871211155503,-4.31246676600925,1.61443155484163e-05,0.000101281585631047,"Os04g0513700","Down"
242.095522690911,-1.0777004924318,0.146777221670358,-7.34242330088635,2.09760734604879e-13,3.54375348587849e-12,"Os04g0632100","Down"
20.8387667903777,-2.10991108997539,0.641013696277223,-3.29152263396086,0.000996465977811255,0.00412909220783591,"Os04g0111250","Down"
19.7491122689833,-3.90158414104882,0.672269934872914,-5.80359754119657,6.49069649355089e-09,6.88276668669339e-08,"Os04g0641101","Down"
25.3577741727213,-1.1376716922383,0.447097041780576,-2.54457441209516,0.0109410997211049,0.0330476600675603,"Os04g0603300","Down"
6.76496333535187,-2.657305379149,0.942252385900949,-2.82016306767764,0.00479992508013036,0.0163294455901801,"Os04g0203400","Down"
33.956296452668,-2.95307221194047,0.492355214306508,-5.99784896378101,1.99948356296048e-09,2.26461332174952e-08,"Os04g0490900","Down"
4931.27507098382,-1.42289270796792,0.0614503479981436,-23.1551611068322,1.28972947774135e-118,6.07913989333385e-116,"Os04g0444800","Down"
63.4620564430878,-1.04177135813376,0.28389561145372,-3.66955780964436,0.00024297038926949,0.00117883780733066,"Os04g0597534","Down"
75.1329782776195,-1.49046664150911,0.264579582299534,-5.63333961205566,1.7675289934387e-08,1.77068997951723e-07,"Os04g0421850","Down"
285.847013544833,-1.02726840190618,0.171847229278645,-5.97780020206494,2.26170882552362e-09,2.54631318848064e-08,"Os04g0224000","Down"
58.9667591273793,-1.37404035601306,0.305038838715239,-4.50447674728974,6.65366825448199e-06,4.50928329511155e-05,"Os04g0119200","Down"
25.1134197194658,-3.92708744300279,0.626393991885336,-6.26935681675833,3.62542492114488e-10,4.46951360919348e-09,"Os04g0437500","Down"
16.9051980316953,-4.08768219148326,1.40362581468127,-2.91223070189221,0.00358857485041823,0.012706709070324,"Os04g0295500","Down"
8.84748572747947,-5.71273692302002,1.3515420313248,-4.22682890403366,2.3700774208775e-05,0.000144426114069891,"Os04g0369066","Down"
35.2148453427601,-1.48924171128866,0.404158557281299,-3.68479569332025,0.000228886165230853,0.00111740542704881,"Os04g0226600","Down"
98.4410264100538,-1.63627257902912,0.268443643266739,-6.09540445479367,1.09161096935239e-09,1.27149299111429e-08,"Os04g0412300","Down"
25.2762347766945,-1.67044906584546,0.447140168441396,-3.7358510456982,0.000187081390523886,0.000931487465740495,"Os04g0111225","Down"
403.494779624551,-1.02429848941772,0.120150240788856,-8.52514720480466,1.52615605503393e-17,3.54652583339479e-16,"Os04g0634800","Down"
61.9990426303419,-1.12734393056213,0.339213268402244,-3.32340753023054,0.000889248991248084,0.00374238850022129,"Os04g0568850","Down"
1970.60799028682,-1.22295378826368,0.0919908166025273,-13.2943029905671,2.49790049557661e-40,1.83013274392234e-38,"Os04g0605300","Down"
185.848343041426,-1.91673395103821,0.186357738181255,-10.2852393989347,8.21377007332006e-25,3.00898486325861e-23,"Os04g0197100","Down"
25.240798737,-1.78650141423467,0.541500265170128,-3.29916997117884,0.000969711768056893,0.00403311821181674,"Os04g0469425","Down"
7.43510520076965,-2.80781819752534,0.926431537653415,-3.03078865885475,0.00243915911135852,0.00910050908025465,"Os04g0208450","Down"
9.86436009074737,-2.09905089913656,0.74894251812779,-2.80268625205546,0.00506789444433695,0.0170787801215793,"Os04g0481200","Down"
183.168391801122,-2.10346646620251,0.190048857306981,-11.0680300634738,1.79298674174949e-28,7.88570446219933e-27,"Os04g0675101","Down"
71.8328599758619,-1.81826610915973,0.290197438777694,-6.26561735630141,3.71351201518402e-10,4.56815281867853e-09,"Os04g0437700","Down"
1641.87533640067,-1.14695805613906,0.0779137712167399,-14.7208643379417,4.73568515230693e-49,4.69929515061025e-47,"Os04g0453400","Down"
37.2584094984597,-1.11014779901454,0.374395514041495,-2.96517387997204,0.00302511893603884,0.0109557419170335,"Os04g0577375","Down"
49.7199907462601,-1.73398429821617,0.332582943446176,-5.21368979493921,1.8512093779459e-07,1.60792544280369e-06,"Os04g0431700","Down"
39.416534630223,-2.95833271606664,0.448679602426077,-6.59341922403091,4.29810653506351e-11,5.83556173394773e-10,"Os04g0490866","Down"
206.641307051076,-1.00366095505522,0.158825263570986,-6.31927775524602,2.62788578935863e-10,3.27975454584517e-09,"Os04g0387000","Down"
28.5801824771864,-2.26834334866425,0.449454505278409,-5.04688087898719,4.49081145231391e-07,3.69092236800029e-06,"Os04g0324100","Down"
92.7198597302187,-1.14252413252973,0.254616449005753,-4.48723614279891,7.21530870612407e-06,4.85732314967615e-05,"Os04g0580350","Down"
32.7500186346463,-1.2030286467729,0.408612888820223,-2.94417694519223,0.00323814808066227,0.0116171591867576,"Os04g0225001","Down"
7.93007303821334,-6.54214836192535,1.39120992142913,-4.70248828818364,2.57009966287876e-06,1.8704320269139e-05,"Os04g0356800","Down"
13.7731819049756,-1.9999029018834,0.627133275182216,-3.18895995640213,0.00142785655262492,0.00567283920313148,"Os04g0219200","Down"
26.43763841149,-1.29096786994343,0.455652930675585,-2.83322630676235,0.00460807498558199,0.0157792673044248,"Os04g0166450","Down"
80.2006224660433,-1.63679152976903,0.293103591554458,-5.58434484234191,2.34582836764861e-08,2.30756076749462e-07,"Os04g0632000","Down"
106.271334607486,-1.40082730918567,0.236975813481396,-5.91126701331335,3.39486196582172e-09,3.74892976397517e-08,"Os04g0419900","Down"
16.1442612082989,-3.25928369826559,0.688769331897347,-4.73203951936605,2.22275123331007e-06,1.63489278619615e-05,"Os04g0399300","Down"
288.611552816091,-1.19978605779763,0.13930162148329,-8.61286498335237,7.12569972513434e-18,1.69917296734e-16,"Os04g0330200","Down"
191.204916382992,-1.03272047535808,0.16207820871546,-6.37174166436588,1.86893506728919e-10,2.37232282935393e-09,"Os04g0630400","Down"
40.0094946783547,-1.10814414620229,0.364396743618713,-3.04103745603665,0.00235764499667105,0.00882899339921265,"Os04g0452500","Down"
89.1424556316812,-1.1397164650782,0.253190110792802,-4.50142567381268,6.74991694502536e-06,4.5679445111812e-05,"Os06g0143950","Down"
38.5402721882839,-1.44290683292335,0.383915543772402,-3.75839649196061,0.000171005752899578,0.000859465736227648,"Os06g0505202","Down"
91.9579487346151,-1.3669833578695,0.30648395464887,-4.46021182229788,8.18786873312825e-06,5.46392438984427e-05,"Os06g0514700","Down"
117.523120193515,-2.09384788797802,0.227724914904235,-9.19463682249502,3.76263459093801e-20,1.05987120384779e-18,"Os06g0612951","Down"
43.408973550888,-2.00894867287271,0.398082854943717,-5.04655914698146,4.49837678708451e-07,3.69606606378667e-06,"Os06g0640599","Down"
165.731344033254,-1.73546574689807,0.23336232489502,-7.43678632649371,1.03164216285434e-13,1.79323122358227e-12,"Os06g0274300","Down"
1288.41699042801,-1.13316156532353,0.0720063149877499,-15.7369748127829,8.43824841554165e-56,1.02421503622289e-53,"Os06g0125500","Down"
21.7040909580566,-5.51871256927609,0.952936578920475,-5.79126952554169,6.98563699656878e-09,7.37717699402396e-08,"Os06g0590800","Down"
26.3651798736355,-1.03807249071877,0.437954811819198,-2.37027305718316,0.0177749524160571,0.0498703798887411,"Os06g0142650","Down"
114.420464943397,-1.18220281109782,0.237750488961548,-4.97245164988501,6.6111462715556e-07,5.28611330805383e-06,"Os06g0611200","Down"
1567.46651403042,-1.26650701099159,0.229280582669945,-5.52383021816878,3.31687998927415e-08,3.20261805997481e-07,"Os06g0131350","Down"
253.163375556796,-1.34639343838191,0.168450332508494,-7.99282149421709,1.31885021442064e-15,2.64715421675161e-14,"Os06g0288100","Down"
47.9866589018815,-1.47357384877341,0.330465476268714,-4.45908560679783,8.23100438185427e-06,5.48882421417638e-05,"Os06g0493700","Down"
179.981097260121,-1.02967983689787,0.174112167632786,-5.91388787410612,3.34125382164565e-09,3.69117184882659e-08,"Os06g0517500","Down"
16.2143326979749,-1.66507515773091,0.584564396269538,-2.84840330399315,0.00439392035139082,0.0151435897723716,"Os06g0600350","Down"
1118.18941662434,-1.96804857512476,0.090084547507434,-21.846683250114,8.35876360361743e-106,3.19451612802574e-103,"Os06g0594400","Down"
58.3820063973883,-1.86947794411021,0.3776165920812,-4.95073040569204,7.39354660735299e-07,5.8702103201165e-06,"Os06g0216350","Down"
209.322808308673,-1.57154016560845,0.186348705129024,-8.43333021563174,3.35964972000229e-17,7.63780174689589e-16,"Os06g0274500","Down"
63.0757309733063,-1.03523023228991,0.300349950439678,-3.44674680576591,0.000567380055320162,0.00251703142658972,"Os06g0146250","Down"
47.6173888289684,-2.33528743676073,0.347980459726733,-6.71097290518733,1.9333100886681e-11,2.7107557073685e-10,"Os06g0728902","Down"
165.203856125895,-1.44059749384088,0.192287015615062,-7.49191248942575,6.78771763989197e-14,1.19231951909183e-12,"Os06g0728550","Down"
224.576047946455,-1.32810607134618,0.175240969439335,-7.57874186381938,3.48921947064162e-14,6.28526215600099e-13,"Os06g0102800","Down"
22.5877262764667,-1.53197770246444,0.535198069668471,-2.86244997746988,0.00420379612352926,0.0145874304502492,"Os06g0175800","Down"
370.720989127903,-1.92287706778291,0.135070591141657,-14.2360898218493,5.47034209261492e-46,4.89578306079881e-44,"Os06g0301300","Down"
1072.91561672533,-1.96709412363438,0.0883783780422508,-22.2576400156832,9.51248881744509e-110,3.78905205980513e-107,"Os06g0594300","Down"
9.49857197289224,-2.05452263401062,0.753996232072958,-2.7248446963218,0.00643317394599869,0.0209749357121039,"Os06g0621550","Down"
99.3435506024941,-1.83402424198424,0.250494971204813,-7.32160104118291,2.45029721165283e-13,4.11990817138845e-12,"Os06g0220500","Down"
443.631211675598,-1.76541947739544,0.113917435478532,-15.4973597323312,3.61442719513491e-54,4.20656853932552e-52,"Os06g0694400","Down"
19.9480029854517,-1.45314625675696,0.554524244674986,-2.62052790425542,0.00877937448924385,0.0274262111930084,"Os06g0285920","Down"
249.53098280268,-1.63047563730152,0.172972053435581,-9.42623738873946,4.25063706024565e-21,1.25876719058437e-19,"Os06g0505302","Down"
38.6689174674617,-1.62673066120466,0.378054131063574,-4.30290407521326,1.68573847030317e-05,0.000105357723046727,"Os06g0494400","Down"
47.5253741766279,-1.44848342044692,0.401583893696675,-3.60692608240157,0.000309845879553123,0.00146558811166447,"Os06g0470350","Down"
54.9953593836535,-1.72265826203667,0.333839064997489,-5.16014583868315,2.4675754489409e-07,2.09944347988862e-06,"Os06g0699301","Down"
190.507096838123,-1.76959926607497,0.185068704549734,-9.56185039702064,1.1566980746188e-21,3.56346168282073e-20,"Os06g0228500","Down"
1380.8582349362,-1.73642979501835,0.0846025303772681,-20.5245609945127,1.29931616869429e-93,3.78824335740652e-91,"Os06g0699050","Down"
381.053025673019,-1.03546349351493,0.118737497259126,-8.72061073727366,2.76705176271912e-18,6.80478181751822e-17,"Os06g0142500","Down"
863.011192060022,-1.05990618626213,0.0869856080214955,-12.184845405693,3.74362538933847e-34,2.17846645341319e-32,"Os06g0731600","Down"
16.47044265457,-5.14679266354059,2.16045305393746,-2.38227470583564,0.0172060567453609,0.0485391013282345,"Os06g0178500","Down"
84.9664140116135,-1.35951060527123,0.292934487200714,-4.64100563324834,3.46717672125439e-06,2.46246169899034e-05,"Os06g0694300","Down"
19.5047972193509,-1.95725140401476,0.527858695663572,-3.70790785506394,0.000208978666376214,0.00102945926907955,"Os06g0575100","Down"
48.1173594247903,-1.2379451078921,0.326259311671412,-3.79435946686139,0.000148025092448157,0.000754831885958586,"Os06g0298200","Down"
151.944768158993,-2.53695939462943,0.21691499112451,-11.6956388374892,1.34173699964468e-31,6.87421450850565e-30,"Os06g0555101","Down"
20.4051034969932,-2.87890944217713,0.614774717959249,-4.682868956833,2.82887373338659e-06,2.0451307821654e-05,"Os06g0600400","Down"
32.8586726219827,-1.19642248183084,0.400350994447806,-2.98843389531487,0.00280411152249783,0.0102588561939036,"Os06g0154300","Down"
96.9050823919591,-2.35637069354871,0.250156654949404,-9.41958027870696,4.52894765077005e-21,1.33838211610687e-19,"Os06g0694200","Down"
30.7894231574891,-1.20186406560469,0.429793324429817,-2.79637676364363,0.00516791158055127,0.017374430267424,"Os06g0133100","Down"
49.7272301876895,-2.38309543605259,0.38305567971299,-6.22127685938024,4.93125111791944e-10,5.95102462953784e-09,"Os06g0671075","Down"
19.460132256946,-1.4701632093129,0.559040459167414,-2.62979751322906,0.00854357387521612,0.0268050602135553,"Os06g0492900","Down"
309.040043472441,-1.22417583605616,0.136728265440599,-8.95334868844658,3.44858423971441e-19,9.08941387542994e-18,"Os06g0125600","Down"
26.4902549466673,-1.13074149874563,0.440822258006934,-2.56507351479481,0.0103153946870889,0.0315110906400478,"Os06g0285900","Down"
75.4755459826429,-1.00812523627387,0.256009770439979,-3.93783891349656,8.22187580064366e-05,0.000444424444797407,"Os06g0559900","Down"
50.7634905705138,-1.12986914368713,0.326024463872616,-3.46559620178868,0.000529057214222125,0.00236782197743565,"Os06g0673800","Down"
134.609300891957,-1.7323760100278,0.215998977408956,-8.02029727551834,1.05489551688724e-15,2.13248749914854e-14,"Os06g0645901","Down"
1219.60992067076,-1.88441816354536,0.102706441301913,-18.3476142261222,3.44928975865336e-75,7.17274732827027e-73,"Os06g0699100","Down"
24.8612631593112,-1.85512100296043,0.506834403491817,-3.66021128435569,0.000252007363872618,0.00121850235214251,"Os06g0109300","Down"
5.01088172889331,-5.87643643780805,1.54172711666247,-3.81159309860836,0.000138074033002924,0.000708688153785064,"Os06g0562300","Down"
59.6375618668697,-1.50302336009192,0.30844991860492,-4.87282787069584,1.10012068267946e-06,8.53566886882247e-06,"Os06g0274550","Down"
11.3465746724027,-1.97823867422319,0.719581652178069,-2.74915107720625,0.00597498396925835,0.0196623832481493,"Os06g0294100","Down"
88.5565851277189,-1.04416753954274,0.259115091590031,-4.02974420800937,5.58375802180706e-05,0.000313695392560042,"Os06g0114400","Down"
352.169763879516,-1.46123722918407,0.129131706461789,-11.3158671036108,1.09514159524282e-29,5.06073520507553e-28,"Os06g0562700","Down"
19.303462359865,-1.53696394012039,0.537181158642173,-2.86116501927461,0.00422087290149827,0.0146371502220027,"Os06g0495100","Down"
13.0689796046435,-2.1318204470925,0.683243523839067,-3.12014731601706,0.00180760614213673,0.00698086976727691,"Os06g0595433","Down"
15.8982595318014,-1.72073092874556,0.566945266955944,-3.03509179639959,0.00240462486575093,0.00898351331945866,"Os06g0493001","Down"
392.09107998886,-1.51207970553917,0.132903886602008,-11.3772421875608,5.42894489551886e-30,2.55043173737822e-28,"Os06g0157700","Down"
26.8058995221956,-1.60518772433918,0.446720025359607,-3.59327460873735,0.000326548122649495,0.0015356015059279,"Os06g0601600","Down"
4.92403021013865,-3.93097475125021,1.3960496176476,-2.81578441164152,0.0048658306731169,0.0165178918816972,"Os06g0119200","Down"
2161.11194052834,-1.2671428893579,0.0817705536577593,-15.496322730813,3.67322495165555e-54,4.25747847777748e-52,"Os06g0131300","Down"
82.0252432828073,-2.75174706310615,0.286635777980602,-9.60015209019849,7.98265456284063e-22,2.5028542537882e-20,"Os06g0216300","Down"
10.3686733663058,-2.37352046865786,0.785677231760432,-3.02098670129414,0.00251952425675125,0.00935714583127803,"Os06g0698822","Down"
6.57687621932405,-2.60444785483926,0.987673664380183,-2.63695180783593,0.00836547153105657,0.0262960668510852,"Os06g0218000","Down"
4.82519667184617,-2.78733148427381,1.15710711412991,-2.40887939434176,0.0160015849182855,0.0456512481664514,"Os06g0286146","Down"
1127.78261809061,-1.12563112264698,0.0756880623978077,-14.8719769932911,5.01114011711705e-50,5.06143048757812e-48,"Os06g0558766","Down"
31.0436849888213,-2.94928743721305,0.48926781011977,-6.02796132549796,1.66040768389706e-09,1.90267381313991e-08,"Os06g0254600","Down"
92.4197472056248,-1.49804050859663,0.235635966698763,-6.35743570722259,2.05149489099851e-10,2.59010388447897e-09,"Os06g0166050","Down"
91.9743133111826,-1.45391195816617,0.252367999793452,-5.76107889810164,8.35779576108523e-09,8.7284646203564e-08,"Os06g0574450","Down"
91.0481383891004,-1.80907742495891,0.263479041835123,-6.86611508968132,6.59738554077085e-12,9.72280669507766e-11,"Os06g0693100","Down"
74.5534718097305,-1.34757920907571,0.271914726620524,-4.95588902382749,7.20003053516012e-07,5.72621101138536e-06,"Os06g0712250","Down"
66.9575316634688,-1.09115095233833,0.282941374992893,-3.85645596147165,0.000115042812229713,0.000602170233697671,"Os06g0664100","Down"
243.63877980902,-1.46496657491112,0.179661717769268,-8.15402743055435,3.5200097751845e-16,7.3959432728078e-15,"Os06g0717200","Down"
378.676976138575,-1.28064195140835,0.155539264785457,-8.233560530036,1.81729488060053e-16,3.90242342583626e-15,"Os06g0105350","Down"
43.1704317674994,-1.35218144230649,0.338911749853879,-3.98977445570854,6.61361534003888e-05,0.000365240490981526,"Os06g0234150","Down"
360.778750665272,-1.21995960989052,0.132569290348169,-9.20242996463599,3.49944940272562e-20,9.86719128200232e-19,"Os06g0651000","Down"
34.7894421981404,-1.33051477882833,0.378364162785393,-3.51649260076196,0.00043728884720541,0.00199791518383309,"Os06g0133000","Down"
86.3271960637127,-1.73591165535561,0.250397385317966,-6.93262692480305,4.13096615915876e-12,6.22417975211342e-11,"Os06g0113950","Down"
303.579002731096,-1.09539312030493,0.163710369159412,-6.69104300435788,2.21585528031642e-11,3.08702478732161e-10,"Os06g0105300","Down"
115.484829771384,-1.78223072496839,0.223182941439743,-7.9855149926392,1.39936853603855e-15,2.80280039431348e-14,"Os06g0120200","Down"
34.533490281116,-1.14878255942017,0.382925362312603,-3.00001690272568,0.00269964624642276,0.0099257274434584,"Os06g0151800","Down"
1116.06074085035,-1.02117027379021,0.0855576217367594,-11.9354682033134,7.73225853466209e-33,4.1972361539113e-31,"Os06g0605900","Down"
8.894315607042,-1.94407916223957,0.768747238843062,-2.52889254622279,0.0114423052471773,0.0343195802785346,"Os06g0224775","Down"
62.7563399847387,-1.4579447361012,0.287710000316755,-5.06741070694823,4.0326356840317e-07,3.34252549179662e-06,"Os06g0248500","Down"
275.98019313748,-2.30780461155778,0.149418416890261,-15.4452487155765,8.12137480799977e-54,9.26131455423555e-52,"Os06g0493600","Down"
237.361590729594,-1.10047562884412,0.148933637654125,-7.38903343917379,1.47899973722397e-13,2.53500554960188e-12,"Os06g0287500","Down"
531.344337904489,-1.7903711381584,0.110452863829889,-16.2093681963356,4.3299702583856e-59,5.8591334391102e-57,"Os06g0566201","Down"
31.7447182245271,-1.14737090158203,0.384969639333515,-2.98041919245486,0.00287854173214116,0.0105001984685521,"Os06g0129600","Down"
278.086713353876,-1.56559834896205,0.143738259276024,-10.8920085497599,1.2583397245692e-27,5.27216381489504e-26,"Os06g0683400","Down"
193.110514740751,-1.60833463871684,0.171650580080992,-9.36981767237817,7.26579311595135e-21,2.12716247528178e-19,"Os06g0133200","Down"
76.7356153485435,-4.57833653674757,0.395821116828855,-11.5666808618681,6.07890813458851e-31,3.01081612879681e-29,"Os06g0320200","Down"
55.3755633524573,-3.40321717063763,0.387377519786999,-8.78527275539609,1.55985580844067e-18,3.91431074698408e-17,"Os06g0192800","Down"
363.779780009053,-1.16266911504412,0.134254568433364,-8.66018287952114,4.71007997545008e-18,1.14241656763039e-16,"Os06g0554200","Down"
329.450401140095,-1.00461316371437,0.126583927362488,-7.93634061327191,2.08233662049217e-15,4.11822111637337e-14,"Os06g0206900","Down"
24.790403180925,-1.35543060509243,0.478698391182182,-2.83149187475875,0.00463314107168869,0.0158497475079748,"Os06g0153000","Down"
16.7113585737039,-1.73129158683168,0.591943509238024,-2.9247581227139,0.00344724052679223,0.0122723324947395,"Os06g0149200","Down"
547.393438053221,-1.83229372419073,0.111351381134309,-16.4550605975931,7.71446338539545e-61,1.12460174743489e-58,"Os06g0566300","Down"
12.8819937129482,-2.0478871468771,0.741234944064649,-2.76280437569129,0.00573071018118908,0.0189474768404067,"Os06g0584400","Down"
222.072280384887,-2.15230597026368,0.187034629643895,-11.507526570676,1.20896209337731e-30,5.90512210065696e-29,"Os06g0113150","Down"
138.337878968985,-1.22924721925984,0.217520770791449,-5.6511716779378,1.59357831491567e-08,1.60957101157607e-07,"Os06g0709000","Down"
81.7283408584699,-1.41279148540572,0.281137024056827,-5.02527722965491,5.02705805321258e-07,4.09948756640442e-06,"Os06g0711700","Down"
159.541857956101,-1.16406584394788,0.181843657903842,-6.4014651781996,1.53892914609174e-10,1.96578388349686e-09,"Os06g0235300","Down"
5.75208618715966,-3.48782057389112,1.21577081082593,-2.86881420645531,0.00412013741362027,0.0143371302180338,"Os06g0274600","Down"
38.4474755746513,-1.18411550562183,0.401794910475977,-2.94706447181994,0.00320806309561629,0.0115194556128903,"Os06g0320900","Down"
13.2492375071986,-7.28068522836321,2.54946016859844,-2.85577524137816,0.00429318930904437,0.0148466234836248,"Os06g0178550","Down"
7.40971550595853,-2.30058055324702,0.947016718477178,-2.4292924384127,0.015128324389845,0.0435597782599477,"Os06g0117500","Down"
96.2367901331191,-2.40247304147406,0.271240395856248,-8.85735708315114,8.19337541914619e-19,2.11420483785469e-17,"Os06g0183600","Down"
202.621135354448,-1.27519037546994,0.169201675382256,-7.53651151851223,4.82710350509431e-14,8.58586881934415e-13,"Os06g0268050","Down"
33.4907755333933,-1.55646808328259,0.410926583371827,-3.78770356132987,0.000152046102585847,0.000774080256927154,"Os06g0151700","Down"
24.4600378703112,-1.439668350994,0.481464765656349,-2.9901842329654,0.00278809230153532,0.0102031623162164,"Os06g0313440","Down"
1516.14924796598,-1.49319945667836,0.0915923018634879,-16.3026742018546,9.44668803134816e-60,1.32258309017108e-57,"Os06g0716100","Down"
120.393523412397,-2.36115337620252,0.219476817816617,-10.7580991910287,5.42781689459297e-27,2.22147741817632e-25,"Os06g0671000","Down"
24.0392817537435,-1.39187786551276,0.456168182625653,-3.05123837769936,0.0022789956130372,0.00856281053969778,"Os06g0486900","Down"
47.2687423033644,-1.11771683427187,0.326720944161304,-3.42101372515639,0.000623881836305733,0.00273890130589296,"Os06g0215900","Down"
15.608234760664,-2.4091708489535,0.619911977688235,-3.88631117910923,0.000101779024712414,0.00054054696674024,"Os06g0117101","Down"
77.1502288332595,-1.01281704266778,0.263217684626727,-3.8478305289558,0.000119168439786634,0.000621923352206276,"Os05g0414200","Down"
43.0477450713762,-1.66465636038782,0.35072861914526,-4.74628037040335,2.07191469708436e-06,1.52871952904364e-05,"Os05g0434600","Down"
183.596891311135,-2.1365957314417,0.181518655749715,-11.770667442512,5.52853640922168e-32,2.87942059280292e-30,"Os05g0593550","Down"
544.017456338929,-1.66294938761497,0.103879143440587,-16.0085011537093,1.11462686785146e-57,1.41994425449131e-55,"Os05g0472400","Down"
92.9382672712412,-1.82985133486752,0.252136579334976,-7.25738145450317,3.94655593345694e-13,6.50802031219217e-12,"Os05g0501200","Down"
2951.93514743773,-1.33362923412607,0.0546763392898046,-24.3913409611668,2.11318619474781e-131,1.21965344436046e-128,"Os05g0548900","Down"
55.9614825493907,-1.09845598148755,0.309298354214379,-3.55144463758187,0.000383122583522741,0.00177449881831095,"Os05g0307300","Down"
59.7096928079376,-2.10779999325153,0.303166105915303,-6.95262416254539,3.5855301425754e-12,5.4254883874893e-11,"Os05g0500500","Down"
325.021570232391,-1.35183175673823,0.149098033016022,-9.06673099163532,1.22641228099664e-19,3.32223809567682e-18,"Os05g0578100","Down"
297.230594347766,-1.84255058896137,0.147876413305837,-12.460070864382,1.23261041749525e-35,7.78112839669267e-34,"Os05g0424000","Down"
2903.45590063379,-1.36840348696326,0.0569372950038375,-24.0335176947031,1.24154403946368e-127,6.38401945092224e-125,"Os05g0408200","Down"
21.2653911392323,-2.39883033965792,0.518142150746009,-4.62967611533658,3.66238123208319e-06,2.59004260126393e-05,"Os05g0551700","Down"
181.207788013725,-1.56483038624869,0.183218232859221,-8.54080056241486,1.33295100504396e-17,3.12062809384505e-16,"Os05g0255800","Down"
488.889452232709,-1.08450235251904,0.118622562592465,-9.14246268852673,6.10460337629488e-20,1.68927874838548e-18,"Os05g0104650","Down"
30.7996279241102,-1.86858576460728,0.436875480320113,-4.2771587071861,1.89293852565857e-05,0.00011716829600383,"Os05g0408800","Down"
49.41865885023,-1.3994539902954,0.316140742220178,-4.42668028317824,9.5694406349752e-06,6.30553006984468e-05,"Os05g0381600","Down"
30.6333777147651,-1.78257260503849,0.421495638865757,-4.22916025853882,2.3456521502983e-05,0.000143061005957702,"Os05g0157600","Down"
729.434781863862,-1.00006501759359,0.101900591491498,-9.81412377451243,9.78846590616432e-23,3.21892563130504e-21,"Os05g0508750","Down"
653.139751170939,-1.37188090405778,0.107461604410288,-12.7662425252832,2.5307966892606e-37,1.68012819645491e-35,"Os05g0497300","Down"
87.1358318183804,-1.52804362475749,0.293103948518975,-5.21331641036752,1.85494102901855e-07,1.61067200619201e-06,"Os05g0137100","Down"
123.177496655694,-1.66681660390087,0.204898340497904,-8.13484677255314,4.12459697911115e-16,8.58967063079842e-15,"Os05g0130300","Down"
2123.96335896454,-1.3104642067387,0.0645398797882517,-20.3047202913639,1.16807217663442e-91,3.3034249227398e-89,"Os05g0113400","Down"
532.305311215554,-1.15230491461627,0.105042624493186,-10.9698793244738,5.33435416650565e-28,2.27886510850372e-26,"Os05g0495600","Down"
22.5629728003163,-1.36199075309083,0.473872926478664,-2.87416874226544,0.0040509246732573,0.0141332593985183,"Os05g0169450","Down"
507.80110107374,-1.74215600520762,0.119701110636688,-14.5542175502058,5.49106174252185e-48,5.26415990305968e-46,"Os05g0376400","Down"
2336.34119361079,-1.30104434988861,0.0600970134766839,-21.6490683084173,6.20213885482258e-104,2.30793011780576e-101,"Os05g0548950","Down"
326.374599626797,-1.04258397173177,0.174839085330568,-5.96310584535808,2.47487990580095e-09,2.77746343714114e-08,"Os05g0304501","Down"
18.3111992342888,-2.29886734762754,0.59391080227644,-3.87072829592602,0.000108510682263547,0.000572535560652124,"Os05g0551650","Down"
28.4687229870604,-1.09133886670007,0.421459235821833,-2.58942923524264,0.00961351795162352,0.0297039114159144,"Os05g0480300","Down"
995.027772205166,-1.09600222187003,0.0854353643369134,-12.8284373851086,1.13632913426143e-37,7.65155339191605e-36,"Os05g0582300","Down"
216.86604481938,-1.48896256670642,0.166949733041701,-8.91862801801846,4.72100193015962e-19,1.23510319691808e-17,"Os05g0463500","Down"
494.045845037127,-1.06081101928721,0.144682671536273,-7.33198390673384,2.2677033396582e-13,3.81516467274679e-12,"Os05g0268500","Down"
109.157821003781,-1.9721622383748,0.242453529772379,-8.13418653968995,4.14713554815484e-16,8.63025315948248e-15,"Os05g0447580","Down"
877.308561317609,-1.50229477493935,0.0887940777322174,-16.9188623082491,3.26680063280192e-64,5.13268826090395e-62,"Os05g0105000","Down"
11.3118297437857,-2.35923173267996,0.732930834705655,-3.21890091256349,0.00128682943950284,0.00517678853180368,"Os05g0120250","Down"
4.62435682773877,-3.79277871075317,1.4243300984221,-2.66285091844572,0.00774817332004419,0.0246070847461168,"Os05g0400100","Down"
19.0289952363645,-1.59590521723458,0.53299310691309,-2.99423237662022,0.00275136308583464,0.0100870235196382,"Os05g0336200","Down"
1266.72338803535,-1.00519655491089,0.0730554776341804,-13.7593591536604,4.47475751392056e-43,3.57487619353637e-41,"Os05g0590300","Down"
17.3096311048719,-1.60556696803522,0.553843381195076,-2.8989548716295,0.00374408779412119,0.0131945852841796,"Os05g0548500","Down"
90.0844395080429,-1.22073324893091,0.256991751023904,-4.75008728516489,2.03328866437933e-06,1.50257216402696e-05,"Os05g0307200","Down"
65.8643732669868,-1.27258315959218,0.290828539435816,-4.37571622805963,1.21034391961062e-05,7.80787782630198e-05,"Os05g0567600","Down"
844.089370246426,-1.26808148464965,0.0980821287518728,-12.9287720483476,3.09726055403226e-38,2.1521775363289e-36,"Os05g0176700","Down"
182.199520904114,-1.42643018834558,0.182431328868993,-7.81899796043213,5.32454731382361e-15,1.01952283400302e-13,"Os05g0476700","Down"
118.454019324141,-1.3006316431708,0.216248840428209,-6.01451383783299,1.80427355278854e-09,2.05918726175999e-08,"Os05g0486150","Down"
242.53276637939,-1.2111333304419,0.14959678188092,-8.09598518907955,5.68027350488484e-16,1.16746958569512e-14,"Os05g0374500","Down"
213.954028536918,-1.59488755915525,0.163640990775638,-9.74625948911504,1.91390624313961e-22,6.17890210756067e-21,"Os05g0424100","Down"
26.3873601610472,-1.06698139906863,0.447606184724075,-2.38375034904034,0.0171372236983827,0.0483642174846783,"Os05g0408850","Down"
30.6713753079924,-2.04867222171178,0.428597076605261,-4.77994912596805,1.75339557698083e-06,1.30907550983619e-05,"Os05g0552800","Down"
257.108454163843,-1.06765076444515,0.15735247428839,-6.7850904110246,1.16013835712416e-11,1.66886433763115e-10,"Os05g0508400","Down"
44.8404552532026,-1.05810340910076,0.343240357849477,-3.08268938923778,0.00205139150182664,0.00780301318939598,"Os05g0147300","Down"
578.213856706887,-1.0108284596474,0.117642344480954,-8.59238622034645,8.5181502592705e-18,2.01591470696593e-16,"Os05g0439400","Down"
61.5669283519358,-1.77211145355145,0.302417252157316,-5.859822615641,4.63361858913651e-09,5.00165524119732e-08,"Os05g0122650","Down"
380.303503462281,-1.25050125549077,0.127275380989458,-9.82516214659255,8.77327309131472e-23,2.8884393049531e-21,"Os05g0165900","Down"
63.0649352565943,-1.06515038833667,0.282079464477677,-3.77606498335141,0.000159325440763843,0.000806638523136815,"Os05g0534400","Down"
38.5853116769491,-2.08346705995679,0.382154909778617,-5.45189138395145,4.9836893827289e-08,4.68874648812229e-07,"Os05g0130600","Down"
12.1390817758022,-1.86136022253218,0.684557644843374,-2.7190700981187,0.00654657327495354,0.0213044330022073,"Os05g0527900","Down"
4.17414331547934,-3.6795855585398,1.42162634969305,-2.58829302040883,0.00964528932513006,0.0297793043017471,"Os05g0312600","Down"
22.9153584860337,-1.44789705538877,0.511589832647862,-2.83019122544875,0.00465201905027942,0.0159085551101514,"Os05g0411100","Down"
78.0790314257309,-1.26051953979209,0.300381225743064,-4.19639921461103,2.71192058097355e-05,0.000162801583422868,"Os05g0588225","Down"
70.030301952516,-1.22885969224712,0.265749473293174,-4.62412842072294,3.76176765695699e-06,2.65435506752497e-05,"Os05g0536250","Down"
381.419547837791,-1.05394480881266,0.130438577362798,-8.08000846161669,6.47622794036192e-16,1.32528366411994e-14,"Os05g0462400","Down"
22.8735195111513,-2.76681935450369,0.519297414297432,-5.3280052592732,9.92972495964498e-08,8.9150016375784e-07,"Os05g0278500","Down"
10.1329803296272,-1.86672558567519,0.745746745676855,-2.5031628987947,0.0123088875808202,0.036508405838823,"Os05g0439300","Down"
306.72933331106,-1.59820086303327,0.168011811350185,-9.51243159745576,1.86256973547492e-21,5.65185994516806e-20,"Os05g0395025","Down"
158.98109259266,-1.08309449189895,0.189845915323388,-5.70512402152022,1.16258407626938e-08,1.18997612236606e-07,"Os05g0447200","Down"
52.991964709897,-1.28573126422103,0.314881658712258,-4.08322056444688,4.44158297948613e-05,0.000254636951637639,"Os05g0588100","Down"
67.9588239203811,-1.59285141716434,0.304977352409662,-5.22285148250857,1.76188698674588e-07,1.53411101823153e-06,"Os05g0123400","Down"
4050.34895275121,-1.1483653213841,0.0557170622757155,-20.6106581086673,2.20217359232909e-94,6.62549695368714e-92,"Os05g0126400","Down"
18.9162739785476,-1.6304193827925,0.529796401789508,-3.07744517947911,0.00208783237296305,0.00793202409185491,"Os05g0576600","Down"
9.99495144977699,-2.79647204475236,0.847934391629296,-3.2979816273037,0.000973825061336776,0.00404772877126181,"Os05g0278550","Down"
1303.10142850212,-2.41471839193109,0.0819132217069344,-29.4789820448079,5.35454231433233e-191,6.58399179094055e-188,"Os05g0506000","Down"
7.06768045896392,-2.74620459113146,0.998242481303097,-2.75103959465498,0.00594064623663988,0.0195584885003973,"Os05g0549232","Down"
115.651078119346,-3.74277991914188,0.280643890208501,-13.3364026430835,1.42155566424092e-40,1.04968709504954e-38,"Os05g0439000","Down"
1445.47949528008,-1.36112886972704,0.186892128568266,-7.28296520647662,3.26561474259776e-13,5.41353168437323e-12,"Os05g0343400","Down"
18.7693058286985,-2.10607176635583,0.564780161877304,-3.72901158453466,0.000192232315575369,0.000954983162961889,"Os05g0214300","Down"
4.0183545974433,-3.62008323664753,1.43949691954967,-2.51482527505514,0.011909138830473,0.0354902376464286,"Os05g0359500","Down"
23.7579750081679,-1.62582869773972,0.497786127284001,-3.26611893869059,0.00109032443437631,0.00446890801863717,"Os05g0119350","Down"
138.703435742952,-1.87684267250608,0.200232981387309,-9.37329434692738,7.03032287145462e-21,2.06249544738183e-19,"Os05g0494800","Down"
52.1544801510116,-1.24911428993266,0.336000226407439,-3.71759954833473,0.000201124743860271,0.000995277144551588,"Os05g0421900","Down"
232.860394031515,-2.61153865319508,0.190335052456972,-13.7207446525671,7.62779461032756e-43,6.02574467527022e-41,"Os05g0163250","Down"
339.374625978177,-1.28274805373939,0.125558955313115,-10.2163007850815,1.67615711266173e-24,6.04635195193703e-23,"Os05g0198400","Down"
20.0049299753449,-1.50115630895286,0.51251422303399,-2.92900419439346,0.00340049833612922,0.0121288300471775,"Os05g0499400","Down"
317.669157135505,-1.09767096228188,0.127860966649819,-8.58487927193719,9.09318703428421e-18,2.14730246891544e-16,"Os05g0573400","Down"
4.86403673971068,-3.91410193925276,1.37485097464157,-2.84692814817488,0.00441433245728222,0.0152060580054079,"Os05g0593900","Down"
1393.85609840285,-1.89542465022814,0.0842616551525469,-22.494510068627,4.69740187702364e-112,2.04380342283239e-109,"Os05g0366600","Down"
110.481672225481,-1.86456155240569,0.222994843316978,-8.3614559183115,6.19489440990858e-17,1.38168618932669e-15,"Os05g0488600","Down"
30.2704372645294,-1.19433080555971,0.407871605770748,-2.92820286742638,0.00340927519506827,0.0121570686914293,"Os05g0220500","Down"
1192.91251534677,-1.7264852980734,0.111735571900107,-15.4515278233586,7.36761641048942e-54,8.43577164797779e-52,"Os05g0161500","Down"
14.795599896733,-1.5691265113536,0.645111840030391,-2.43233252590696,0.0150019274272938,0.0432619057378706,"Os05g0427400","Down"
272.346207712105,-1.37780745088381,0.161847193168369,-8.51301418276983,1.69469335738154e-17,3.93171639377419e-16,"Os05g0100500","Down"
668.503512631421,-1.4785302368291,0.100600567419129,-14.6970367539692,6.73427709037797e-49,6.61291980531179e-47,"Os05g0317900","Down"
15.7992808294716,-1.42308738415173,0.568782270971536,-2.50198970112229,0.0123497517342204,0.0366180885715545,"Os05g0143800","Down"
71.46227626927,-1.10473940787782,0.274085776606847,-4.03063384592364,5.56266416014828e-05,0.000312572432173959,"Os05g0171000","Down"
674.784450155121,-1.0728283490705,0.122372737170013,-8.7668901904189,1.83668760142528e-18,4.58863622402016e-17,"Os05g0410900","Down"
797.152435405768,-2.67097378556353,0.22555255180371,-11.8419133998004,2.36983823057605e-32,1.25508230335059e-30,"Os05g0475700","Down"
20.7466891998022,-1.78611321293092,0.530220917264769,-3.36862080459759,0.000755452831228288,0.00324251958111507,"Os05g0185525","Down"
60.2363292936964,-1.02417171773593,0.295345205710718,-3.46771065835101,0.000524912139515831,0.00235075854594572,"Os05g0518800","Down"
7.26112800791063,-2.51301289349136,0.894911377571512,-2.80811369312437,0.00498326302196594,0.0168377134437537,"Os05g0100016","Down"
79.1541532660472,-1.2880804833824,0.265460249470777,-4.85225372141526,1.22066319033639e-06,9.38851664016955e-06,"Os05g0137000","Down"
569.591550762936,-1.41149119855726,0.106790251587366,-13.2174161740082,6.96144756473022e-40,5.06109764982353e-38,"Os05g0586600","Down"
101.638953965037,-1.21220127766827,0.225245070986583,-5.38169946342786,7.37858820001136e-08,6.7707285166944e-07,"Os05g0388151","Down"
47.7757434263814,-1.2367257040215,0.33129432565995,-3.73301203260243,0.000189203552361881,0.000941225270773325,"Os05g0530400","Down"
736.139211532602,-2.99028880438117,0.121018398776678,-24.7093734060993,8.48088894357292e-135,5.21408739593882e-132,"Os05g0579600","Down"
24.0659779392804,-1.39184528867696,0.467689529500838,-2.97600267032377,0.00292032319147875,0.0106251975013779,"Os05g0545400","Down"
99.4658539118956,-2.15002814990452,0.289977743858923,-7.4144591970842,1.22122098980537e-13,2.11108501300035e-12,"Os05g0392050","Down"
1.95474055329266,-4.51986374706425,1.87162513132699,-2.41494072258992,0.0157377706847485,0.0450075733375845,"Os05g0485850","Down"
91.6168344209898,-1.07081678626497,0.234623605014143,-4.56397721022324,5.01935298923509e-06,3.46647916699775e-05,"Os05g0522250","Down"
7.57836697475996,-2.84858108795856,0.927724316699065,-3.07050385193534,0.00213697929753289,0.008100242797685,"Os05g0447620","Down"
15.2809493400132,-1.63254031870942,0.613651590318014,-2.66037006090603,0.00780548386112102,0.0247696239986943,"Os05g0163300","Down"
26.9506958318094,-4.18631520749139,0.631346832887016,-6.63076931636491,3.33941778239656e-11,4.57346606798824e-10,"Os05g0105050","Down"
61.7688431726411,-1.06433367243199,0.288807800115866,-3.68526636747691,0.000228463574894503,0.00111572757064263,"Os05g0317400","Down"
16.823821221766,-2.50951209046054,0.64848303939804,-3.86981915948028,0.000108916113074432,0.00057424391003205,"Os05g0342000","Down"
62.3643862706099,-1.63138497203179,0.309453787214857,-5.27182099374051,1.35076790291034e-07,1.19075235108947e-06,"Os05g0122600","Down"
15.7988729334832,-2.04445120450362,0.627643576531434,-3.25734426503961,0.00112459949195462,0.0045954050327942,"ENSRNA049468467","Down"
15.9694111489288,-2.13050372786387,0.661503459999466,-3.22069929591237,0.00127878245878619,0.00515174454657156,"Os07g0112100","Down"
75.5733091409323,-2.0419866818279,0.274737047848761,-7.4325130076814,1.06553619923092e-13,1.85100916771804e-12,"Os07g0155600","Down"
133.736677702285,-1.62325027391641,0.201982311528866,-8.03659618324756,9.23684482598859e-16,1.872596476873e-14,"Os07g0508101","Down"
526.138911906681,-1.30681512169067,0.111126304155854,-11.7597281005393,6.29366435969674e-32,3.26589214232263e-30,"Os07g0421932","Down"
621.302861573662,-1.0651959511237,0.0969421932769132,-10.9879497782869,4.36734018682663e-28,1.87424503526015e-26,"Os07g0517100","Down"
34.7293604962322,-2.30276412986141,0.412883661645173,-5.57727113900761,2.44320901302898e-08,2.39751540935019e-07,"Os07g0542400","Down"
25.7216078215753,-1.06263705297158,0.427260348827029,-2.48709494313915,0.012879102265915,0.0379885159764644,"Os07g0621100","Down"
42.7021320150018,-2.01667874221138,0.365620833504486,-5.51576539794371,3.47265251112589e-08,3.33934327327954e-07,"Os07g0203275","Down"
40.9639640768313,-2.00876361214205,0.377081582613147,-5.32713265448149,9.97752957727305e-08,8.95507819659978e-07,"Os07g0534600","Down"
13.7030988808931,-1.711831975692,0.648121267108484,-2.64122173205199,0.0082607635809673,0.0260100929451499,"Os07g0117300","Down"
461.413842237328,-1.13459732495356,0.121554656395097,-9.33405069457565,1.01900280422616e-20,2.96181072007401e-19,"Os07g0106200","Down"
109.597981814286,-1.1313719160663,0.234909366526478,-4.81620606617563,1.46313428030358e-06,1.11084296862458e-05,"Os07g0498400","Down"
360.982944003916,-1.30697183987389,0.124857350124183,-10.4677204711935,1.21534362132516e-25,4.66365440362239e-24,"Os07g0165200","Down"
1214.81955492945,-1.02679037946658,0.0730250195769885,-14.060802522402,6.61319892225643e-45,5.66751147637376e-43,"Os07g0187400","Down"
235.643065085794,-1.23372768467137,0.152436687498108,-8.09337768302452,5.80325684118561e-16,1.19101528828425e-14,"Os07g0510500","Down"
35.5632802075036,-1.1021243124505,0.420486987514219,-2.62106639486253,0.00876551888315593,0.0273859522243187,"Os07g0482887","Down"
7.44721886599839,-2.82316892377596,0.953680720539307,-2.96028729843617,0.00307352273876074,0.0111068613052508,"Os07g0683200","Down"
353.198355251147,-1.88828137165166,0.129851755994099,-14.5418239221769,6.58153785911077e-48,6.26708660584214e-46,"Os07g0283050","Down"
26.7108676298027,-1.98298165536189,0.458761428218292,-4.32246813570022,1.54293372543377e-05,9.73793989935113e-05,"Os07g0680700","Down"
22.808796954779,-1.87434963085824,0.51158656138624,-3.66379762943603,0.000248503151231792,0.00120382281945637,"Os07g0484800","Down"
124.758258299252,-1.78675436984117,0.215469942802876,-8.29236016215864,1.11023155510423e-16,2.4152660469156e-15,"Os07g0526700","Down"
257.487344558181,-1.13408256791386,0.176514105396112,-6.42488352627053,1.31970525455278e-10,1.69648110472759e-09,"Os07g0671000","Down"
25.9021459327474,-3.68177423766913,0.590815299409146,-6.2316839820349,4.61447627589723e-10,5.58895090186936e-09,"Os07g0687400","Down"
79.4878721759315,-1.30704211441604,0.321750772404239,-4.0622812018425,4.85954883440648e-05,0.000276136026895418,"Os07g0173300","Down"
23.7830199744668,-3.43343387560239,0.581309257988161,-5.90638086082625,3.49704986246006e-09,3.84974959751783e-08,"Os07g0542600","Down"
3.82037571409343,-4.47282528461543,1.56579383743837,-2.85658633829658,0.0042822352284567,0.0148105533197975,"Os07g0271500","Down"
137.942629986804,-1.9156764838637,0.201254399376804,-9.51868127999046,1.75390527123304e-21,5.33931054636615e-20,"Os07g0645200","Down"
12.2331355041284,-2.09144999590476,0.668579287015826,-3.12820040423307,0.00175880215117614,0.00682121960080934,"Os07g0440700","Down"
577.648296039202,-1.39480736223142,0.110862308666545,-12.5814388948615,2.67119629173211e-36,1.71691141651081e-34,"Os07g0136800","Down"
374.087827944297,-1.36204411898882,0.13417523041418,-10.1512336873533,3.27200703653745e-24,1.16104932246318e-22,"Os07g0162600","Down"
280.781064541808,-1.20577753076567,0.14709805959069,-8.19710018011675,2.46255214047715e-16,5.22456392234315e-15,"Os07g0231800","Down"
217.511562654292,-1.01871128888737,0.154296059182267,-6.60231566694767,4.04784436793616e-11,5.50876032567551e-10,"Os07g0162700","Down"
87.293421263217,-1.39861993901258,0.248713692002198,-5.62341352320972,1.87220505642057e-08,1.86764836686526e-07,"Os07g0534700","Down"
8.97930722578609,-2.64705252965541,0.863297833177099,-3.06621009335069,0.00216790926735362,0.00820209257391677,"Os07g0538700","Down"
53.6727814373775,-3.04169277355714,0.385620712431927,-7.88778370947614,3.07600275361317e-15,6.01191664650547e-14,"Os07g0540600","Down"
33.9624032291355,-1.70900178632172,0.442707243356873,-3.86034295116349,0.000113227995501573,0.000594100360070496,"Os07g0193701","Down"
14.6827613587789,-2.67050535683675,0.851635947038554,-3.13573583421773,0.00171423538118548,0.00666854068986335,"Os07g0523965","Down"
257.355713536363,-1.98751233813512,0.151037569608002,-13.15905932076,1.50953528233647e-39,1.08353216547609e-37,"Os07g0571200","Down"
54.4031825355951,-1.41516654033606,0.314696728617368,-4.49692167615991,6.89443709743492e-06,4.6579449486994e-05,"Os07g0503900","Down"
434.109585696768,-1.4338520727767,0.132639615975767,-10.8101343797517,3.08218234755843e-27,1.27437425396637e-25,"Os07g0283125","Down"
164.287321615331,-2.36793509733216,0.194096689705638,-12.1997706448436,3.11700677393961e-34,1.82509458744899e-32,"Os07g0679400","Down"
544.17831387462,-1.44436077533286,0.132104894775442,-10.933438747959,7.97671515064496e-28,3.38722944707793e-26,"Os07g0217600","Down"
137.837105346147,-1.35320846701892,0.230616986414759,-5.8677744777447,4.41683450185787e-09,4.7932654085588e-08,"Os07g0516801","Down"
283.895838868294,-1.36173333024837,0.147362078012162,-9.24073105250308,2.44818771852009e-20,6.95851224798659e-19,"Os07g0178800","Down"
407.570129196663,-2.36305049347798,0.164557073663937,-14.3600663336045,9.21389180607527e-47,8.46032708336411e-45,"Os07g0421866","Down"
588.076863689002,-1.07193762998001,0.127208514923629,-8.42661853747413,3.55797366002655e-17,8.06274463775727e-16,"Os07g0575550","Down"
479.362545523123,-1.5358096236222,0.123689121340399,-12.4166911930401,2.12155851740513e-35,1.3244988174555e-33,"Os07g0619600","Down"
29.6993088058181,-2.33013459150928,0.450185533388557,-5.17594284731964,2.26762871071517e-07,1.9410050716627e-06,"Os07g0235200","Down"
70.6313086156292,-1.92200583945328,0.285990887874517,-6.72051425742134,1.81084313301139e-11,2.55042104804259e-10,"Os07g0190000","Down"
40.8663501328824,-1.4829787213692,0.376885489029244,-3.93482573497047,8.32570830051665e-05,0.000449779095409573,"Os07g0538250","Down"
34.3094881713742,-1.02538375157863,0.419940655550701,-2.44173489283614,0.0146168759903431,0.0423328079757187,"Os07g0115600","Down"
4338.13249154452,-1.0651447368362,0.0705704722476194,-15.0933485764243,1.79116479538397e-51,1.89014670068112e-49,"Os07g0108350","Down"
37.964852553808,-1.15243878288162,0.394828892036692,-2.91883093189269,0.00351346722690168,0.0124782577726995,"Os07g0599150","Down"
539.855660847926,-1.17153577491036,0.105947272582822,-11.0577247186287,2.01135063862131e-28,8.79180949163051e-27,"Os07g0468100","Down"
6.01741708640315,-2.49081579193428,1.02184338814409,-2.4375709828276,0.014786310895706,0.0427316225670816,"Os07g0564150","Down"
39.5700081160593,-1.86171732479114,0.39378264157835,-4.72777905427484,2.26988986021871e-06,1.6643701098482e-05,"Os07g0211101","Down"
39.4631261336638,-2.43858609469359,0.417510008889191,-5.84078475431425,5.19554971373289e-09,5.58477162501254e-08,"Os07g0681350","Down"
56.4324954225779,-1.25448804660109,0.320436826977553,-3.91493093485465,9.04300895816806e-05,0.000485377370176411,"Os07g0536966","Down"
9.64472478067183,-3.0216131968928,0.888498323971511,-3.40080911282584,0.000671867263133202,0.00292168012076004,"Os07g0257800","Down"
60.3420717599282,-2.5111194784147,0.326212813307528,-7.69779535314395,1.38433841462036e-14,2.57061554194868e-13,"Os07g0669750","Down"
13.8098754216658,-2.43091269517877,0.656846135616536,-3.70088604220385,0.000214847953097173,0.00105577794439102,"Os07g0448100","Down"
72.107496923378,-1.57950868848994,0.295887934651587,-5.33819903927425,9.38743726260237e-08,8.46305748242454e-07,"Os07g0661550","Down"
18.4396783706808,-1.71000643114616,0.531711441930293,-3.2160421918668,0.0012997172215199,0.00522343367085465,"Os07g0529700","Down"
23.4029213987954,-3.70122057733627,0.641430165507897,-5.77026272907756,7.91480351709953e-09,8.29338859826202e-08,"Os07g0542067","Down"
28.4393200883873,-3.38251534101552,0.555990260666506,-6.083767253334,1.17390981915525e-09,1.36286303758332e-08,"Os07g0645300","Down"
12.0502842556536,-2.57809295402168,0.778136550814168,-3.31316264648436,0.00092247317964059,0.00386381279523334,"Os07g0448150","Down"
76.9919289246663,-1.21797612026014,0.254683460892478,-4.78231337045612,1.73289250340156e-06,1.29604263798943e-05,"Os07g0191650","Down"
20.9941867623662,-3.64821709673187,0.647296157427444,-5.63608644183987,1.73958084222183e-08,1.74643542062036e-07,"Os07g0541900","Down"
72.8007700747575,-1.3252009039635,0.288470146679243,-4.59389271028111,4.35053119046757e-06,3.03646033064199e-05,"Os07g0287000","Down"
55.7776771434194,-1.05713109712379,0.307935239562255,-3.43296564117362,0.000597017749478455,0.00263528312361483,"Os07g0532500","Down"
32.6489547723062,-1.78338759745615,0.414332276721444,-4.30424492044853,1.67556219680181e-05,0.000104814365157602,"Os07g0669000","Down"
31.8606366279025,-2.04436327898663,0.419698518011426,-4.87102811006584,1.11019042154845e-06,8.6067147236326e-06,"Os07g0482900","Down"
52.3880471545554,-1.23707481922425,0.319448798623336,-3.87252925838326,0.000107711740846816,0.000568744537507246,"Os07g0597200","Down"
57.5893444637306,-2.02261669494693,0.324493806040839,-6.23314423047068,4.57164893407045e-10,5.54658101692177e-09,"Os07g0561300","Down"
28.4918033346347,-2.44373437832735,0.511385089372114,-4.77865786295765,1.76469182451412e-06,1.31646661801857e-05,"Os07g0564750","Down"
97.1468531683458,-1.10794524570923,0.246855802090566,-4.48822849747215,7.18178762259374e-06,4.83936468321595e-05,"Os07g0232900","Down"
40.0914319954215,-1.08249948864575,0.384782192995107,-2.81327854654519,0.00490391512213852,0.0166152657924044,"Os07g0527750","Down"
69.8862592286756,-1.07654610166359,0.275886583896656,-3.90213284915242,9.53487990161265e-05,0.000509265228512762,"Os07g0481300","Down"
12.9951129903201,-1.50129182639179,0.609329931368676,-2.4638406044154,0.0137457224837461,0.040180132047837,"Os07g0691700","Down"
3.79166848979563,-4.4577655793587,1.61773509820007,-2.75555966135526,0.00585918177610923,0.0193172674061722,"Os07g0448300","Down"
638.511996170234,-1.53772749109011,0.111979353340425,-13.7322412142827,6.50884750659979e-43,5.18525961504644e-41,"Os07g0619400","Down"
52.2268721467978,-1.39660079172647,0.315570875695688,-4.42563271609779,9.61600147221016e-06,6.33325891093562e-05,"Os07g0119000","Down"
4419.46379169869,-3.1463361563263,0.078453768491923,-40.1043342698092,0,0,"Os07g0509800","Down"
27.4170644142104,-1.7326548449406,0.449211483315265,-3.85710274401999,0.000114738941972113,0.000601024637509415,"Os07g0233000","Down"
37.7429036150561,-1.89404443210994,0.391897229888245,-4.83301306480287,1.34481957873742e-06,1.02735933296253e-05,"Os07g0123800","Down"
9.22851834483219,-2.69607703441773,0.807064851663023,-3.34059528036966,0.000835989900021526,0.00354568541729286,"Os07g0526400","Down"
10.4847407741074,-2.5255112559001,0.770575017224811,-3.27743723770802,0.0010475401608641,0.00431732487458434,"Os07g0538400","Down"
46.9353892909372,-1.46652797681351,0.323750843911064,-4.52980433686953,5.9038335772878e-06,4.03493609732811e-05,"Os07g0260000","Down"
34.1131948383472,-1.58504622019629,0.393199058635649,-4.03115466678939,5.55035023303317e-05,0.000312004482091853,"Os07g0631200","Down"
26.7941664763203,-1.10693743408488,0.460900419265644,-2.40168458915392,0.0163197730387995,0.0463905418946918,"Os07g0637050","Down"
13.9619029677002,-3.0005657667267,0.692659059835386,-4.33195195258083,1.47793198708298e-05,9.36321561977907e-05,"Os07g0124300","Down"
9.94999911305204,-3.30407650488881,0.928480470367585,-3.55858481716985,0.000372858387543162,0.00173320316536952,"Os07g0689600","Down"
153.683623007196,-1.74678426638045,0.190613443116243,-9.16401402662458,5.00019652493003e-20,1.39320746720735e-18,"Os07g0111900","Down"
123.579624502285,-1.18605531922978,0.21882394589381,-5.42013496002553,5.95540592818192e-08,5.53482862487391e-07,"Os07g0489200","Down"
38.1605966981699,-2.59959168877695,0.401669076871959,-6.4719736680293,9.67309821096653e-11,1.26416307996462e-09,"Os07g0681300","Down"
3596.42018951471,-1.90974123929717,0.0759987754513229,-25.1285790850717,2.42349303506662e-139,1.55770014828907e-136,"Os07g0232800","Down"
255.321709816453,-1.02654663218778,0.166406758565051,-6.1688998754608,6.87667530023519e-10,8.18171031409134e-09,"Os07g0600300","Down"
1856.70007569297,-1.47765768085486,0.0684202315268342,-21.5967945135545,1.92519850607548e-103,7.07097908445722e-101,"Os07g0232850","Down"
18.3743747087471,-1.74855036880064,0.586433910355118,-2.98166654063678,0.00286684071240555,0.0104588650912721,"Os07g0578333","Down"
65.3851596120871,-1.64040178966525,0.367779160583784,-4.4602902107379,8.18487440213013e-06,5.46321531665429e-05,"Os07g0293000","Down"
19.0825904904175,-1.32811638101775,0.524384717827265,-2.53271374215607,0.0113183341585063,0.0339946695344855,"Os07g0646400","Down"
331.098936427889,-1.64198055481423,0.133087540114521,-12.33759789535,5.68260417034767e-35,3.50130127541617e-33,"Os07g0648266","Down"
109.118923079232,-1.62751670616054,0.304055086887614,-5.35270342890894,8.66498021341184e-08,7.86438720845636e-07,"Os07g0659300","Down"
2791.26801886167,-1.28405381575982,0.0757706161041967,-16.9465933072794,2.03933374947843e-64,3.22203339491617e-62,"Os07g0559700","Down"
126.70810010247,-1.04546547933235,0.208108290173407,-5.02366089530222,5.06957161380348e-07,4.13177391383217e-06,"Os07g0481100","Down"
242.828095089341,-1.29365159378891,0.169367654918923,-7.6381266210965,2.20405054611864e-14,4.03448242684668e-13,"Os07g0225300","Down"
16.506025762943,-2.11436210883292,0.570847571810743,-3.70389962792714,0.0002123102915091,0.00104441596002242,"Os07g0690900","Down"
456.801409348971,-1.19025983543741,0.117327453924857,-10.1447683012001,3.49607045872724e-24,1.23745142231871e-22,"Os07g0248900","Down"
103.124725948383,-2.70927907828216,0.268706688378678,-10.0826633480149,6.59147769342269e-24,2.30140223021836e-22,"Os07g0617000","Down"
105.527208124359,-2.55473567397326,0.258985010818264,-9.86441518720162,5.937945489966e-23,1.9710215540109e-21,"Os07g0480900","Down"
7646.82111899738,-2.09566518500281,0.0570874497469211,-36.7097355774915,5.10737368274233e-295,2.06345193030909e-291,"Os07g0683900","Down"
44.9130595665867,-2.98268923540985,0.403226090584132,-7.39706409148523,1.39228361924331e-13,2.39508351799392e-12,"Os07g0178700","Down"
808.015506427122,-1.12870089972086,0.0858164320053971,-13.1525032367913,1.64632411491065e-39,1.17574980539869e-37,"Os07g0438500","Down"
175.21837126803,-1.15800710501432,0.175422320703868,-6.60125290993706,4.07697339770985e-11,5.54331176253040e-10,"Os07g0136866","Down"
513.603541812431,-1.50081716781391,0.132535417807359,-11.323895096444,9.9930944610741e-30,4.62544524474037e-28,"Os07g0479350","Down"
48.4164932024333,-1.67048471574575,0.34982005633747,-4.7752685573129,1.79467588637883e-06,1.33671921892757e-05,"Os11g0109950","Down"
162.964503788675,-1.11167148858786,0.182655120407311,-6.08617752466448,1.15638219702686e-09,1.34306549955304e-08,"Os11g0442380","Down"
12.5454226025474,-2.27340128321122,0.682046255802079,-3.33320689597178,0.000858510751963333,0.00362489438284189,"Os11g0598900","Down"
29.6017261296354,-2.16690649968828,0.431026640222818,-5.0273145496717,4.97396115373617e-07,4.06321765998881e-06,"Os11g0661800","Down"
21.249306408638,-1.15053346394324,0.478579360559892,-2.40405992978308,0.0162141149449697,0.046145857377346,"Os11g0261600","Down"
987.25836647891,-1.13499410747764,0.103049093130545,-11.0141105855227,3.26747682813196e-28,1.41295890177981e-26,"Os11g0629600","Down"
2810.2127241513,-1.40609095218267,0.0812029757897101,-17.3157564548373,3.57789418172259e-67,6.13251062747251e-65,"Os11g0599200","Down"
15.9829357981415,-1.96036385847549,0.594813470744022,-3.29576237744477,0.000981549990778779,0.00407528615562371,"Os11g0578033","Down"
1337.41372922494,-1.00496098648196,0.0838929968307933,-11.9790807867896,4.57366712129401e-33,2.5263257784632e-31,"Os11g0537375","Down"
9.70654254680863,-2.38857777972359,0.782853129052506,-3.05111864675626,0.00227990463191273,0.0085650880572694,"Os11g0244600","Down"
28.696839093517,-1.21315879930195,0.443012329795597,-2.73843123025874,0.00617330698922017,0.0202232474182944,"Os11g0638200","Down"
60.7981329122673,-2.1920708304461,0.326296884598571,-6.7180256199593,1.84203312161491e-11,2.5879055495475e-10,"Os11g0649700","Down"
51.1968865483857,-2.64036685322053,0.356284610480729,-7.4108360999874,1.25505616655876e-13,2.16560362699502e-12,"Os11g0514400","Down"
26605.7308248219,-1.40737236338547,0.0633026373540376,-22.2324443690134,1.6680024733536e-109,6.55177471512684e-107,"Os11g0171350","Down"
198.216405984375,-2.37655371406703,0.219007987840203,-10.8514476458322,1.96291485930953e-27,8.19988111316585e-26,"Os11g0102301","Down"
53.0768968988279,-1.08797245125107,0.365189297846685,-2.97920135575228,0.00289000795841469,0.0105338722866253,"Os11g0630300","Down"
48.3149216565735,-1.37770742724493,0.387723874968626,-3.55332110346935,0.000380399829810767,0.00176391008146881,"Os11g0631800","Down"
287.573115933774,-2.89396454491871,0.177675605132824,-16.287911572077,1.20266476969855e-59,1.65914938301681e-57,"Os11g0540700","Down"
836.080777779369,-1.35004794536575,0.0870961219424486,-15.5006665653591,3.43311882018952e-54,4.01206749395784e-52,"Os11g0210600","Down"
123.023284330029,-1.71380472317852,0.220297989320127,-7.77948418171031,7.282084992556e-15,1.38217883003004e-13,"Os11g0104833","Down"
9.24696247152876,-1.84102332824906,0.761028687452176,-2.41912474339511,0.015557903891155,0.044587867850198,"Os11g0201000","Down"
234.238436947017,-1.27791984832446,0.1489722394577,-8.57824150980368,9.63345172385491e-18,2.26847334056903e-16,"Os11g0184900","Down"
1529.897803904,-1.48688682747984,0.0899050549517227,-16.5384118643637,1.94071591295075e-61,2.90398871609312e-59,"Os11g0158832","Down"
298.894087256093,-1.17148053464502,0.15120410819324,-7.74767662494899,9.35891066125537e-15,1.76452901607309e-13,"Os11g0617700","Down"
81.1858455026558,-2.44055297628525,0.29731012603248,-8.20877851976904,2.23449969605927e-16,4.76934987956621e-15,"Os11g0214900","Down"
170.230563494708,-1.20635620968002,0.176290842460454,-6.84298851172961,7.75578739068216e-12,1.13472024415873e-10,"Os11g0629566","Down"
30.0374941260571,-1.22745111957182,0.451012710988487,-2.72154440366351,0.00649776550317151,0.021161136134868,"Os11g0149100","Down"
16.1959214603243,-1.38531604323196,0.543856464869177,-2.54720892867421,0.0108588398811984,0.0328764426378516,"Os11g0284300","Down"
23.3126638595237,-1.19438944701611,0.461569104758094,-2.58767199689867,0.00966269421069046,0.029823777254586,"Os11g0483975","Down"
271.313763327715,-1.16602103335835,0.198213368240316,-5.88265586579736,4.03734824008222e-09,4.41191057101102e-08,"Os11g0177400","Down"
20.5515364569418,-1.43788983421688,0.509500977415417,-2.82215324004082,0.00477023777077994,0.0162519087333366,"Os11g0695900","Down"
370.195390623208,-1.11820337450269,0.127047827976571,-8.8014363748816,1.35076016468879e-18,3.41689161158889e-17,"Os11g0106550","Down"
6.50391043655273,-6.25039624519841,1.42836597217233,-4.375906712264,1.20928728905509e-05,7.80628000811081e-05,"Os11g0565300","Down"
29.9190769956359,-1.13729065629371,0.424048392081233,-2.68198318289072,0.00731871388157096,0.0234151020313512,"Os11g0200000","Down"
6.00215109492467,-2.44661335298816,1.02216738990917,-2.39355449718033,0.0166860022889287,0.0472795141502046,"Os11g0517200","Down"
89.8111196515173,-1.0695678602214,0.247458518445878,-4.32221071611776,1.544735509273e-05,9.74496206507912e-05,"Os11g0140300","Down"
1149.44009300824,-1.55909881211744,0.0807525502380862,-19.3071154721515,4.67990978797114e-83,1.13121819413344e-80,"Os11g0437600","Down"
453.271882241136,-1.41572819932122,0.115111419069281,-12.2987641953155,9.19704708613781e-35,5.59358470200136e-33,"Os11g0106400","Down"
321.85551715166,-1.36066651512736,0.150413675862625,-9.04616224105892,1.48081372115796e-19,3.9884659855303e-18,"Os11g0531700","Down"
37.9735066866595,-1.39108529168221,0.367894235401061,-3.78120980929672,0.000156068071735949,0.000791990155529228,"Os11g0592200","Down"
29.8277176901309,-2.55464314889841,0.459589320945315,-5.55853461443326,2.72049010707416e-08,2.6457421154802e-07,"Os11g0569600","Down"
97.7337332772367,-1.46606900911929,0.266891368346857,-5.49313010083549,3.94871673553142e-08,3.77275871613393e-07,"Os11g0177750","Down"
124.805724814187,-1.55039355174209,0.216436800246696,-7.16326220852897,7.87794582626813e-13,1.26158655669699e-11,"Os11g0517800","Down"
284.028194877461,-1.16543362736019,0.150830051323675,-7.72679991243399,1.10283782740309e-14,2.06142475854506e-13,"Os11g0492300","Down"
1064.07359991786,-1.05310611377691,0.084620024144825,-12.4451171506941,1.48666086788477e-35,9.32245144227252e-34,"Os11g0143300","Down"
128.848729808426,-2.0003744689707,0.212235269569569,-9.42526882090632,4.29005225825465e-21,1.26911054305125e-19,"Os11g0444000","Down"
8.0681266715917,-2.2660575895276,0.861600338114732,-2.63005652305796,0.00853706727802976,0.0267876178508776,"Os11g0182200","Down"
224.621722592466,-1.21098318149727,0.175273914243436,-6.90908961966436,4.8777375333007e-12,7.26803451945611e-11,"Os11g0163800","Down"
9.21727743719646,-2.11640912153878,0.82961252153882,-2.55108145862254,0.0107389222884735,0.0325866374721372,"Os11g0570000","Down"
28.2288960411603,-1.25900804050361,0.430005411035949,-2.92788883160904,0.00341272042097443,0.0121678197460386,"Os11g0155500","Down"
10.2037093985217,-3.10811192562486,0.885574969257382,-3.50971067783368,0.000448594521816637,0.00204426388519115,"Os11g0701500","Down"
123.178335700982,-1.34576194013377,0.218324126183951,-6.16405508477741,7.09052588588472e-10,8.42551103271872e-09,"Os11g0629550","Down"
58.793876146268,-1.09542574841558,0.298088665115758,-3.6748319430066,0.000238006025400881,0.00115693509872161,"Os11g0211600","Down"
36.5017437372971,-1.50070785254769,0.387525281840366,-3.8725418001654,0.000107706196582954,0.000568744537507246,"Os11g0673000","Down"
17.6622392016259,-1.48228119612129,0.528352072068909,-2.8054800472666,0.00502416918441375,0.016959719348819,"Os11g0175700","Down"
27.6792789125892,-1.34920734733575,0.444832243930931,-3.0330700297554,0.00242079415205947,0.00903675810644059,"Os11g0565920","Down"
28.0175684008763,-1.31614202300776,0.416903273146946,-3.15694816467382,0.00159429684450398,0.0062457832192017,"Os11g0569400","Down"
278.357661756004,-1.00824151167731,0.138213168909285,-7.29482957111754,2.99037367025644e-13,4.97767850315023e-12,"Os11g0200950","Down"
3.08976084513904,-4.14068529762518,1.66970019568491,-2.4798974740053,0.013142016487899,0.0386288953529346,"Os11g0532900","Down"
238.986111547086,-1.5837187694402,0.163379267745322,-9.69351124714873,3.21288981495471e-22,1.02670889103654e-20,"Os11g0236200","Down"
1166.82049367586,-1.1839230873687,0.0805970806159585,-14.6894041114224,7.53737011247566e-49,7.37592955539529e-47,"Os11g0208900","Down"
2.15721064456448,-4.65956317149566,1.82745165013033,-2.5497600284874,0.0107797089835876,0.0326788455102198,"Os11g0474800","Down"
25.9787636055593,-1.16826955212775,0.478437841104782,-2.44184186900861,0.0146125456353479,0.0423246008923879,"Os11g0540500","Down"
59.1406506866886,-1.03297433562853,0.294529526151638,-3.50720129531839,0.000452846447157642,0.00206164687251534,"Os11g0490251","Down"
75.1872117361154,-1.04781399699785,0.275189213712762,-3.80761288882325,0.000140314691711528,0.000719274931356485,"Os11g0685100","Down"
40.6558810589708,-1.42937165151422,0.370735176689321,-3.85550587424306,0.000115490557209354,0.000604290184724834,"Os11g0568800","Down"
97.1784340633234,-1.51515769240548,0.238051191184038,-6.36483978454074,1.9549368928485e-10,2.47482409429939e-09,"Os11g0201124","Down"
121.352820542097,-3.12483564494154,0.253613323247144,-12.3212598018615,6.95984505894349e-35,4.26966113041173e-33,"Os11g0153500","Down"
1.94999895187589,-4.51709211694932,1.85870996528311,-2.43022967612987,0.0150892574578762,0.0434782771437797,"Os11g0236932","Down"
58.3377144347345,-1.21151974098777,0.315736870981331,-3.8371183486499,0.000124486487535706,0.000645271692448184,"Os11g0490200","Down"
140.337923213931,-1.32739835067601,0.217513720537126,-6.10259595301916,1.04359420207052e-09,1.22008630131279e-08,"Os11g0137300","Down"
2.33014035415137,-4.77129880712078,1.76749401280534,-2.69947098691885,0.00694498110512857,0.0224060016694206,"Os11g0703500","Down"
18.0138838518092,-2.26371112327594,0.57828917502327,-3.91449679684018,9.05929403422936e-05,0.00048597476210554,"Os11g0214400","Down"
30.4258985101876,-2.70981504060285,0.455057646707309,-5.95488299166147,2.60257965258438e-09,2.91730301842009e-08,"Os11g0633500","Down"
13.0341612453833,-3.25249109923447,0.750111333054884,-4.33601114382375,1.4509159124995e-05,9.21476598279772e-05,"Os11g0514500","Down"
138.510202436823,-1.99159321260906,0.230868875120586,-8.62651239396744,6.32511501513285e-18,1.51722288161978e-16,"Os11g0569300","Down"
30.951222813953,-1.01224489047725,0.408306289981265,-2.47913126815581,0.0131702826069783,0.0386952337663504,"Os11g0197433","Down"
21.9823296740834,-2.98331549741028,0.554669441760939,-5.37854670331033,7.50895044381741e-08,6.87919104313574e-07,"Os11g0598500","Down"
188.42894167862,-1.61354055746727,0.201045188962774,-8.02576060532362,1.00898814922789e-15,2.04114405209686e-14,"Os11g0488900","Down"
46.9415267218674,-2.04968983557018,0.364261499516408,-5.62697358433801,1.83398799575782e-08,1.83405284681849e-07,"Os11g0532751","Down"
70.3488352308348,-1.40302990286259,0.29076244042824,-4.8253478021308,1.39759158161509e-06,1.06458112597232e-05,"Os11g0442500","Down"
315.007978405266,-1.25175315306772,0.144415791590573,-8.66770274414663,4.40926047000766e-18,1.07129119718459e-16,"Os11g0531800","Down"
28.7603384377064,-1.22176937287825,0.499655773011824,-2.44522216868159,0.0144762936103763,0.0419600348052734,"Os11g0155425","Down"
18.5739169423634,-4.25211050319111,0.798483115564623,-5.3252353372361,1.0082241860545e-07,9.04618915158866e-07,"Os11g0637100","Down"
155.082811634776,-1.29095507701302,0.209356007244308,-6.16631494842441,6.98997953878273e-10,8.31301982070288e-09,"Os11g0473200","Down"
24.7305532095879,-1.85467803195191,0.484604928090279,-3.82719597850725,0.000129611318907354,0.000669303632975764,"Os11g0156401","Down"
926.340367605108,-1.90961892874752,0.112391095237355,-16.9908383285586,9.60071349525659e-65,1.53399874779295e-62,"Os11g0118350","Down"
32.6049666816764,-1.26670538537912,0.39965898396086,-3.1694655599264,0.00152719555974436,0.00601624427150442,"Os11g0462950","Down"
593.207889498005,-2.68368905649745,0.126462358358143,-21.2212478981074,6.07891050993e-100,2.09655692843086e-97,"Os11g0540600","Down"
1398.02876567905,-1.94996167428834,0.214738047984555,-9.08065288191772,1.07925500771701e-19,2.93484719935046e-18,"Os11g0118300","Down"
1791.65907574623,-1.23998152569599,0.18061228655474,-6.86543285259931,6.62899405407664e-12,9.76430108559070e-11,"Os11g0102200","Down"
54.1171487009066,-1.356522733361,0.307512657122457,-4.41127446933284,1.02763955189404e-05,6.73682757698548e-05,"Os11g0443700","Down"
48.93269848771,-1.02768125740857,0.338165008235114,-3.03899348655867,0.00237369986406278,0.00888441051555842,"Os11g0213500","Down"
60.4898089212048,-1.0838143846896,0.330404387438362,-3.28026632180175,0.00103709137591527,0.00427800192565048,"Os11g0703100","Down"
85.6660920747057,-1.09275042044012,0.259983421713412,-4.20315423667551,2.63221100644519e-05,0.000158669721803644,"Os11g0203400","Down"
46.5690032939951,-1.22690762054371,0.33586454275511,-3.65298346315253,0.000259210930819197,0.00124842376268694,"Os11g0661900","Down"
70.7351256470378,-1.85115671945916,0.350197366320388,-5.28603838146966,1.24993679205499e-07,1.10743929875023e-06,"Os11g0629400","Down"
65.0337943533318,-1.8838146798295,0.291296551253465,-6.46699959791266,9.99679154930065e-11,1.30105504742647e-09,"Os08g0103900","Down"
2.51072785245557,-4.87916338924519,1.76576818116877,-2.76319589472704,0.00572384022346168,0.0189360059396496,"Os08g0468901","Down"
13.5813435263284,-2.08006466337699,0.665360224161528,-3.12622334164661,0.00177067020820942,0.00685977043265353,"Os08g0474800","Down"
106.58940839637,-2.12810029186869,0.260089549995945,-8.18218299005811,2.78747319336103e-16,5.89622508462553e-15,"Os08g0116700","Down"
288.828012856642,-1.12949810461124,0.161528647237196,-6.9925559579078,2.69922794838898e-12,4.12631705991291e-11,"Os08g0256000","Down"
419.726206987274,-1.66518967908139,0.120708113069403,-13.7951761214589,2.72486583879739e-43,2.19549660361906e-41,"Os08g0450700","Down"
83.1584928171052,-1.12753929767341,0.247733367781157,-4.5514227969058,5.32843500145299e-06,3.665615915254e-05,"Os08g0179150","Down"
248.559757994684,-1.24587122698038,0.146815929879008,-8.48594037450236,2.13981151464376e-17,4.9280137985049e-16,"Os08g0556400","Down"
19.4271249613813,-1.72941364012315,0.522461105326362,-3.31012896939544,0.000932529931283123,0.00389839617275298,"Os08g0153225","Down"
2492.7237356999,-2.15395697538216,0.0846498825570215,-25.4454809660394,7.92125330026496e-143,5.46392596548276e-140,"Os08g0111200","Down"
231.353363505552,-1.27886364544218,0.158168864269786,-8.08543230898366,6.19440754176531e-16,1.27037012102005e-14,"Os08g0482700","Down"
18.9864392372911,-1.58540956283339,0.539892166504731,-2.93653003542791,0.00331906677237631,0.0118713200189167,"Os08g0517750","Down"
122.966549304475,-1.32928249109447,0.228371020488818,-5.82071441573101,5.85966178591168e-09,6.26056271127194e-08,"Os08g0174300","Down"
278.475696327087,-1.21115029539925,0.145166739666678,-8.34316661089318,7.23271504210185e-17,1.59678699536052e-15,"Os08g0191433","Down"
98.125095408075,-1.16985743818773,0.228926891766693,-5.11017918934562,3.21853402453957e-07,2.70179165176621e-06,"Os08g0491000","Down"
330.149482765632,-1.12547658871576,0.153934311136261,-7.31140822606795,2.64357051981186e-13,4.42645458086438e-12,"Os08g0179100","Down"
119.036683688926,-1.63627674208354,0.209511156480786,-7.80997427329651,5.71996601781602e-15,1.09154088360226e-13,"Os08g0223700","Down"
15.0028664004499,-1.7347784359207,0.684107187644497,-2.53582840123907,0.0112181689519533,0.033743994483109,"Os08g0421300","Down"
19.9234112128911,-1.20581193106056,0.49471864433678,-2.43736908819571,0.0147945700690717,0.0427511225220616,"Os08g0261100","Down"
17.0182116033688,-1.53662526913333,0.603831670111395,-2.54479078391144,0.0109343229402082,0.0330377763965841,"Os08g0521200","Down"
314.671130486194,-1.02296706399926,0.166860498266871,-6.13067247565784,8.7508390850901e-10,1.02689825794785e-08,"Os08g0224500","Down"
508.847242178513,-1.05414032224337,0.112114965680531,-9.40231588035376,5.33750971942691e-21,1.57239700390742e-19,"Os08g0249000","Down"
5.52693273647963,-6.01869092027851,1.45282642274874,-4.14274604731596,3.43171879718881e-05,0.000201353608513064,"Os08g0507100","Down"
34.6221919938485,-1.8791722220676,0.416561046067987,-4.51115686357503,6.44750170232656e-06,4.37915869429401e-05,"Os08g0127800","Down"
185.640105900085,-1.0799030148745,0.166093989066317,-6.50175855818193,7.93864438327081e-11,1.04570471263755e-09,"Os08g0397250","Down"
171.887097740811,-1.67145931924627,0.199089909873561,-8.39549990407744,4.63916179929771e-17,1.04458706087531e-15,"Os08g0190250","Down"
268.874511916332,-1.35034068084362,0.153208303150509,-8.81375652021333,1.21020743509851e-18,3.07234079641121e-17,"Os08g0530300","Down"
2.52878155106454,-4.88756235806437,1.73840631552133,-2.81151898404065,0.00493081809003817,0.0166944171440644,"Os08g0175700","Down"
43.1983089188905,-5.09139993282232,0.598995829759078,-8.49989211923249,1.89766973206595e-17,4.3882254859e-16,"Os08g0374000","Down"
61.3993998768646,-1.41833915737991,0.28618818873734,-4.9559667840857,7.1971511729598e-07,5.72553114831157e-06,"Os08g0556500","Down"
313.420087286544,-1.14663961677375,0.146296250492494,-7.83779223947081,4.5853686142197e-15,8.82168774005083e-14,"Os08g0520550","Down"
4.14751912109495,-3.67199308790298,1.43141008517791,-2.56529776192444,0.0103087296955749,0.031494132496549,"Os08g0473800","Down"
181.608401155802,-1.46368256213391,0.16947379154201,-8.63663076642194,5.78951228312637e-18,1.39704092900253e-16,"Os08g0529000","Down"
1489.83405391583,-1.25605939635272,0.070023087634321,-17.9377893604491,5.97866959680666e-72,1.1424510464006e-69,"Os08g0215200","Down"
327.922824208436,-1.91046791476674,0.132498548353397,-14.4187837414731,3.94228490979671e-47,3.65546752570363e-45,"Os08g0480050","Down"
230.990915442314,-1.07584466699463,0.176879522318637,-6.08235850533654,1.18427395976098e-09,1.37433122100945e-08,"Os08g0232700","Down"
31.9993059271108,-2.25479163065737,0.428499003325097,-5.26206972049054,1.42442727675158e-07,1.25067456733348e-06,"Os08g0116750","Down"
2.16669384739803,-4.66463888163344,1.82611395389841,-2.55440733677946,0.010636873783884,0.0323151173576135,"Os08g0171800","Down"
14.2791897814326,-1.7848473624551,0.693680211417046,-2.57301178998464,0.0100817773240576,0.0309238710686024,"Os08g0249675","Down"
48.4982473894957,-1.14140754600669,0.315160028737472,-3.62167610714837,0.000292700446640499,0.00139193901655288,"Os08g0410350","Down"
921.365274397078,-1.12478678979212,0.107389429664113,-10.4739059822756,1.13846299005915e-25,4.38052677848472e-24,"Os08g0152366","Down"
41.7875168482157,-1.52172418332315,0.343348685006579,-4.43200818810183,9.33594715892944e-06,6.16172512489343e-05,"Os08g0430050","Down"
46.3417499027985,-1.43396302928927,0.39011714202482,-3.67572422438704,0.000237175622191909,0.00115329500880492,"Os08g0337001","Down"
4388.2007297065,-1.82760121009492,0.0697645697049519,-26.1966957988016,2.89804718346096e-151,2.27665756654054e-148,"Os08g0547300","Down"
1061.46898016635,-3.76364518318464,0.217443352568908,-17.3086237804944,4.04979362355041e-67,6.89953093178489e-65,"Os08g0509100","Down"
26.8491667937547,-3.02311550322877,0.521035999443994,-5.80212404988289,6.54800879937822e-09,6.93833783646368e-08,"Os08g0470700","Down"
388.154901791714,-1.19933962233477,0.155690835766683,-7.70334115318188,1.32553853320318e-14,2.46791015520206e-13,"Os08g0148267","Down"
156.775350611761,-1.12395278830923,0.182940668342169,-6.14381044135584,8.05649816323344e-10,9.4975333286538e-09,"Os08g0275200","Down"
650.344068719349,-1.63167545024756,0.125643319256613,-12.9865675302245,1.45821711665593e-38,1.0182676117567e-36,"Os08g0207401","Down"
55.5084840630726,-1.14683653592485,0.306288781261349,-3.74429821164845,0.000180898694527622,0.00090388621553634,"Os08g0550500","Down"
364.728973501595,-1.2429505322977,0.174446294584875,-7.12511856589167,1.03991130704843e-12,1.64668150473889e-11,"Os08g0554501","Down"
226.881062375659,-1.36150552524998,0.175996361663238,-7.73598676917632,1.02604133414371e-14,1.92679116672765e-13,"Os08g0406150","Down"
324.328480572497,-1.01116349718242,0.139437433865119,-7.25173627449673,4.11462471930413e-13,6.75759010956099e-12,"Os08g0438600","Down"
21.5045522107971,-1.26068598732407,0.477046240615621,-2.64269137871661,0.00822499681090076,0.0259234520014582,"Os08g0486933","Down"
2.28637516821614,-4.7485580961989,1.78085373328082,-2.66645037009904,0.00766569238247686,0.0243765075388472,"Os08g0131300","Down"
449.617177629922,-1.85092673981115,0.11707699278326,-15.8094831085873,2.67653783030255e-56,3.33458882725931e-54,"Os08g0480000","Down"
66.2974255762526,-1.18278441470639,0.281605152996992,-4.20015188684785,2.66735983882734e-05,0.00016039890198145,"Os08g0174725","Down"
261.287338667357,-1.09537827387417,0.158953971664634,-6.89116643266539,5.53367497686677e-12,8.2194255263009e-11,"Os08g0465700","Down"
20.7287116123008,-2.88326796381975,0.563460424268792,-5.11707271644037,3.10314009259899e-07,2.61190193329738e-06,"Os08g0231100","Down"
28.700788223211,-1.22574019865993,0.428669603781865,-2.85940544383378,0.00424435930320701,0.0147029306043603,"Os08g0500400","Down"
111.596794642959,-3.26645947812752,0.25754428862264,-12.6830981016769,7.33733236193248e-37,4.80340501221788e-35,"Os08g0556900","Down"
1783.99932272939,-1.17752204526704,0.0963775090998253,-12.217809489633,2.49723062222746e-34,1.47562277843017e-32,"Os08g0162800","Down"
38.6586719185035,-1.31589911767389,0.358505624873481,-3.67051177547989,0.00024206531720587,0.00117464811871984,"Os08g0526633","Down"
453.562559683078,-1.64859286009728,0.113466273473654,-14.5293646263977,7.8949311982017e-48,7.46744311760342e-46,"Os08g0452900","Down"
14.6151721662709,-2.17493583653614,0.650389164119465,-3.34405300168352,0.000825639621251653,0.0035059931124051,"Os08g0163600","Down"
71.6127754246004,-1.07264520033689,0.273604614547532,-3.92042072137839,8.83945124796191e-05,0.000475173010347103,"Os08g0202400","Down"
534.047528429486,-1.03518361794724,0.104186883010811,-9.93583441631353,2.90731544439113e-23,9.8233916466936e-22,"Os08g0539700","Down"
89.5908427505599,-1.40535363234277,0.257009437866954,-5.46810126509937,4.54881992980138e-08,4.30395371143234e-07,"Os08g0247600","Down"
71.0933540814903,-1.71996293355673,0.274363648473593,-6.26891697615791,3.63567902788886e-10,4.47926315957799e-09,"Os08g0239900","Down"
265.945124958444,-1.01355405589078,0.151901127503379,-6.6724590695894,2.51552222500536e-11,3.48561901251233e-10,"Os08g0175600","Down"
24.2995020872876,-1.19868664284045,0.501167925660552,-2.39178642819281,0.0167665956722863,0.0474855022489413,"Os08g0365800","Down"
3.5927084408313,-4.36715577374675,1.57752516509582,-2.76835886385463,0.005633938161065,0.0186813700472598,"Os08g0121500","Down"
3.72191467267964,-3.49740799153391,1.46978426628095,-2.3795383252969,0.0173343403585541,0.0488668739713186,"Os08g0552666","Down"
94.2176905853415,-1.28766736643574,0.230312260198823,-5.59096317896462,2.25813467737872e-08,2.22671920540263e-07,"Os08g0174500","Down"
1458.13727232056,-1.82100743492408,0.0957757757823874,-19.0132360719437,1.32519603244999e-80,3.04698121900147e-78,"Os08g0562600","Down"
2.87372826318021,-5.07337476363096,1.67525636589296,-3.0284169437713,0.00245838643999814,0.00916136867961356,"Os08g0263100","Down"
169.293750336591,-1.59513480702597,0.187613593038572,-8.50223473252294,1.85975275574036e-17,4.30758949099861e-16,"Os08g0556450","Down"
76.1316372235558,-1.26620789113663,0.259836538850629,-4.87309404881093,1.0986388858488e-06,8.52651106769753e-06,"Os08g0102250","Down"
78.0460544260547,-1.66539836664331,0.277670392361092,-5.99775277616768,2.0006679343616e-09,2.26504763217296e-08,"Os08g0404000","Down"
32.8167281162178,-1.74676208618516,0.396814907398405,-4.40195681567829,1.07278912708546e-05,7.00682431942353e-05,"Os08g0529100","Down"
10.6345047947806,-2.74575149263607,0.792491601203767,-3.46470737161804,0.000530808721537634,0.00237378264607935,"Os08g0277200","Down"
26.2464841924192,-1.31706458559265,0.446539430704029,-2.94949223972478,0.00318296566534047,0.0114439430259364,"Os08g0536350","Down"
38.8398287038201,-2.2826210297423,0.382142465845248,-5.97322002592266,2.32615830905333e-09,2.61470918673837e-08,"Os08g0248400","Down"
459.0183876885,-1.10998835941783,0.113418647373871,-9.78664783189385,1.28485066194515e-22,4.20079324514113e-21,"Os08g0179000","Down"
3.98922613582685,-5.55441562760312,1.59462619965344,-3.48320855935408,0.000495442232389865,0.00223541827923066,"Os08g0473900","Down"
1049.18693663877,-1.20090089607529,0.0888218149570264,-13.5203372803889,1.18630656396094e-41,9.14167191699706e-40,"Os08g0207500","Down"
572.848931537727,-1.59828712628278,0.110287610162099,-14.4919916564846,1.3613741936059e-47,1.27910377306872e-45,"Os08g0351300","Down"
31.905303005749,-1.01491501535412,0.402240129642284,-2.52315704118506,0.0116306448029586,0.0348038752537775,"Os08g0481200","Down"
86.6192397140309,-1.04905627017132,0.254593071639227,-4.12052167569546,3.78015499516105e-05,0.000219701116765618,"Os08g0525900","Down"
4.71905585163477,-5.79536200005033,1.51223280252143,-3.83232131348256,0.000126939794827182,0.00065678454765963,"Os08g0231400","Down"
2.62749298597315,-4.94981928753847,1.74664322995115,-2.83390402954639,0.00459831392235172,0.0157515644425907,"Os08g0552633","Down"
57.506559376666,-1.1286547595449,0.296703543597332,-3.80398139456212,0.000142388879395831,0.00072832336737086,"Os08g0386200","Down"
39.7999119303498,-1.14387405814868,0.360059699197428,-3.17690111028358,0.00148857784205343,0.00588378336144139,"Os08g0494350","Down"
227.733850295599,-1.96178206401594,0.176679830577876,-11.1035994182213,1.20491519163611e-28,5.32440727104074e-27,"Os08g0190300","Down"
3641.20083468463,-1.95062126824236,0.0799334476868212,-24.4030668598818,1.58667191647173e-131,9.34847259786189e-129,"Os08g0547350","Down"
11.7914606211307,-3.28780711279385,0.82570200199542,-3.98183255562954,6.83859522396741e-05,0.000376195898714302,"Os08g0415600","Down"
133.513650170302,-1.1114470438133,0.196199184742717,-5.66489124442989,1.47117816135504e-08,1.49180314023958e-07,"Os08g0356700","Down"
315.094987215165,-1.49717287120387,0.156186528934515,-9.58580026982736,9.17436221710231e-22,2.85749050508668e-20,"Os08g0364900","Down"
36.316790354485,-3.13978373241823,0.443192576284957,-7.08446824343794,1.395792139772e-12,2.18815950692306e-11,"Os08g0508800","Down"
76.7454549702703,-1.01860200738247,0.269269949431047,-3.78282838294702,0.000155056326844596,0.000787562496316816,"Os08g0135400","Down"
173.425382891516,-1.16594194586278,0.19972389294426,-5.83776897533325,5.29044443120014e-09,5.68245571434755e-08,"Os08g0146001","Down"
61.8095475360456,-1.0768391429744,0.309827399062575,-3.47560979510696,0.000509693304935832,0.00229117018821229,"Os08g0510750","Down"
86.5468782177056,-2.48199851126665,0.279762918954029,-8.87179230380598,7.19779316357516e-19,1.86410978442371e-17,"Os08g0468700","Down"
1815.17643511971,-1.03024160894374,0.0740964315710367,-13.9040651094789,5.98436813733268e-44,4.94865249391537e-42,"Os12g0190000","Down"
463.12083822868,-1.19685190388485,0.144798653769723,-8.26562866936755,1.38960470443627e-16,3.00914323477504e-15,"Os12g0580400","Down"
3701.84651802612,-1.15594892799027,0.0550878183548622,-20.9837485402659,9.23212976918514e-98,3.00107887358994e-95,"Os12g0625000","Down"
181.997887311056,-1.01436657134438,0.181885032844013,-5.57696560010143,2.44750244625383e-08,2.40089547979551e-07,"Os12g0116900","Down"
42.2527040450701,-1.32303647571454,0.357851464937273,-3.69716657705021,0.00021801929020492,0.00107008044885202,"Os12g0465800","Down"
249.573889691909,-1.01864854375163,0.157560497029845,-6.4651264939757,1.01214106503199e-10,1.31545778769162e-09,"Os12g0615100","Down"
3468.07369611978,-1.51855116570104,0.0595223935706221,-25.5122664699179,1.44097046460812e-143,1.04492527460467e-140,"Os12g0601800","Down"
839.301271232416,-1.41232783744349,0.100072143926191,-14.1130966324171,3.15417590924397e-45,2.71961124662588e-43,"Os12g0604000","Down"
685.666688230134,-1.5118427803029,0.108730728551218,-13.9044665702827,5.9508862578043e-44,4.93539631252092e-42,"Os12g0194900","Down"
134.512720725175,-1.98380095120381,0.206855399874053,-9.59027877643842,8.78473307073184e-22,2.74217478999301e-20,"Os12g0538700","Down"
46.1899589742383,-1.60889847113706,0.347867248656699,-4.62503577830301,3.74533745136168e-06,2.64408108991412e-05,"Os12g0586500","Down"
14.2139822698062,-3.04220475359262,0.695239424514641,-4.37576559430075,1.21006999671448e-05,7.80787782630198e-05,"Os12g0491800","Down"
49.3275774029709,-1.07250771007816,0.325878301615515,-3.29112955591487,0.000997859456342542,0.00413365508786047,"Os12g0120100","Down"
66.4791941800876,-1.52225917876582,0.29481287979223,-5.16347582859554,2.4240589618284e-07,2.06490396082738e-06,"Os12g0632900","Down"
167.714143691067,-1.04767082960064,0.182917611635113,-5.72755581179656,1.01887922413407e-08,1.05240771869012e-07,"Os12g0127800","Down"
999.346999650904,-1.24713155460223,0.0861798003071609,-14.4712745928538,1.84030034216944e-47,1.72336205221503e-45,"Os12g0624050","Down"
127.429150276602,-2.32104915054973,0.243038025995666,-9.55014813439573,1.29510971076774e-21,3.98119540545897e-20,"Os12g0101901","Down"
23.2983613602091,-1.21000075703176,0.494472983493578,-2.44705129991692,0.0144030337186825,0.0417990966237105,"Os12g0226766","Down"
207.886740363894,-1.83025598832397,0.173971629300538,-10.5204279323164,6.95569442711904e-26,2.69840869812556e-24,"Os12g0580900","Down"
34.975996897143,-1.28929441027893,0.414102157836247,-3.11346943231523,0.00184901662359736,0.00712231532715294,"Os12g0132900","Down"
44.2212885187756,-3.64939514635056,0.450080691449591,-8.10831305514757,5.13273571202893e-16,1.0587811719321e-14,"Os12g0580600","Down"
47.7639787518448,-1.1548538824627,0.32763950902688,-3.52476990913803,0.000423850772430872,0.00194277531525405,"Os12g0155100","Down"
57.4225356500059,-2.03404880256712,0.323301639162708,-6.29148929722389,3.14434499248381e-10,3.90022897949274e-09,"Os12g0562232","Down"
45.0535789768402,-1.71604801448125,0.375679411562514,-4.56785216774035,4.92747349726294e-06,3.40718528058907e-05,"Os12g0567000","Down"
408.722480713987,-1.13977591832577,0.131165973023131,-8.68957010767394,3.63813525999097e-18,8.869836490328e-17,"Os12g0169950","Down"
48.1239299859624,-1.37497533617655,0.328360149738703,-4.18740013753404,2.82168106880776e-05,0.000168532127364207,"Os12g0639000","Down"
14.6533494421311,-1.92013607626533,0.640613451555226,-2.99733961502648,0.0027234712331547,0.00999772714756595,"Os12g0131200","Down"
6260.69571552534,-2.74571660451183,0.0829604581649972,-33.0966904624728,3.31622486907056e-240,8.5260141383804e-237,"Os12g0515800","Down"
39.5020269334066,-1.40751713966692,0.355977304161001,-3.9539519042774,7.68708680906306e-05,0.000418315378193405,"Os12g0288801","Down"
61.6377136782719,-3.20606469586147,0.35273508660534,-9.08915732403055,9.98096073970646e-20,2.72462886756408e-18,"Os12g0617250","Down"
1614.8466529165,-3.9161683916342,0.0984544688648241,-39.7764411995459,0,0,"Os12g0516000","Down"
282.102012641363,-2.80471853504725,0.185837811191614,-15.0922921286205,1.82007972310721e-51,1.91351950368755e-49,"Os12g0583300","Down"
1619.36680864435,-1.6184373169706,0.0668261925343749,-24.2186073393017,1.41679315407084e-129,7.70544753659179e-127,"Os12g0625102","Down"
105.105792102191,-1.00987696080283,0.216796768386086,-4.6581734973299,3.19027293452043e-06,2.2818439266862e-05,"Os12g0567100","Down"
517.022252686082,-1.85974398520666,0.129890718384354,-14.3177588694488,1.69501700285728e-46,1.54137542951147e-44,"Os12g0189300","Down"
906.4104242931,-2.89403769605569,0.0976578673784143,-29.6344552030979,5.37947520246907e-193,6.91531537277399e-190,"Os12g0199050","Down"
17.0696276219948,-4.11529660548241,0.796183808792062,-5.16877705881255,2.35630776854846e-07,2.01082498498247e-06,"Os12g0508400","Down"
674.456593982818,-1.81724803071106,0.112158047571453,-16.2025647740822,4.83670342576683e-59,6.51365759924342e-57,"Os12g0117400","Down"
18.6297995991659,-2.25819053615559,0.570132893372496,-3.9608143336508,7.46945954104077e-05,0.000407885277621498,"Os12g0614851","Down"
292.418666887666,-1.70059490774572,0.139526559606701,-12.1883239473501,3.58723329431748e-34,2.09176381023902e-32,"Os12g0611100","Down"
53.5685982018557,-1.19945560985069,0.311907485137781,-3.84554929587805,0.000120282678493058,0.000626826957653728,"Os12g0106801","Down"
299.696138227406,-1.62125136231897,0.155103624151906,-10.4526981312258,1.42414935050466e-25,5.42808191126987e-24,"Os12g0165900","Down"
32.5405100624001,-1.83693370247783,0.433798692523559,-4.23453028821212,2.29029916160196e-05,0.000139926443269097,"Os12g0226700","Down"
99.1975243916191,-1.57027903794316,0.261634816476602,-6.00179692859643,1.95145673696367e-09,2.21554186985426e-08,"Os12g0105975","Down"
33.9770552327734,-1.2149569091023,0.388452160383201,-3.12768735255268,0.0017618748887192,0.00683131117738794,"Os12g0512150","Down"
30.2739147388743,-1.22629741017733,0.409286475934485,-2.99618355914995,0.00273381814881021,0.0100305022141284,"Os12g0133750","Down"
226.167576226065,-1.00139626289769,0.152418992483654,-6.57002284675965,5.03075424077103e-11,6.76210839749266e-10,"Os12g0129700","Down"
66.1056807344505,-2.24262236396355,0.3749439265121,-5.98122067164935,2.21471591542786e-09,2.49539365753846e-08,"Os12g0617400","Down"
69.4757733815782,-1.51289423650449,0.27846789594136,-5.43292156314881,5.54387808502149e-08,5.172761996783e-07,"Os12g0106100","Down"
216.724304962933,-1.21918256406004,0.181477290919024,-6.71809986740457,1.84109501412575e-11,2.58787316573013e-10,"Os12g0170400","Down"
169.22231320135,-2.29031518348913,0.245017334698906,-9.34756386238396,8.96896628883443e-21,2.61496222283017e-19,"Os12g0104766","Down"
52.3745089236714,-1.26728756808828,0.35021790083917,-3.61856879688813,0.000296236753761392,0.00140733281378701,"Os12g0163600","Down"
69.3451301386938,-1.14045562359893,0.272531620088006,-4.18467267479149,2.85577299595156e-05,0.000170352491243421,"Os12g0630100","Down"
32.8661652707881,-1.21970083961599,0.407051364002014,-2.99642980587079,0.00273161118933927,0.0100237052089923,"Os12g0293601","Down"
71.0426952658553,-1.27308238068329,0.29400294445923,-4.33016881182912,1.48995077066547e-05,9.43301941911579e-05,"Os12g0233200","Down"
531.553544488484,-1.21269140680517,0.107360811402657,-11.2954754249851,1.38154407875974e-29,6.35308099047223e-28,"Os12g0202850","Down"
544.958211010607,-1.62402918062079,0.134159865570749,-12.105178949843,9.9152911703715e-34,5.66493635533892e-32,"Os12g0484600","Down"
140.818406221089,-1.85733499202557,0.215955454677386,-8.6005467877634,7.93371961395622e-18,1.88075041410139e-16,"Os12g0104733","Down"
927.680486315236,-1.25506340366507,0.207712490544307,-6.04231069771583,1.51922548852331e-09,1.74584380499503e-08,"Os12g0101800","Down"
419.672303987723,-1.06176810268912,0.118791968216836,-8.93804622170271,3.96111405807409e-19,1.04111772004083e-17,"Os12g0489100","Down"
6.441863148594,-3.24471047698443,1.09601457820492,-2.96046288207106,0.00307177134167992,0.0111044674512994,"Os12g0232300","Down"
239.590749352744,-1.97843540327188,0.18127036557442,-10.9142793252637,9.85074607379833e-28,4.14566889454004e-26,"Os12g0594200","Down"
5706.61628048515,-1.45924552908111,0.0712755131615372,-20.4733079335944,3.7246010979025e-93,1.07485146581409e-90,"Os12g0516200","Down"
146.647215551258,-1.45470510508584,0.194271849106443,-7.48798712616771,6.99378851406125e-14,1.22775501530829e-12,"Os12g0105962","Down"
1240.1561258972,-1.23307341256398,0.0806881191943084,-15.2819699464622,1.00845556078552e-52,1.11843653782648e-50,"Os12g0623950","Down"
792.529867996245,-1.20034459498419,0.104204798114504,-11.5190914113686,1.05719880224736e-30,5.17277496995806e-29,"Os12g0105401","Down"
387.835235662177,-1.23043583319635,0.121995273842914,-10.0859303351433,6.37583076991333e-24,2.22886118669863e-22,"Os12g0628100","Down"
99.7891199575905,-1.02656387817668,0.230128814196264,-4.4608228733199,8.16455512624083e-06,5.45222629339355e-05,"Os12g0615600","Down"
2423.04270082639,-1.29434300930541,0.0851952498059656,-15.1926664016281,3.95498958222264e-52,4.28548124041527e-50,"Os12g0514000","Down"
28.42394435384,-1.11143107535878,0.445542354486671,-2.49455761986829,0.0126114249042269,0.0372845188915368,"Os12g0115950","Down"
2524.30039161918,-2.57843995946672,0.0791179642115021,-32.5898168028427,5.71741336178516e-233,1.24380128680497e-229,"Os12g0199000","Down"
505.595750710536,-1.51030226203566,0.117519800777007,-12.8514705781493,8.43905405904455e-38,5.73713672701536e-36,"Os12g0194950","Down"
459.16809223867,-1.82586500179906,0.165857542288414,-11.0086341363,3.47227763240945e-28,1.49922875911713e-26,"Os12g0117500","Down"
200.201824056516,-1.18431139991361,0.166923802391811,-7.09492225161355,1.29424225125168e-12,2.03234120531087e-11,"Os12g0170500","Down"
85.1386922010713,-1.85154552920133,0.267979666416287,-6.90927619234025,4.87132732873448e-12,7.26230934021823e-11,"Os12g0611150","Down"
78.8119991239325,-2.06911671828168,0.272619259409201,-7.5897672188154,3.20480705510104e-14,5.79508621005834e-13,"Os12g0202851","Down"
234.641918611699,-1.15078975708316,0.158390783610716,-7.26550958868611,3.71634566160222e-13,6.13555000909354e-12,"Os12g0270300","Down"
431.026627170933,-1.06334339930554,0.112475178606435,-9.45402721276227,3.26039415096212e-21,9.74706204898094e-20,"Os10g0136400","Down"
387.512208182194,-1.57463270364825,0.13281164223676,-11.8561345762233,1.99996754907561e-32,1.06518045678733e-30,"Os10g0572500","Down"
193.444406536562,-1.173654142857,0.173702285009878,-6.75669950335,1.41170550997903e-11,2.00928251271852e-10,"Os10g0492101","Down"
24.2633277958116,-1.19974023159604,0.490131042987852,-2.44779482703726,0.014373347759528,0.0417257901855072,"Os10g0195175","Down"
95.9254064464585,-1.04124784034516,0.2250119637159,-4.62752212437841,3.70066709174269e-06,2.61319765347253e-05,"Os10g0158700","Down"
597.601880600545,-3.14498766479749,0.137266597887827,-22.9115291934863,3.56604879459416e-116,1.60081628507805e-113,"Os10g0328600","Down"
36.6116601718305,-1.58586509663829,0.38359481785079,-4.13421929296019,3.56163275299327e-05,0.000208241752919997,"Os10g0511800","Down"
123.859895229247,-1.39102605560994,0.220290329921412,-6.31451256215461,2.71014309601932e-10,3.37943372568441e-09,"Os10g0162100","Down"
19.6012718314647,-2.09531343386981,0.544247863426533,-3.84992496006859,0.000118154018309857,0.000617084726098075,"Os10g0515400","Down"
27.2903996356113,-1.7341885361872,0.43835968483011,-3.95608582677784,7.6187798526147e-05,0.000415077466792133,"Os10g0536150","Down"
490.362692543627,-1.09071680548414,0.109399268932386,-9.97005570629784,2.06113200907133e-23,7.02299690946341e-22,"Os10g0111350","Down"
38.6170518316077,-1.03580995285913,0.411199272199499,-2.51899753450096,0.0117689480785921,0.0351279810670886,"Os10g0530900","Down"
29.6235654175579,-1.88015479969607,0.419271385054473,-4.48433846600763,7.31404882479183e-06,4.91677239871495e-05,"Os10g0479200","Down"
260.801765542177,-2.81881471156784,0.175110507861119,-16.0973475892347,2.66277075949968e-58,3.45439540593626e-56,"Os10g0140300","Down"
17.3184489729359,-1.88045465088949,0.551541863976988,-3.4094504401355,0.000650939038935992,0.00284312076604615,"Os10g0142700","Down"
53.7479687707901,-1.95044811444376,0.348846344700109,-5.5911381732278,2.25585971500971e-08,2.22525178235751e-07,"Os10g0370100","Down"
60.7364751155304,-1.37040746386805,0.293831349385062,-4.66392529842739,3.1023403821961e-06,2.22570493021024e-05,"Os10g0497200","Down"
10.4336239786759,-2.69846210356216,0.81363843635106,-3.31653715336262,0.000911404682925039,0.0038219804029957,"Os10g0372500","Down"
2.82768403486356,-4.00788238714552,1.65965403025267,-2.41489028079867,0.0157399502386657,0.0450092550758042,"Os10g0570800","Down"
60.7948083005535,-1.08469153433977,0.30640888809316,-3.54001328450363,0.000400106891395511,0.00184471453329985,"Os10g0531400","Down"
6.403624717222,-3.24427472666492,1.06817165247518,-3.0372222658664,0.00238769324228973,0.00892851415908977,"Os10g0571600","Down"
351.773116658127,-1.33817731959665,0.125161875385528,-10.6915729368448,1.11464354583713e-26,4.49689502422537e-25,"Os10g0519400","Down"
116.774587343965,-1.28728671505606,0.229796885215856,-5.60184579458883,2.12081192220705e-08,2.10230220721828e-07,"Os10g0341401","Down"
15.3282844935957,-1.67793990298566,0.607078686265147,-2.76395785414348,0.00571049146298338,0.0189019673530703,"Os10g0456950","Down"
277.992117961927,-1.28354178129587,0.150111686331939,-8.55057865686489,1.224729366823e-17,2.87202083110457e-16,"Os10g0510050","Down"
215.992765872213,-1.05436816001846,0.156898966738631,-6.72004527458026,1.81668106084552e-11,2.55609736725235e-10,"Os10g0579850","Down"
353.292923779123,-1.68829987717551,0.126684241334233,-13.3268341775932,1.61611449718763e-40,1.19024307538967e-38,"Os10g0140700","Down"
4.15130630725691,-4.59465821026039,1.55077378258639,-2.96281653833313,0.00304838199125191,0.0110286927330939,"Os10g0332000","Down"
218.808156909079,-1.15380469920544,0.166895568875935,-6.91333333159459,4.7339579916907e-12,7.07242820723743e-11,"Os10g0579800","Down"
63.5292543313275,-1.01752962603612,0.315394484355934,-3.22621249421663,0.00125440188217256,0.00506323546510054,"Os10g0122000","Down"
135.273826041541,-1.3411322355268,0.212862437197396,-6.30046453091727,2.96754915868533e-10,3.69064458033333e-09,"Os10g0412050","Down"
280.338102706492,-1.64443764454456,0.141480442828085,-11.6230739151894,3.14609100625142e-31,1.59738958254571e-29,"Os10g0539600","Down"
1283.71740829677,-1.0812129945839,0.0779039625081749,-13.8787933215905,8.51656306947558e-44,6.96118266381038e-42,"Os10g0539700","Down"
13.051435752516,-2.22152186014883,0.775424867627511,-2.86490922962762,0.00417128791564297,0.0144906268937844,"Os10g0559050","Down"
91.0620872400874,-1.39853226676316,0.255078031951916,-5.48276249452479,4.18735018211698e-08,3.98326439624791e-07,"Os10g0400250","Down"
20.7260712930897,-1.79365685165019,0.541626704871071,-3.31161081150376,0.000927604946900153,0.00388070939397681,"Os10g0464800","Down"
269.671250511845,-1.36974550932333,0.152841319210124,-8.96187965664063,3.19190102098066e-19,8.45226149572604e-18,"Os10g0396666","Down"
67.1102507354492,-1.11038268452361,0.272843327408386,-4.0696713937285,4.70794943212147e-05,0.000268601004417647,"Os10g0529700","Down"
273.631318678314,-2.46990296544033,0.178178154580578,-13.8619853329066,1.07654907585438e-43,8.72374911582742e-42,"Os10g0331600","Down"
459.882162819805,-1.03760230260587,0.133832562191686,-7.75298840292495,8.97548181764931e-15,1.69668449015975e-13,"Os10g0439986","Down"
183.243571239351,-1.02779594691003,0.176440838828581,-5.82515903763399,5.70582375331231e-09,6.10311654944877e-08,"Os10g0564450","Down"
284.749709823824,-1.2628857291061,0.142476905357379,-8.86379252790739,7.73376134196558e-19,1.99925506866662e-17,"Os10g0510000","Down"
32.8775243650507,-2.11943814154526,0.425190285368459,-4.98468148139511,6.20639684439308e-07,4.98645196466706e-06,"Os10g0535600","Down"
141.706916537069,-1.35963770534378,0.246695940949608,-5.5113906621654,3.56009555138729e-08,3.41877970420319e-07,"Os10g0440500","Down"
43.7991710982635,-1.26348394682249,0.340831423409113,-3.7070641379973,0.000209675854518889,0.00103199492545226,"Os10g0528200","Down"
53.2531538047424,-1.4203743580977,0.308373111326757,-4.6060253177932,4.10438440533957e-06,2.88101502525213e-05,"Os10g0531300","Down"
22.3090116232524,-2.1150943254295,0.506826969513009,-4.17320792431748,3.00340613615217e-05,0.000178594047385449,"Os10g0565401","Down"
8.20469565000185,-2.99267973685297,0.964811582463102,-3.10182816132125,0.00192329567138762,0.0073692893757639,"Os10g0464901","Down"
996.489115470706,-1.72350087385881,0.0829222538858023,-20.7845396512299,5.97343601569158e-96,1.85642575779971e-93,"Os10g0180800","Down"
257.938359273562,-1.73963351429974,0.152331833119969,-11.4200261276295,3.32134082577711e-30,1.5786695780471e-28,"Os10g0532100","Down"
46.3286138244677,-1.90852435999367,0.348528295070701,-5.47595241759788,4.35164620615636e-08,4.12567570755306e-07,"Os10g0375501","Down"
133.653788735943,-1.66124595464012,0.201609764561657,-8.23990821204531,1.72342819719982e-16,3.71213045278052e-15,"Os10g0422075","Down"
14.1012485969176,-2.36502800970043,0.669582101272904,-3.53209562382927,0.000412280242363681,0.00189526943015073,"Os10g0331866","Down"
51.5596371444571,-2.20615429295285,0.34824730913845,-6.33502179359487,2.37307728052252e-10,2.97486695791035e-09,"Os10g0370200","Down"
22.2111886399731,-1.58184335991923,0.480606913965488,-3.29134540921902,0.000997094023951194,0.00413108937758039,"Os10g0550066","Down"
224.327731177989,-1.26337578700338,0.160829024385776,-7.85539669738313,3.98508824221459e-15,7.70350516596519e-14,"Os10g0551401","Down"
34.4440327457014,-1.7544426022359,0.398190629026947,-4.4060368937441,1.05279039560574e-05,6.88893224852523e-05,"Os10g0528150","Down"
342.607934403569,-1.05718267770165,0.145695517123056,-7.25610985551974,3.98381572373936e-13,6.56563476008582e-12,"Os10g0522200","Down"
249.244936534817,-1.60151188115974,0.182204868172674,-8.78962179891924,1.50064278519712e-18,3.77513706568438e-17,"Os10g0512400","Down"
26.9007027052236,-1.74949867058891,0.475124124385849,-3.68219288559665,0.000231236348095389,0.00112714971857735,"Os10g0139700","Down"
14.7812239819082,-2.80008396358672,0.672394747349347,-4.16434538583913,3.1224713725049e-05,0.000184935314944107,"Os10g0542750","Down"
60.493560991907,-1.54503302346026,0.297421695300116,-5.19475562097523,2.04988934638241e-07,1.76639002452897e-06,"Os10g0339650","Down"
6.36240248550931,-4.28594544778741,1.31048775387789,-3.27049637442607,0.00107358918406507,0.00440670184536202,"Os10g0323500","Down"
186.374308247305,-3.02115060891879,0.217832772436793,-13.8691280247806,9.74542948740905e-44,7.9198417049832e-42,"Os10g0138150","Down"
92.0458622071402,-1.78692813376195,0.238945653966881,-7.47838725708579,7.52402086840422e-14,1.31838187223878e-12,"Os10g0521000","Down"
1339.54631095637,-1.03168362604789,0.110613867084163,-9.32689230784153,1.09020542766947e-20,3.1590266085984e-19,"Os10g0561800","Down"
1134.3881463284,-1.8804115433164,0.0792694226320281,-23.7217767063265,2.14953685782827e-124,1.06650968203932e-121,"Os10g0559700","Down"
70.7448694360934,-1.01068158114,0.298493188487784,-3.38594520786315,0.000709335450383829,0.00306457621025131,"Os10g0560500","Down"
372.635674987873,-1.31750285543351,0.127387907319912,-10.3424483779675,4.52818146412859e-25,1.68723978902531e-23,"Os10g0519300","Down"
151.658399304516,-1.60508648686122,0.190379585070324,-8.43098006684026,3.4278214416023e-17,7.78027433306217e-16,"Os10g0100700","Down"
6.53700060481825,-2.31070681403542,0.957025191736854,-2.41446811848479,0.0157582019844484,0.0450477823028591,"Os10g0558650","Down"
273.095581346617,-1.20858789239406,0.144765994012324,-8.34856210976711,6.90990062266012e-17,1.53269725105452e-15,"Os10g0551200","Down"
53.140598099371,-4.78110877218224,0.506058673892939,-9.44773604096691,3.46238185617924e-21,1.03290739741145e-19,"Os10g0508700","Down"
18.2966585861505,-1.43820170245891,0.606492088345107,-2.37134454034384,0.0177235008558065,0.0497704624866512,"Os10g0525101","Down"
1201.83836387371,-2.0581105108108,0.0896972388844575,-22.9450821051686,1.64985749769551e-116,7.64911801513551e-114,"Os10g0138100","Down"
12.430436700962,-1.67089883880839,0.702154610674939,-2.37967366931089,0.0173279756649794,0.0488538011944254,"Os10g0154566","Down"
66.8366438689547,-1.25138656673534,0.282604899133644,-4.42804272173484,9.50920694332224e-06,6.26730089872049e-05,"Os10g0578950","Down"
84.7500064920064,-1.02138021080066,0.237827891952921,-4.29461911474558,1.74993507719117e-05,0.000109080700723041,"Os10g0187454","Down"
563.638899290756,-1.32464157865686,0.117453525043478,-11.2780061574696,1.6852218846495e-29,7.71193529446156e-28,"Os10g0557900","Down"
37.5641967443682,-1.67447705436453,0.395459734240043,-4.23425423471337,2.29311408389928e-05,0.000140068162865563,"Os10g0525000","Down"
5.95429236659034,-3.11722129381447,1.07913960603423,-2.88861726173693,0.00386939727838229,0.0135870901949255,"Os10g0517050","Down"
161.106831794251,-1.23594900603496,0.184286616337862,-6.70666720457352,1.99119665074414e-11,2.78501644311053e-10,"Os10g0509401","Down"
60.3589868081445,-1.13980878739852,0.327384904979096,-3.48155571641675,0.000498510058837579,0.00224710917659955,"Os10g0184250","Down"
34.5572679266461,-1.51511667309756,0.39842926147399,-3.80272439702944,0.000143113537116231,0.000731633033836608,"Os10g0395000","Down"
132.746141647462,-1.06147115190469,0.204276345709943,-5.19625093260624,2.03347732291693e-07,1.75331622467725e-06,"Os10g0544950","Down"
359.108643203197,-3.9138538922373,0.194083705075642,-20.1658036706993,1.95544105241386e-90,5.42174788267807e-88,"Os10g0328700","Down"
2.11344545862924,-4.63483922590335,1.83366371047326,-2.52763862829958,0.0114832479594427,0.034420533708638,"Os10g0519500","Down"
151.537608278664,-2.12406721456007,0.22126617282169,-9.59960208771621,8.02536440089642e-22,2.51345881087211e-20,"Os10g0331500","Down"
71.5782909359544,-1.4457531605216,0.307362165155717,-4.70374471688522,2.55432600211088e-06,1.85990972362765e-05,"Os10g0506100","Down"
784.558358827622,-1.00579228593905,0.0984194661901056,-10.2194446370627,1.62267854937189e-24,5.86841074869391e-23,"Os10g0407000","Down"
146.123971135969,-1.00961192442449,0.185576117519796,-5.44041947809796,5.31552613377202e-08,4.97611369047357e-07,"Os09g0268000","Down"
132.961685521135,-1.23655169941549,0.196696131799815,-6.28660913715362,3.24474937189823e-10,4.01772140922303e-09,"Os09g0133650","Down"
30.4963698410764,-1.71365247010852,0.428012182833085,-4.00374694656018,6.23470548669025e-05,0.00034627593454259,"Os09g0363950","Down"
59.0812299745378,-1.13879289381082,0.316040990647428,-3.60330756930593,0.000314193375355867,0.00148268026838633,"Os09g0413300","Down"
52.0192100041604,-1.3336714519995,0.344662659820075,-3.86949793950908,0.000109059703000088,0.00057466745186599,"Os09g0488600","Down"
492.144861593353,-1.88331046645296,0.11762132002147,-16.0116419889624,1.05975741379006e-57,1.3561538198822e-55,"Os09g0294000","Down"
82.8801690239064,-1.21941973070645,0.287125928288161,-4.2469857667561,2.16665718030483e-05,0.000132994766208185,"Os09g0460700","Down"
52.6045212225988,-1.14448999574943,0.321739971927628,-3.55718933178398,0.000374843999101586,0.00174071644311855,"Os09g0502950","Down"
51.7265234699128,-1.19600872684455,0.315043912166494,-3.79632387948663,0.000146857609440761,0.000749283790834233,"Os09g0460100","Down"
157.693747854024,-2.42773515383894,0.251102066076321,-9.66832010494504,4.110700595323e-22,1.30330407551939e-20,"Os09g0494500","Down"
172.464126086984,-1.82279770983959,0.223353678660198,-8.16103733224258,3.32159478813339e-16,6.99985262318931e-15,"Os09g0522200","Down"
152.019406684396,-1.11704810982213,0.188839289871866,-5.91533737804293,3.31195997193873e-09,3.66167083527753e-08,"Os09g0498200","Down"
142.173430833533,-1.98380225654715,0.202968622833926,-9.77393564014247,1.45680453077374e-22,4.73018242649967e-21,"Os09g0522000","Down"
2.28163356679936,-4.74610372248541,1.79485742165707,-2.64427896345307,0.00818651554749814,0.0258136744563268,"Os09g0339000","Down"
9.41643126145621,-2.36990582580394,0.813000868070429,-2.91501020340687,0.00355676913936867,0.0126146210221326,"Os09g0445600","Down"
2.63040917327368,-4.95129156933155,1.78457468438194,-2.77449389631253,0.00552876715208496,0.0183886938525361,"Os09g0239450","Down"
73.049010498597,-1.16631680769806,0.266434266176338,-4.37750303080811,1.20046692326548e-05,7.76009258442767e-05,"Os09g0320400","Down"
340.116745557598,-1.51130914334991,0.132297525404396,-11.4235632052094,3.18886064387362e-30,1.52031162503914e-28,"Os09g0530500","Down"
518.601871301418,-1.31928533515986,0.114441640038857,-11.5280184267887,9.53122724929907e-31,4.67162283947014e-29,"Os09g0491652","Down"
13.2577433521052,-2.00679097331575,0.648798071408844,-3.09309022598983,0.00198083901515961,0.00757335516935636,"Os09g0240350","Down"
16.6603482224113,-1.73778931955215,0.583186846677177,-2.97981569621048,0.00288421859401693,0.0105154809923157,"Os09g0513200","Down"
2.52021105528912,-4.88338890850247,1.73427928298716,-2.81580305802374,0.00486554828882166,0.0165178918816972,"Os09g0486000","Down"
93.0775593344877,-1.7525706098329,0.237025508257018,-7.3940168833327,1.42458312379865e-13,2.44766921774907e-12,"Os09g0565450","Down"
231.234272493496,-2.46764096360354,0.174065834197746,-14.1764808411523,1.28111863012454e-45,1.11825049316519e-43,"Os09g0252700","Down"
416.568467259174,-1.26338275145913,0.121958028296316,-10.3591601890246,3.80286226179373e-25,1.42072321830632e-23,"Os09g0407950","Down"
69.4662808196703,-1.21210164396039,0.288864217053546,-4.19609481687966,2.71556599359841e-05,0.000162985827387429,"Os09g0261400","Down"
78.6450125455983,-1.05362470646431,0.257893092670025,-4.08550960227706,4.39801815544315e-05,0.000252343987531117,"Os09g0121000","Down"
2264.7899587606,-2.03166439080407,0.0905085236984637,-22.4472161050015,1.36241257099346e-111,5.75080446571134e-109,"Os09g0528700","Down"
44.4909799875489,-1.05567041203806,0.333938151896313,-3.16127524226654,0.0015707999104263,0.00616568941939851,"Os09g0442400","Down"
47.7430524287387,-1.14337387805789,0.327279770930352,-3.49356721561995,0.000476612985285857,0.00215832598945986,"Os09g0396900","Down"
110.632425745804,-1.51016546848827,0.219462483589604,-6.88120103166372,5.93500248836463e-12,8.78784321326911e-11,"Os09g0353200","Down"
69.1260196043114,-2.46443790127882,0.300529496712824,-8.20031953014502,2.39748910532945e-16,5.09416899983638e-15,"Os09g0544400","Down"
25.2808399371983,-2.60855182809543,0.562306874167946,-4.63901820861669,3.50068213119282e-06,2.48251733581404e-05,"Os09g0549300","Down"
73.7369153027054,-1.20382121503387,0.278301175348789,-4.32560593222487,1.52113145643796e-05,9.60891639926778e-05,"Os09g0513500","Down"
40.1479837686957,-1.43741941849406,0.357592143066064,-4.01971756473549,5.82679516868917e-05,0.000325670501735505,"Os09g0407650","Down"
40.7978924271863,-2.33002038586304,0.37723889585831,-6.17651151947542,6.55334302500773e-10,7.81015988580883e-09,"Os09g0565300","Down"
240.600179460221,-1.16006996880361,0.156996207113843,-7.38915920409726,1.47760165443023e-13,2.53414508119717e-12,"Os09g0314200","Down"
68.5393382650191,-1.08148178461949,0.280655546398635,-3.85341319099885,0.000116482573650563,0.000609030073102528,"Os09g0482640","Down"
1195.9201218106,-1.24616467220925,0.0939366382317575,-13.2660130878301,3.64461849911641e-40,2.65653236529668e-38,"Os09g0553900","Down"
104.278999504751,-1.65464961784949,0.24320018180337,-6.8036528820825,1.01999136665648e-11,1.47854309791963e-10,"Os09g0240200","Down"
50.8675231244684,-1.21046828892392,0.356014082023124,-3.40005732932018,0.000673717260548045,0.00292723887625738,"Os09g0455000","Down"
2185.72030176197,-2.02555881787492,0.0963244489406762,-21.0285014879494,3.59837670659228e-98,1.18332199580391e-95,"Os09g0528500","Down"
21.2296647106271,-1.98545832309487,0.529181798837037,-3.75193993341841,0.000175471510933247,0.000879854293401557,"Os09g0522100","Down"
434.968463648775,-1.03026130021669,0.116772467769219,-8.82281003303646,1.11622618129079e-18,2.83884825837093e-17,"Os09g0491660","Down"
7.320731050251,-4.52284023643067,1.27326905401195,-3.55214808855962,0.000382099748326752,0.00177063132597556,"Os09g0565350","Down"
20.4774271016748,-1.90041654228532,0.503496054322116,-3.77444177759039,0.000160366354996189,0.000811180364494391,"Os09g0385700","Down"
56.774100714569,-1.27664027437832,0.303735241292656,-4.20313516780308,2.63243285139386e-05,0.000158669721803644,"Os09g0522500","Down"
62.8033805809747,-1.06473611648767,0.2855595146621,-3.7285961833475,0.000192549416337823,0.000955852210540631,"Os09g0376000","Down"
40.6819748281082,-1.04773143830573,0.357168505283848,-2.93343736305383,0.00335231288565797,0.011972062219888,"Os09g0455500","Down"
24.1139313324804,-1.73034309106987,0.481770981997494,-3.5916299564071,0.000328616237680455,0.00154429973709554,"Os09g0524001","Down"
48.5536172351688,-1.72373763804786,0.355692989591644,-4.84613891329939,1.25887387612276e-06,9.65876616674659e-06,"Os09g0473350","Down"
659.089834410727,-1.26311340497195,0.10715021308727,-11.7882491184892,4.48773762060923e-32,2.35032791941573e-30,"Os09g0286600","Down"
409.464767793732,-1.34436793623914,0.117468591202551,-11.4444884583748,2.50578159146324e-30,1.20520423789408e-28,"Os09g0484800","Down"
35.4047760618714,-1.11228653148137,0.398136061758969,-2.79373470106495,0.00521032045002953,0.0174932780677058,"Os09g0503000","Down"
94.0975643464909,-1.23256665778073,0.231487184421859,-5.32455678209176,1.01199486950219e-07,9.07714142226176e-07,"Os09g0517600","Down"
3487.70835167516,-1.00889788595308,0.0539743629571427,-18.6921684792125,5.73345409389219e-78,1.27675445062492e-75,"Os09g0420800","Down"
630.561846571945,-1.11200530731625,0.0974826407996747,-11.4072136145901,3.84860857441276e-30,1.82315743874317e-28,"Os09g0448200","Down"
34.6740907027378,-1.14147754358003,0.381724345617446,-2.99031894791429,0.00278686285091105,0.0101999829541369,"Os09g0345300","Down"
186.279456966215,-1.4887248082487,0.209799228890826,-7.09594985701019,1.28466053455393e-12,2.01953777530404e-11,"Os09g0469950","Down"
61.3030914139046,-1.07868378679864,0.299755716848984,-3.59854283393728,0.000320005150701121,0.00150773321409726,"Os09g0526300","Down"
22.4038645692526,-2.04889075550106,0.520007858736897,-3.94011498302705,8.14425638392711e-05,0.000440818592906876,"Os09g0472700","Down"
102.615200449648,-1.86783097866354,0.249876115601532,-7.47502807207915,7.71873751322319e-14,1.35082682927887e-12,"Os09g0498300","Down"
67.4733746345479,-3.34421122942425,0.352575193127865,-9.48510075185985,2.42149041092037e-21,7.29309587979115e-20,"Os09g0511200","Down"
15.1828018922718,-1.97002067131139,0.58949099794462,-3.34190119642245,0.000832066731969414,0.0035301048975138,"Os09g0473800","Down"
48.5808117671732,-1.24261124534029,0.402889537326627,-3.08424798912783,0.00204067416043069,0.00776956191857031,"EPlORYSAT000373852","Down"
5.32970955579369,-2.89538581861952,1.18386705433423,-2.44570182776798,0.014457050711222,0.0419171469309073,"gene-ndhA","Down"
154.925524479391,-1.10236955445279,0.197888414825783,-5.57066241307402,2.53772624692849e-08,2.48165407985424e-07,"gene-psbB","Down"
